fact_id,qid,name_a_dev,name_a_lat,name_b_dev,name_b_lat,dev_lang,relation_tier_num,relation_tier,name_b_dev_source,name_b_lat_source,generated_lat,name_b_cross_score,occupation_qids,country_qids,lang_priority,a_b_dev_similarity,audit_pass,issues,split,sim_first_name,sim_second_name,devanagari_pair_similarity,machine_notes,same_person,both_are_real_names,two_scripts_same_name_a,two_scripts_same_name_b,keep,reviewer_notes,source_url,review_method,corpus_batch,name_a_dev_source,name_a_lat_source,name_a_cross_score,a_b_lat_similarity,sitelink_count
q1001,Q1001,महात्मा गांधी,Mahatma Gandhi,बापू,Bapu,hi,2,explicit_plus_alias:nickname,verified_hindi,alias,FALSE,100,Q1021386|Q11774156|Q11774202|Q15958642|Q16003550|Q16323111|Q17351648|Q185351|Q18814623|Q1930187|Q22336956|Q30242234|Q3242115|Q36180|Q40348|Q482980|Q4964182|Q808967|Q82955,Q129286|Q1775277|Q668,0,12.5,1,,train,0.83,0.8,0,,yes,yes,yes,yes,yes,,https://www.wikidata.org/wiki/Q1001,aligned_google_en_to_hi_plus_manual_verification,hindi_converted_601,verified_hindi,,,,
q101251352,Q101251352,सूरज येंगड़े,Suraj Yengde,सूरज मिलिंद येंगड़े,Suraj Milind Yengde,hi,1,explicit_observed:birth_name,google_en_to_hi,P1477,FALSE,77.77777778,Q2248623|Q482980,Q668,0,75,1,,test,0.82,0.88,0.8,,yes,yes,yes,yes,yes,,https://www.wikidata.org/wiki/Q101251352,aligned_google_en_to_hi_plus_manual_verification,hindi_converted_601,google_en_to_hi,,,,
q10218,Q10218,राहुल गाँधी,Rahul Gandhi,रागा,RaGa,hi,2,explicit_plus_alias:nickname,verified_hindi,P1449,FALSE,100,Q82955,Q668,0,57.14285714,1,,test,0.88,0.8,0.57,,yes,yes,yes,yes,yes,,https://www.wikidata.org/wiki/Q10218,aligned_google_en_to_hi_plus_manual_verification,hindi_converted_601,verified_hindi,,,,
q104651,Q104651,जॉन सी. माथेर,John C. Mather,जॉन क्रॉमवेल माथेर,John Cromwell Mather,hi,2,explicit_plus_alias:birth_name,google_en_to_hi,P1477,FALSE,65,Q11063|Q1650915|Q169470|Q752129,Q30,0,58.33333333,1,,train,0.67,0.74,0.62,,yes,yes,yes,yes,yes,,https://www.wikidata.org/wiki/Q104651,aligned_google_en_to_hi_plus_manual_verification,hindi_converted_601,google_en_to_hi,,,,
q1047,Q1047,जवाहरलाल नेहरू,Jawaharlal Nehru,नेहरू,Nehru,hi,3,alias_observed,google_en_to_hi,alias,FALSE,90.90909091,Q15627169|Q18814623|Q2285706|Q30242234|Q36180|Q808967|Q82955,Q129286|Q1775277|Q668,0,55.55555556,1,,train,0.84,0.91,0.5,one Latin name contains the other,yes,yes,yes,yes,yes,,https://www.wikidata.org/wiki/Q1047,aligned_google_en_to_hi_plus_manual_verification,hindi_converted_601,google_en_to_hi,,,,
q1058,Q1058,नरेंद्र मोदी,Narendra Modi,नरेंद्रभाई दामोदरदास मोदी,Narendrabhai Damodardas Modi,hi,1,explicit_observed:birth_name,google_en_to_hi,P1477,FALSE,92.59259259,Q10429346|Q36180|Q7019111|Q82955,Q668,0,64.70588235,1,,train,0.87,0.85,0.6,,yes,yes,yes,yes,yes,,https://www.wikidata.org/wiki/Q1058,aligned_google_en_to_hi_plus_manual_verification,hindi_converted_601,google_en_to_hi,,,,
q105868,Q105868,गैब्रिएला सबातिनी,Gabriela Sabatini,गैब्रिएला बीट्रिज़ सबातिनी,Gabriela Beatriz Sabatini,hi,2,explicit_plus_alias:birth_name,google_en_to_hi,P1477,FALSE,80.76923077,Q10833314,Q38|Q414,0,79.06976744,1,,validation,0.78,0.72,0.78,,yes,yes,yes,yes,yes,,https://www.wikidata.org/wiki/Q105868,aligned_google_en_to_hi_plus_manual_verification,hindi_converted_601,google_en_to_hi,,,,
q105887,Q105887,ह्यूगो अल्मेडा,Hugo Almeida,ह्यूगो मिगुएल परेरा डी अल्मेडा,Hugo Miguel Pereira de Almeida,hi,2,explicit_plus_alias:birth_name,google_en_to_hi,P1477,FALSE,84,Q628099|Q937857,Q45,0,64.70588235,1,,train,0.87,0.82,0.63,,yes,yes,yes,yes,yes,,https://www.wikidata.org/wiki/Q105887,aligned_google_en_to_hi_plus_manual_verification,hindi_converted_601,google_en_to_hi,,,,
q11256,Q11256,फिदेल कास्त्रो,Fidel Castro,फिदेल अलेजान्द्रो कास्त्रो रुज़,Fidel Alejandro Castro Ruz,hi,2,explicit_plus_alias:birth_name,verified_hindi,P1477,FALSE,85.71428571,Q10800557|Q183318|Q185351|Q1930187|Q212948|Q3242115|Q372436|Q40348|Q48352|Q82955,Q241,0,63.41463415,1,,train,0.75,0.82,0.64,,yes,yes,yes,yes,yes,,https://www.wikidata.org/wiki/Q11256,aligned_google_en_to_hi_plus_manual_verification,hindi_converted_601,verified_hindi,,,,
q1132040,Q1132040,निल्स वॉन डार्डेल,Nils von Dardel,निल्स एलियास क्रिस्टोफर वॉन डार्डेल,Nils Elias Kristofer von Dardel,hi,2,explicit_plus_alias:birth_name,google_en_to_hi,P1477,FALSE,77.41935484,Q1028181|Q483501,Q34,0,65.2173913,1,,train,0.8,0.79,0.64,,yes,yes,yes,yes,yes,,https://www.wikidata.org/wiki/Q1132040,aligned_google_en_to_hi_plus_manual_verification,hindi_converted_601,google_en_to_hi,,,,
q1149,Q1149,इंदिरा गांधी,Indira Gandhi,इंदिरा नेहरू,Indira Nehru,hi,1,explicit_observed:birth_name,google_en_to_hi,P1477,FALSE,95.65217391,Q36180|Q82955,Q129286|Q1775277|Q668,0,43.47826087,1,,validation,0.89,0.92,0.5,,yes,yes,yes,yes,yes,,https://www.wikidata.org/wiki/Q1149,aligned_google_en_to_hi_plus_manual_verification,hindi_converted_601,google_en_to_hi,,,,
q116070,Q116070,स्कॉट चिपरफ़ील्ड,Scott Chipperfield,स्कॉट केनेथ चिपरफ़ील्ड,Scott Kenneth Chipperfield,hi,2,explicit_plus_alias:birth_name,google_en_to_hi,P1477,FALSE,64,Q628099|Q937857,Q408,0,84.84848485,1,,test,0.67,0.74,0.86,"the two Devanagari names are 86% similar, so Dev-Dev is near-trivial while Lat-Lat is not",yes,yes,yes,yes,yes,,https://www.wikidata.org/wiki/Q116070,aligned_google_en_to_hi_plus_manual_verification,hindi_converted_601,google_en_to_hi,,,,
q11662,Q11662,स्टेफ़ी ग्राफ़,Steffi Graf,स्टेफ़नी मारिया ग्राफ़,Stephanie Maria Graf,hi,2,explicit_plus_alias:birth_name,google_en_to_hi,P1477,FALSE,78.94736842,Q10833314|Q2066131|Q33999,Q183,0,68.96551724,1,,train,0.58,0.67,0.75,,yes,yes,yes,yes,yes,,https://www.wikidata.org/wiki/Q11662,aligned_google_en_to_hi_plus_manual_verification,hindi_converted_601,google_en_to_hi,,,,
q116768,Q116768,के. डी. सेठना,K. D. Sethna,अमल किरण,Amal Kiran,hi,2,explicit_plus_alias:pseudonym,google_en_to_hi,P742,FALSE,90,Q1607826|Q201788|Q36180|Q4263842|Q49757,Q129286|Q668,0,12.5,1,,train,0.73,0.82,0.18,,yes,yes,yes,yes,yes,,https://www.wikidata.org/wiki/Q116768,aligned_google_en_to_hi_plus_manual_verification,hindi_converted_601,google_en_to_hi,,,,
q118351900,Q118351900,अथर्व ढेकने,Atharva Dhekne,टैसिटोनिक,tacitonic,hi,2,explicit_plus_alias:pseudonym,google_en_to_hi,P742,FALSE,60.86956522,Q128124|Q47541952|Q639669|Q6785368|Q6884071,,0,10.52631579,1,,test,0.85,0.55,0.17,could not verify the entity: alias 'tacitonic' looks like a handle; entity very obscure,yes,yes,yes,yes,yes,,https://www.wikidata.org/wiki/Q118351900,aligned_google_en_to_hi_plus_manual_verification,hindi_converted_601,google_en_to_hi,,,,
q121180,Q121180,व्लाडिसलाव रेमोंट,Władysław Reymont,व्लाडिसलाव स्टैनिस्लाव रिजमेंट,Władysław Stanisław Rejment,hi,2,explicit_plus_alias:birth_name,google_en_to_hi,P1477,FALSE,58.82352941,Q12144794|Q28389|Q36180|Q482980|Q6625963,Q207272|Q34266,0,65.11627907,1,,train,0.5,0.52,0.55,,yes,yes,yes,yes,yes,,https://www.wikidata.org/wiki/Q121180,aligned_google_en_to_hi_plus_manual_verification,hindi_converted_601,google_en_to_hi,,,,
q12897,Q12897,पेले,Pelé,एडिसन अरांटिस डो नैसिमेंटो,Edson Arantes do Nascimento,hi,2,explicit_plus_alias:birth_name,verified_hindi,P1477,FALSE,74.50980392,Q10800557|Q2066131|Q33999|Q36834|Q639669|Q82955|Q937857,Q155,0,7.407407407,1,,train,1,0.79,0,,yes,yes,yes,yes,yes,,https://www.wikidata.org/wiki/Q12897,aligned_google_en_to_hi_plus_manual_verification,hindi_converted_601,verified_hindi,,,,
q13021,Q13021,विनोबा भावे,Vinoba Bhave,विनायक नरहरि भावे,Vinayak Narahari Bhave,hi,3,alias_observed,verified_hindi,alias,FALSE,97.56097561,Q1476215|Q16611574|Q36180|Q4964182|Q82955,Q129286|Q1775277|Q668,0,64,1,,validation,0.92,0.84,0.53,,yes,yes,yes,yes,yes,,https://www.wikidata.org/wiki/Q13021,aligned_google_en_to_hi_plus_manual_verification,hindi_converted_601,verified_hindi,,,,
q131318,Q131318,जुआन रामोन जिमेनेज़,Juan Ramón Jiménez,जुआन रेमन जिमेनेज़ मंटेकोन,Juan Ramón Jiménez Mantecón,hi,2,explicit_plus_alias:birth_name,google_en_to_hi,P1477,FALSE,59.25925926,Q36180|Q49757|Q8178443,Q29,0,81.08108108,1,,train,0.73,0.73,0.83,one Latin name contains the other,yes,yes,yes,yes,yes,,https://www.wikidata.org/wiki/Q131318,aligned_google_en_to_hi_plus_manual_verification,hindi_converted_601,google_en_to_hi,,,,
q131333,Q131333,जॉर्ज एलियट,George Eliot,मैरी ऐनी इवांस,Mary Anne Evans,hi,2,explicit_plus_alias:birth_name,google_en_to_hi,P1477,FALSE,57.14285714,Q11774202|Q1607826|Q1930187|Q333634|Q36180|Q4964182|Q49757|Q6625963,Q174193,0,16.66666667,1,,train,0.45,0.57,0.25,,yes,yes,yes,yes,yes,,https://www.wikidata.org/wiki/Q131333,aligned_google_en_to_hi_plus_manual_verification,hindi_converted_601,google_en_to_hi,,,,
q131660,Q131660,डोमिनिक डी विलेपिन,Dominique de Villepin,डोमिनिक मैरी फ्रांकोइस रेने गैलोज़्यू डी विलेपिन,Dominique Marie François René Galouzeau de Villepin,hi,2,explicit_plus_alias:birth_name,google_en_to_hi,P1477,FALSE,59.77011494,Q10732476|Q193391|Q20771242|Q2285706|Q36180|Q40348|Q486839|Q6501749|Q7330070|Q82955|Q83307,Q142,0,63.15789474,1,,test,0.58,0.58,0.62,,yes,yes,yes,yes,yes,,https://www.wikidata.org/wiki/Q131660,aligned_google_en_to_hi_plus_manual_verification,hindi_converted_601,google_en_to_hi,,,,
q132524,Q132524,एयन रैण्ड,Ayn Rand,अलिसा ज़िनोवयेवना रोसेनबाम,Alisa Zinovyevna Rosenbaum,hi,2,explicit_plus_alias:birth_name,google_en_to_hi,P1477,FALSE,84.61538462,Q11774202|Q18844224|Q1930187|Q214917|Q28389|Q36180|Q4263842|Q4964182|Q6625963,Q139319|Q15180|Q2184|Q223050|Q30|Q34266,0,18.75,1,,train,0.8,0.83,0.3,,yes,yes,yes,yes,yes,,https://www.wikidata.org/wiki/Q132524,aligned_google_en_to_hi_plus_manual_verification,hindi_converted_601,google_en_to_hi,,,,
q133050,Q133050,सुसान सरंडन,Susan Sarandon,सुसान अबीगैल टोमालिन,Susan Abigail Tomalin,hi,2,explicit_plus_alias:birth_name,google_en_to_hi,P1477,FALSE,82.92682927,Q10798782|Q10800557|Q15253558|Q2405480|Q3282637|Q33999,Q30,0,45.16129032,1,,train,0.6,0.78,0.44,,yes,yes,yes,yes,yes,,https://www.wikidata.org/wiki/Q133050,aligned_google_en_to_hi_plus_manual_verification,hindi_converted_601,google_en_to_hi,,,,
q134463226,Q134463226,फ़र्की शीक्स,Furky Sheeks,फुरकान मामूर,Furkan Mamur,hi,2,explicit_plus_alias:birth_name,google_en_to_hi,P1477,FALSE,76.92307692,Q1053574|Q2252262|Q2405480|Q266569|Q28389|Q488205|Q639669|Q7042855|Q779815,Q43,0,36.36363636,1,,train,0.58,0.77,0.46,could not verify the entity: 'Furky Sheeks' looks like a handle; entity very obscure,yes,yes,yes,yes,yes,,https://www.wikidata.org/wiki/Q134463226,aligned_google_en_to_hi_plus_manual_verification,hindi_converted_601,google_en_to_hi,,,,
q134741,Q134741,केमिली पिस्सारो,Camille Pissarro,जैकब अब्राहम केमिली पिस्सारो,Jacob Abraham Camille Pissarro,hi,2,explicit_plus_alias:birth_name,google_en_to_hi,P1477,FALSE,71.69811321,Q1028181|Q11569986|Q16947657|Q1925963|Q2079935|Q20857490,Q142|Q756617,0,64.70588235,1,,train,0.62,0.65,0.6,one Latin name contains the other,yes,yes,yes,yes,yes,,https://www.wikidata.org/wiki/Q134741,aligned_google_en_to_hi_plus_manual_verification,hindi_converted_601,manual,,,,
q135610,Q135610,ब्रेट होल्मन,Brett Holman,ब्रेट ट्रेवर होल्मन,Brett Trevor Holman,hi,2,explicit_plus_alias:birth_name,google_en_to_hi,P1477,FALSE,78.94736842,Q937857,Q408,0,71.42857143,1,,train,0.95,0.88,0.74,,yes,yes,yes,yes,yes,,https://www.wikidata.org/wiki/Q135610,aligned_google_en_to_hi_plus_manual_verification,hindi_converted_601,google_en_to_hi,,,,
q1384896,Q1384896,मार्सेल-पॉल शुट्ज़ेनबर्गर,Marcel-Paul Schützenberger,मार्को शुट्ज़ेनबर्गर,Marco Schützenberger,hi,2,explicit_plus_alias:pseudonym,google_en_to_hi,P742,FALSE,60,Q1622272|Q170790|Q2732142|Q39631|Q82594,Q142,0,81.81818182,1,,train,0.71,0.74,0.81,,yes,yes,yes,yes,yes,,https://www.wikidata.org/wiki/Q1384896,aligned_google_en_to_hi_plus_manual_verification,hindi_converted_601,google_en_to_hi,,,,
q1428440,Q1428440,माइकल क्लार्क,Michael Clarke,माइकल जॉन क्लार्क,Michael John Clarke,hi,2,explicit_plus_alias:birth_name,google_en_to_hi,P1477,FALSE,59.45945946,Q12299841,Q408,0,89.65517241,1,,train,0.62,0.65,0.89,"the two Devanagari names are 89% similar, so Dev-Dev is near-trivial while Lat-Lat is not",yes,yes,yes,yes,yes,,https://www.wikidata.org/wiki/Q1428440,aligned_google_en_to_hi_plus_manual_verification,hindi_converted_601,google_en_to_hi,,,,
q146929,Q146929,अजय देवगन,Ajay Devgn,विशाल वीरू देवगन,Vishal Veeru Devgan,hi,2,explicit_plus_alias:birth_name,google_en_to_hi,alias,FALSE,80,Q10800557|Q2526255|Q3282637|Q33999|Q43845,Q668,0,36.36363636,1,,train,0.89,0.8,0.38,,yes,yes,yes,yes,yes,,https://www.wikidata.org/wiki/Q146929,aligned_google_en_to_hi_plus_manual_verification,hindi_converted_601,google_en_to_hi,,,,
q147589,Q147589,कोलो टूरे,Kolo Touré,कोलो अबीब टूरे,Kolo Abib Touré,hi,2,explicit_plus_alias:birth_name,google_en_to_hi,P1477,FALSE,81.48148148,Q628099|Q937857,Q1008,0,80,1,,test,0.89,0.85,0.73,,yes,yes,yes,yes,yes,,https://www.wikidata.org/wiki/Q147589,aligned_google_en_to_hi_plus_manual_verification,hindi_converted_601,google_en_to_hi,,,,
q148285,Q148285,ओशो,Osho,चंद्र मोहन जैन,Chandra Mohan Jain,hi,1,explicit_observed:birth_name,google_en_to_hi,P1477,FALSE,90.90909091,Q12328016|Q15995642|Q18814623|Q36180|Q37226|Q484260,Q129286|Q1775277|Q668,0,12.5,1,,train,1,0.86,0,,yes,yes,yes,yes,yes,,https://www.wikidata.org/wiki/Q148285,aligned_google_en_to_hi_plus_manual_verification,hindi_converted_601,google_en_to_hi,,,,
q150552,Q150552,फ्रांज वॉन पापेन,Franz von Papen,फ्रांज जोसेफ हरमन माइकल मारिया वॉन पापेन,Franz Joseph Hermann Michael Maria von Papen,hi,2,explicit_plus_alias:birth_name,google_en_to_hi,P1477,FALSE,68.96551724,Q189290|Q193391|Q302691|Q47064|Q82955,Q1206012|Q183,0,58.18181818,1,,train,0.62,0.72,0.56,,yes,yes,yes,yes,yes,,https://www.wikidata.org/wiki/Q150552,aligned_google_en_to_hi_plus_manual_verification,hindi_converted_601,google_en_to_hi,,,,
q150688,Q150688,पोर्फिरियो डियाज़,Porfirio Díaz,जोस डे ला क्रूज़ पोर्फिरियो डियाज़ मोरी,José de la Cruz Porfirio Díaz Mori,hi,2,explicit_plus_alias:birth_name,google_en_to_hi,P1477,FALSE,58.46153846,Q47064|Q82955,Q96,0,59.57446809,1,,test,0.69,0.65,0.64,one Latin name contains the other,yes,yes,yes,yes,yes,,https://www.wikidata.org/wiki/Q150688,aligned_google_en_to_hi_plus_manual_verification,hindi_converted_601,google_en_to_hi,,,,
q15081116,Q15081116,डेल्सी रोड्रिग्ज,Delcy Rodriguez,डेल्सी एलोइना रोड्रिग्ज गोमेज़,Delcy Eloína Rodríguez Gómez,hi,2,explicit_plus_alias:birth_name,google_en_to_hi,P1477,FALSE,61.81818182,Q185351|Q193391|Q40348|Q4825937|Q82955,Q717,0,73.17073171,1,,train,0.67,0.74,0.7,,yes,yes,yes,yes,yes,,https://www.wikidata.org/wiki/Q15081116,aligned_google_en_to_hi_plus_manual_verification,hindi_converted_601,google_en_to_hi,,,,
q156347,Q156347,लता मंगेशकर,Lata Mangeshkar,लता जी,Lataji,hi,3,alias_observed,verified_hindi,alias,FALSE,100,Q10800557|Q1415090|Q1755412|Q177220|Q3282637|Q639669,Q668,0,40,1,,train,0.85,0.77,0.4,,yes,yes,yes,yes,yes,,https://www.wikidata.org/wiki/Q156347,aligned_google_en_to_hi_plus_manual_verification,hindi_converted_601,verified_hindi,,,,
q156501,Q156501,सआदत हसन मंटो,Saadat Hasan Manto,मंटो,Manto,hi,2,explicit_plus_alias:pseudonym,verified_hindi,P742,FALSE,80,Q15949613|Q1930187|Q28389|Q333634|Q36180|Q6625963,Q129286|Q2006542|Q668|Q843,0,53.33333333,1,,test,0.83,0.8,0.36,one Latin name contains the other,yes,yes,yes,yes,yes,,https://www.wikidata.org/wiki/Q156501,aligned_google_en_to_hi_plus_manual_verification,hindi_converted_601,verified_hindi,,,,
q1615,Q1615,नील आर्मस्ट्रांग,Neil Armstrong,नील एल्डन आर्मस्ट्रांग,Neil Alden Armstrong,hi,2,explicit_plus_alias:birth_name,google_en_to_hi,P1477,FALSE,82.92682927,Q10497074|Q11631|Q1622272|Q2095549|Q730242|Q7890793,Q30,0,72.22222222,1,,train,0.76,0.85,0.82,,yes,yes,yes,yes,yes,,https://www.wikidata.org/wiki/Q1615,aligned_google_en_to_hi_plus_manual_verification,hindi_converted_601,google_en_to_hi,,,,
q16382,Q16382,श्रीमद राजचन्द्र,Shrimad Rajchandra,कवि,Kavi,hi,3,alias_observed,verified_hindi,alias,FALSE,100,Q4964182,Q129286,0,0,1,,test,0.81,0.86,0,,yes,yes,yes,yes,yes,,https://www.wikidata.org/wiki/Q16382,aligned_google_en_to_hi_plus_manual_verification,hindi_converted_601,verified_hindi,,,,
q163900,Q163900,फ्रांसिस जेवियर,Francis Xavier,गोयचो सैब,Gõycho Saib,hi,1,explicit_observed:nickname,google_en_to_hi,P1449,FALSE,72.72727273,Q11900058|Q1469535|Q219477|Q36180|Q98833890,Q200262|Q217196,0,8,1,,train,0.55,0.86,0.13,,yes,yes,yes,yes,yes,,https://www.wikidata.org/wiki/Q163900,aligned_google_en_to_hi_plus_manual_verification,hindi_converted_601,google_en_to_hi,,,,
q173714,Q173714,मैक्स यूवे,Max Euwe,मैकगिलिस यूवे,Machgielis Euwe,hi,2,explicit_plus_alias:birth_name,google_en_to_hi,P1477,FALSE,60,Q10873124|Q15916915|Q1622272|Q170790|Q36180|Q82594,Q29999,0,76.92307692,1,,test,0.35,0.6,0.8,,yes,yes,yes,yes,yes,,https://www.wikidata.org/wiki/Q173714,aligned_google_en_to_hi_plus_manual_verification,hindi_converted_601,google_en_to_hi,,,,
q180383,Q180383,हेलेन क्लार्क,Helen Clark,हेलेन एलिजाबेथ क्लार्क,Helen Elizabeth Clark,hi,2,explicit_plus_alias:birth_name,google_en_to_hi,P1477,FALSE,76.19047619,Q1238570|Q1622272|Q82955,Q664,0,73.33333333,1,,train,0.8,0.8,0.74,,yes,yes,yes,yes,yes,,https://www.wikidata.org/wiki/Q180383,aligned_google_en_to_hi_plus_manual_verification,hindi_converted_601,google_en_to_hi,,,,
q181383,Q181383,महाथिर मोहम्मद,Mahathir Mohamad,महाथिर बिन मोहम्मद,Mahathir bin Mohamad,hi,2,explicit_plus_alias:birth_name,google_en_to_hi,P1477,FALSE,90,Q18814623|Q2285706|Q2994387|Q3555589|Q36180|Q39631|Q61061|Q82955,Q833|Q871091,0,82.75862069,1,,train,0.79,0.86,0.8,,yes,yes,yes,yes,yes,,https://www.wikidata.org/wiki/Q181383,aligned_google_en_to_hi_plus_manual_verification,hindi_converted_601,google_en_to_hi,,,,
q182870,Q182870,मारियो प्यूज़ो,Mario Puzo,मारियो जियानलुइगी पूज़ो,Mario Gianluigi Puzo,hi,2,explicit_plus_alias:birth_name,google_en_to_hi,P1477,FALSE,75,Q18844224|Q193391|Q28389|Q36180|Q6625963,Q30,0,66.66666667,1,,validation,0.76,0.71,0.62,,yes,yes,yes,yes,yes,,https://www.wikidata.org/wiki/Q182870,aligned_google_en_to_hi_plus_manual_verification,hindi_converted_601,google_en_to_hi,,,,
q184218,Q184218,रयान बेबेल,Ryan Babel,रयान गुनो बेबेल,Ryan Guno Babel,hi,2,explicit_plus_alias:birth_name,google_en_to_hi,P1477,FALSE,89.65517241,Q937857,Q29999,0,81.81818182,1,,train,0.8,0.86,0.86,"the two Devanagari names are 86% similar, so Dev-Dev is near-trivial while Lat-Lat is not",yes,yes,yes,yes,yes,,https://www.wikidata.org/wiki/Q184218,aligned_google_en_to_hi_plus_manual_verification,hindi_converted_601,google_en_to_hi,,,,
q184572,Q184572,मार्टिन शीन,Martin Sheen,रेमन एंटोनियो गेरार्डो एस्टेवेज़,Ramon Antonio Gerardo Estevez,hi,2,explicit_plus_alias:birth_name,google_en_to_hi,P1477,FALSE,85.18518519,Q10798782|Q10800557|Q15253558|Q2059704|Q2259451|Q2405480|Q2526255|Q3282637|Q33999|Q3455803|Q578109,Q27|Q30,0,21.05263158,1,,train,0.75,0.81,0.26,,yes,yes,yes,yes,yes,,https://www.wikidata.org/wiki/Q184572,aligned_google_en_to_hi_plus_manual_verification,hindi_converted_601,google_en_to_hi,,,,
q193517,Q193517,एमिली ब्लंट,Emily Blunt,एमिली ओलिविया लिआ ब्लंट,Emily Olivia Leah Blunt,hi,2,explicit_plus_alias:birth_name,google_en_to_hi,P1477,FALSE,71.42857143,Q10798782|Q10800557|Q2259451|Q28389|Q33999,Q145|Q30,0,64.51612903,1,,test,0.76,0.73,0.67,,yes,yes,yes,yes,yes,,https://www.wikidata.org/wiki/Q193517,aligned_google_en_to_hi_plus_manual_verification,hindi_converted_601,google_en_to_hi,,,,
q193568,Q193568,नूनो गोम्स,Nuno Gomes,नूनो मिगुएल सोरेस परेरा रिबेरो,Nuno Miguel Soares Pereira Ribeiro,hi,2,explicit_plus_alias:birth_name,google_en_to_hi,P1477,FALSE,88.13559322,Q937857,Q45,0,40,1,,train,0.94,0.9,0.4,,yes,yes,yes,yes,yes,,https://www.wikidata.org/wiki/Q193568,aligned_google_en_to_hi_plus_manual_verification,hindi_converted_601,google_en_to_hi,,,,
q19848,Q19848,लेडी गागा,Lady Gaga,स्टेफनी जोआन एंजेलिना जर्मनोटा,Stefani Joanne Angelina Germanotta,hi,2,explicit_plus_alias:birth_name,google_en_to_hi,P1477,FALSE,76.66666667,Q10798782|Q10800557|Q12362622|Q15253558|Q177220|Q2059704|Q2405480|Q2526255|Q36834|Q488205|Q753110,Q30,0,22.22222222,1,,train,0.6,0.71,0.1,,yes,yes,yes,yes,yes,,https://www.wikidata.org/wiki/Q19848,aligned_google_en_to_hi_plus_manual_verification,hindi_converted_601,google_en_to_hi,,,,
q201656,Q201656,निक जोनास,Nick Jonas,निकोलस जेरी जोनास,Nicholas Jerry Jonas,hi,2,explicit_plus_alias:birth_name,google_en_to_hi,P1477,FALSE,77.77777778,Q102277154|Q177220|Q33999|Q36834|Q488205,Q30,0,63.63636364,1,,validation,0.89,0.73,0.71,,yes,yes,yes,yes,yes,,https://www.wikidata.org/wiki/Q201656,aligned_google_en_to_hi_plus_manual_verification,hindi_converted_601,google_en_to_hi,,,,
q202237,Q202237,लैंडन डोनोवन,Landon Donovan,लैंडन टिमोथी डोनोवन,Landon Timothy Donovan,hi,2,explicit_plus_alias:birth_name,google_en_to_hi,P1477,FALSE,80.95238095,Q2986228|Q628099|Q937857,Q30,0,81.25,1,,train,0.79,0.77,0.84,,yes,yes,yes,yes,yes,,https://www.wikidata.org/wiki/Q202237,aligned_google_en_to_hi_plus_manual_verification,hindi_converted_601,google_en_to_hi,,,,
q206181,Q206181,हैंक विलियम्स,Hank Williams,ल्यूक द ड्रिफ्टर,Luke the Drifter,hi,2,explicit_plus_alias:pseudonym,google_en_to_hi,P742,FALSE,55.17241379,Q177220|Q21234378|Q2914170|Q36834|Q488205|Q55960555|Q66763670|Q855091,Q30,0,26.08695652,1,,train,0.67,0.59,0.13,,yes,yes,yes,yes,yes,,https://www.wikidata.org/wiki/Q206181,aligned_google_en_to_hi_plus_manual_verification,hindi_converted_601,google_en_to_hi,,,,
q214903,Q214903,डिएगो गोडिन,Diego Godín,डिएगो रॉबर्टो गोडिन लील,Diego Roberto Godín Leal,hi,2,explicit_plus_alias:birth_name,google_en_to_hi,P1477,FALSE,85.10638298,Q937857,Q77,0,64.70588235,1,,train,0.91,0.91,0.63,,yes,yes,yes,yes,yes,,https://www.wikidata.org/wiki/Q214903,aligned_google_en_to_hi_plus_manual_verification,hindi_converted_601,google_en_to_hi,,,,
q2153,Q2153,सुभाष चन्द्र बोस,Subhas Chandra Bose,नेताजी,Netaji,hi,3,alias_observed,verified_hindi,alias,FALSE,100,Q1397808|Q18814623|Q20069267|Q30242234|Q3242115|Q36180|Q82955,Q129286,0,10.52631579,1,,test,0.81,0.86,0,,yes,yes,yes,yes,yes,,https://www.wikidata.org/wiki/Q2153,aligned_google_en_to_hi_plus_manual_verification,hindi_converted_601,verified_hindi,,,,
q219780,Q219780,हंटर एस. थॉम्पसन,Hunter S. Thompson,हंटर स्टॉकटन थॉम्पसन,Hunter Stockton Thompson,hi,2,explicit_plus_alias:birth_name,google_en_to_hi,P1477,FALSE,62.74509804,Q11774202|Q18814623|Q1930187|Q28389|Q33231|Q36180|Q42909|Q6625963|Q82955,Q30,0,75,1,,train,0.8,0.73,0.78,,yes,yes,yes,yes,yes,,https://www.wikidata.org/wiki/Q219780,aligned_google_en_to_hi_plus_manual_verification,hindi_converted_601,google_en_to_hi,,,,
q221454,Q221454,रेने लैकोस्टे,René Lacoste,जीन रेने लैकोस्टे,Jean René Lacoste,hi,2,explicit_plus_alias:birth_name,google_en_to_hi,P1477,FALSE,68.96551724,Q10833314|Q131524|Q13219424|Q2066131|Q3501317|Q41583,Q142,0,81.48148148,1,,test,0.82,0.77,0.86,"the two Devanagari names are 86% similar, so Dev-Dev is near-trivial while Lat-Lat is not; one Latin name contains the other",yes,yes,yes,yes,yes,,https://www.wikidata.org/wiki/Q221454,aligned_google_en_to_hi_plus_manual_verification,hindi_converted_601,google_en_to_hi,,,,
q223233,Q223233,सैम मेंडेस,Sam Mendes,सैमुअल अलेक्जेंडर मेंडेस,Samuel Alexander Mendes,hi,2,explicit_plus_alias:birth_name,google_en_to_hi,P1477,FALSE,68,Q2059704|Q2526255|Q28389|Q3282637|Q3387717|Q3455803|Q578109,Q145,0,54.54545455,1,,train,0.8,0.75,0.53,,yes,yes,yes,yes,yes,,https://www.wikidata.org/wiki/Q223233,aligned_google_en_to_hi_plus_manual_verification,hindi_converted_601,google_en_to_hi,,,,
q2263,Q2263,टॉम हैंक्स,Tom Hanks,थॉमस जेफरी हैंक्स,Thomas Jeffrey Hanks,hi,2,explicit_plus_alias:birth_name,google_en_to_hi,P1477,FALSE,68.42105263,Q1053574|Q10798782|Q10800557|Q15949613|Q2059704|Q22343421|Q2259451|Q2405480|Q245068|Q2526255|Q28389|Q3282637|Q33999|Q3455803|Q36180|Q36834|Q47541952|Q578109|Q639669|Q69423232|Q947873|Q948329,Q30|Q41,0,41.66666667,1,,train,0.82,0.72,0.57,,yes,yes,yes,yes,yes,,https://www.wikidata.org/wiki/Q2263,aligned_google_en_to_hi_plus_manual_verification,hindi_converted_601,google_en_to_hi,,,,
q22686,Q22686,डोनाल्ड ट्रम्प,Donald Trump,डोनाल्ड जॉन ट्रम्प,Donald John Trump,hi,2,explicit_plus_alias:birth_name,google_en_to_hi,P1477,FALSE,76.47058824,Q131524|Q215536|Q22662561|Q3282637|Q33999|Q36180|Q43845|Q484876|Q557880|Q578109|Q7301138|Q82955|Q911554,Q30,0,76.92307692,1,,validation,0.67,0.73,0.88,"the two Devanagari names are 88% similar, so Dev-Dev is near-trivial while Lat-Lat is not",yes,yes,yes,yes,yes,,https://www.wikidata.org/wiki/Q22686,aligned_google_en_to_hi_plus_manual_verification,hindi_converted_601,google_en_to_hi,,,,
q230151,Q230151,रीता मोरेनो,Rita Moreno,रोज़ा डोलोरेस अल्वेरियो मार्कानो,Rosa Dolores Alverío Marcano,hi,2,explicit_plus_alias:birth_name,google_en_to_hi,P1477,FALSE,84.61538462,Q10798782|Q10800557|Q177220|Q2259451|Q2405480|Q33999|Q5716684,Q30,0,37.83783784,1,,validation,0.91,0.82,0.4,,yes,yes,yes,yes,yes,,https://www.wikidata.org/wiki/Q230151,aligned_google_en_to_hi_plus_manual_verification,hindi_converted_601,google_en_to_hi,,,,
q232785,Q232785,फादर डेमियन,Father Damien,जोज़ेफ़ डी वीस्टर,Jozef De Veuster,hi,2,explicit_plus_alias:birth_name,google_en_to_hi,P1477,FALSE,56.25,Q219477|Q250867|Q435940,Q31,0,32,1,,validation,0.48,0.56,0.25,,yes,yes,yes,yes,yes,,https://www.wikidata.org/wiki/Q232785,aligned_google_en_to_hi_plus_manual_verification,hindi_converted_601,google_en_to_hi,,,,
q2355026,Q2355026,एडेन एशले,Aiden Ashley,आयडेन एशले,Ayden Ashley,hi,2,explicit_plus_alias:pseudonym,google_en_to_hi,P742,FALSE,69.56521739,Q488111,Q30,0,80,1,,validation,0.8,0.7,0.83,"could not verify the entity: Aiden/Ayden Ashley, near-identical, obscure",yes,yes,yes,yes,yes,,https://www.wikidata.org/wiki/Q2355026,aligned_google_en_to_hi_plus_manual_verification,hindi_converted_601,google_en_to_hi,,,,
q23559,Q23559,बेनिटो मुसोलिनी,Benito Mussolini,मुसोलिनी,Mussolini,hi,3,alias_observed,google_en_to_hi,alias,FALSE,100,Q1930187|Q37226|Q82955,Q153660|Q172579,0,58.33333333,1,,validation,0.93,0.9,0.67,one Latin name contains the other,yes,yes,yes,yes,yes,,https://www.wikidata.org/wiki/Q23559,aligned_google_en_to_hi_plus_manual_verification,hindi_converted_601,google_en_to_hi,,,,
q24405,Q24405,बृहद्रथ मौर्य,Brihadratha Maurya,बृहद्रता,Brhadrata,hi,3,alias_observed,google_en_to_hi,alias,FALSE,94.73684211,Q1097498,Q62943,0,73.68421053,1,,train,0.83,0.75,0.77,,yes,yes,yes,yes,yes,,https://www.wikidata.org/wiki/Q24405,aligned_google_en_to_hi_plus_manual_verification,hindi_converted_601,google_en_to_hi,,,,
q25351,Q25351,थियोडोर मोमसेन,Theodor Mommsen,क्रिश्चियन मैथियास थियोडोर मोमसेन,Christian Matthias Theodor Mommsen,hi,2,explicit_plus_alias:birth_name,google_en_to_hi,P1477,FALSE,73.52941176,Q15632632|Q15983985|Q1622272|Q185351|Q1930187|Q2004963|Q201788|Q20873384|Q2135538|Q2599593|Q36180|Q486839|Q82955,Q1206012|Q26167|Q27306|Q43287,0,62.22222222,1,,validation,0.83,0.72,0.62,one Latin name contains the other,yes,yes,yes,yes,yes,,https://www.wikidata.org/wiki/Q25351,aligned_google_en_to_hi_plus_manual_verification,hindi_converted_601,google_en_to_hi,,,,
q2628981,Q2628981,भारतेन्दु हरिश्चन्द्र,Bharatendu Harishchandra,रस,Rasa,hi,2,explicit_plus_alias:pseudonym,google_en_to_hi,P742,FALSE,100,Q1930187|Q214917|Q36180|Q49757|Q6051619|Q6625963,Q129286,0,9.523809524,1,,test,0.86,0.75,0.17,,yes,yes,yes,yes,yes,,https://www.wikidata.org/wiki/Q2628981,aligned_google_en_to_hi_plus_manual_verification,hindi_converted_601,google_en_to_hi,,,,
q269014,Q269014,मिल्खा सिंह,Milkha Singh,फ्लाइंग सिख,Flying Sikh,hi,2,explicit_plus_alias:nickname,google_en_to_hi,P1449,FALSE,60.86956522,Q11513337|Q2066131,Q129286|Q1775277|Q668,0,40,1,,test,0.91,0.73,0.36,,yes,yes,yes,yes,yes,,https://www.wikidata.org/wiki/Q269014,aligned_google_en_to_hi_plus_manual_verification,hindi_converted_601,google_en_to_hi,,,,
q26923245,Q26923245,मिकी मैडिसन,Mikey Madison,मिकाएला मैडिसन रोसबर्ग,Mikaela Madison Rosberg,hi,2,explicit_plus_alias:birth_name,google_en_to_hi,P1477,FALSE,82.60869565,Q10798782|Q10800557|Q2405480|Q33999,Q30,0,53.33333333,1,,train,0.64,0.86,0.63,,yes,yes,yes,yes,yes,,https://www.wikidata.org/wiki/Q26923245,aligned_google_en_to_hi_plus_manual_verification,hindi_converted_601,google_en_to_hi,,,,
q2808,Q2808,एल्टन जॉन,Elton John,रेजिनाल्ड केनेथ ड्वाइट,Reginald Kenneth Dwight,hi,2,explicit_plus_alias:birth_name,google_en_to_hi,P1477,FALSE,74.41860465,Q10800557|Q177220|Q36834|Q486748|Q55960555|Q639669|Q822146|Q96034777,Q145,0,21.42857143,1,,train,0.78,0.71,0.22,,yes,yes,yes,yes,yes,,https://www.wikidata.org/wiki/Q2808,aligned_google_en_to_hi_plus_manual_verification,hindi_converted_601,google_en_to_hi,,,,
q28189,Q28189,अब्दुस सलाम,Abdus Salam,मोहम्मद अब्दुस सलाम,Mohammad Abdus Salam,hi,3,alias_observed,google_en_to_hi,alias,FALSE,92.30769231,Q1622272|Q169470|Q19350898,Q129286|Q843,0,74.07407407,1,,test,0.9,0.88,0.74,one Latin name contains the other,yes,yes,yes,yes,yes,,https://www.wikidata.org/wiki/Q28189,aligned_google_en_to_hi_plus_manual_verification,hindi_converted_601,google_en_to_hi,,,,
q29021,Q29021,मौनो कोइविस्टो,Mauno Koivisto,मौनो हेनरिक कोइविस्टो,Mauno Henrik Koivisto,hi,2,explicit_plus_alias:birth_name,google_en_to_hi,P1477,FALSE,95,Q188094|Q32947888|Q82955,Q33,0,81.08108108,1,,validation,0.93,0.95,0.8,,yes,yes,yes,yes,yes,,https://www.wikidata.org/wiki/Q29021,aligned_google_en_to_hi_plus_manual_verification,hindi_converted_601,google_en_to_hi,,,,
q29110,Q29110,पावो लिप्पोनेन,Paavo Lipponen,पावो तापियो लिप्पोनेन,Paavo Tapio Lipponen,hi,2,explicit_plus_alias:birth_name,google_en_to_hi,P1477,FALSE,89.47368421,Q36180|Q82955,Q33,0,83.33333333,1,,train,0.96,0.9,0.84,,yes,yes,yes,yes,yes,,https://www.wikidata.org/wiki/Q29110,aligned_google_en_to_hi_plus_manual_verification,hindi_converted_601,google_en_to_hi,,,,
q29213,Q29213,टार्जा हेलोनेन,Tarja Halonen,टार्जा करीना हैलोनेन,Tarja Kaarina Halonen,hi,2,explicit_plus_alias:birth_name,google_en_to_hi,P1477,FALSE,84.21052632,Q40348|Q82955,Q33,0,81.25,1,,validation,0.77,0.83,0.82,,yes,yes,yes,yes,yes,,https://www.wikidata.org/wiki/Q29213,aligned_google_en_to_hi_plus_manual_verification,hindi_converted_601,google_en_to_hi,,,,
q29230,Q29230,मार्टी अहतिसारी,Martti Ahtisaari,मार्टी ओइवा कालेवी अहतिसारी,Martti Oiva Kalevi Ahtisaari,hi,2,explicit_plus_alias:birth_name,google_en_to_hi,P1477,FALSE,90.19607843,Q193391|Q37226|Q82955,Q33,0,69.76744186,1,,train,0.88,0.83,0.67,,yes,yes,yes,yes,yes,,https://www.wikidata.org/wiki/Q29230,aligned_google_en_to_hi_plus_manual_verification,hindi_converted_601,google_en_to_hi,,,,
q297142,Q297142,जो डिमैगियो,Joe DiMaggio,ग्यूसेप पाओलो डिमैगियो,Giuseppe Paolo DiMaggio,hi,2,explicit_plus_alias:birth_name,google_en_to_hi,P1477,FALSE,80.95238095,Q10871364,Q30,0,68.57142857,1,,train,0.67,0.76,0.67,,yes,yes,yes,yes,yes,,https://www.wikidata.org/wiki/Q297142,aligned_google_en_to_hi_plus_manual_verification,hindi_converted_601,google_en_to_hi,,,,
q302,Q302,ईसा मसीह,Jesus Christ,येशुआ,Yeshua,hi,3,alias_observed,google_en_to_hi,alias,FALSE,90.90909091,Q133485|Q1349880|Q154549|Q15995642|Q2142783|Q2518689|Q352507|Q37226|Q42857|Q432386|Q51626|Q7695510|Q972672,Q16000109,0,37.5,1,,test,0.7,0.92,0.44,,yes,yes,yes,yes,yes,,https://www.wikidata.org/wiki/Q302,aligned_google_en_to_hi_plus_manual_verification,hindi_converted_601,google_en_to_hi,,,,
q3052772,Q3052772,इमैनुएल मैक्रॉन,Emmanuel Macron,इमैनुएल जीन-मिशेल फ्रेडरिक मैक्रॉन,Emmanuel Jean-Michel Frédéric Macron,hi,2,explicit_plus_alias:birth_name,google_en_to_hi,P1477,FALSE,69.84126984,Q1238570|Q2883465|Q372436|Q4964182|Q599151|Q806798|Q82955,Q142,0,37.5,1,,train,0.45,0.79,0.54,,yes,yes,yes,yes,yes,,https://www.wikidata.org/wiki/Q3052772,aligned_google_en_to_hi_plus_manual_verification,hindi_converted_601,google_en_to_hi,,,,
q30875,Q30875,ऑस्कर वाइल्ड,Oscar Wilde,ऑस्कर फिंगल ओ'फ़्लाहर्टी विल्स वाइल्ड,Oscar Fingal O’Flahertie Wills Wilde,hi,2,explicit_plus_alias:birth_name,google_en_to_hi,P1477,FALSE,60.86956522,Q11774202|Q12144794|Q15949613|Q214917|Q28389|Q3064032|Q36180|Q482980|Q4853732|Q49757|Q6051619|Q6625963|Q8178443,Q142|Q145|Q174193|Q27,0,52.38095238,1,,test,0.55,0.58,0.57,,yes,yes,yes,yes,yes,,https://www.wikidata.org/wiki/Q30875,aligned_google_en_to_hi_plus_manual_verification,hindi_converted_601,google_en_to_hi,,,,
q311523,Q311523,अमेरिको,Américo,डोमिंगो जॉनी वेगा उर्जुआ,Domingo Johnny Vega Urzúa,hi,2,explicit_plus_alias:birth_name,google_en_to_hi,P1477,FALSE,69.3877551,Q177220|Q753110,Q298,0,18.75,1,,validation,0.86,0.76,0.24,,yes,yes,yes,yes,yes,,https://www.wikidata.org/wiki/Q311523,aligned_google_en_to_hi_plus_manual_verification,hindi_converted_601,manual,,,,
q315500,Q315500,पुष्प कमल दहाल,Pushpa Kamal Dahal,प्रचंड,Prachanda,hi,2,explicit_plus_alias:nickname,google_en_to_hi,P1449,FALSE,82.35294118,Q47064|Q82955,Q837,0,21.05263158,1,,validation,0.77,0.67,0.15,,yes,yes,yes,yes,yes,,https://www.wikidata.org/wiki/Q315500,aligned_google_en_to_hi_plus_manual_verification,hindi_converted_601,google_en_to_hi,,,,
q31564,Q31564,हकन बाल्टा,Hakan Balta,हकन कादिर बल्टा,Hakan Kadir Balta,hi,3,alias_observed,google_en_to_hi,alias,FALSE,93.75,Q937857,Q43,0,66.66666667,1,,test,0.8,0.8,0.8,,yes,yes,yes,yes,yes,,https://www.wikidata.org/wiki/Q31564,aligned_google_en_to_hi_plus_manual_verification,hindi_converted_601,google_en_to_hi,,,,
q3284484,Q3284484,पी. टी. उषा,P. T. Usha,पय्योली एक्सप्रेस,Payyoli Express,hi,2,explicit_plus_alias:nickname,google_en_to_hi,P1449,FALSE,82.75862069,Q11513337,Q668,0,16.66666667,1,,train,0.56,0.79,0.14,,yes,yes,yes,yes,yes,,https://www.wikidata.org/wiki/Q3284484,aligned_google_en_to_hi_plus_manual_verification,hindi_converted_601,google_en_to_hi,,,,
q32923,Q32923,ऋतुपर्णो घोष,Rituparno Ghosh,ऋतु,Ritu,hi,3,alias_observed,google_en_to_hi,alias,FALSE,100,Q2526255|Q28389|Q33999|Q3455803|Q36180,Q668,0,50,1,,train,0.86,1,0.44,one Latin name contains the other,yes,yes,yes,yes,yes,,https://www.wikidata.org/wiki/Q32923,aligned_google_en_to_hi_plus_manual_verification,hindi_converted_601,google_en_to_hi,,,,
q33228,Q33228,नादिया कोमनेसी,Nadia Comăneci,नादिया एलेना कोमानेसी,Nadia Elena Comăneci,hi,2,explicit_plus_alias:birth_name,google_en_to_hi,P1477,FALSE,86.48648649,Q13381572|Q2066131,Q218|Q30,0,84.84848485,1,,validation,0.77,0.81,0.82,,yes,yes,yes,yes,yes,,https://www.wikidata.org/wiki/Q33228,aligned_google_en_to_hi_plus_manual_verification,hindi_converted_601,google_en_to_hi,,,,
q33391,Q33391,लियोन ट्रॉट्स्की,Leon Trotsky,लेओन ट्रोट्स्की,Leon Trotski,hi,3,alias_observed,manual,alias,FALSE,95.65217391,Q18814623|Q1930187|Q193391|Q201788|Q28528560|Q3242115|Q36180|Q47064|Q4964182|Q82955,Q133356|Q15180|Q2305208|Q34266|Q96,0,85.71428571,1,,validation,0.74,0.88,0.88,"the two Devanagari names are 88% similar, so Dev-Dev is near-trivial while Lat-Lat is not",yes,yes,yes,yes,yes,,https://www.wikidata.org/wiki/Q33391,aligned_google_en_to_hi_plus_manual_verification,hindi_converted_601,manual,,,,
q334252,Q334252,आर. के. नारायण,R. K. Narayan,रासीपुरम कृष्णस्वामी नारायण,Rasipuram Krishnaswami Narayan,hi,3,alias_observed,google_en_to_hi,alias,FALSE,90.90909091,Q1930187|Q28389|Q36180|Q37226|Q6625963|Q82955,Q129286|Q1775277|Q668,0,44.44444444,1,,train,0.7,0.7,0.55,,yes,yes,yes,yes,yes,,https://www.wikidata.org/wiki/Q334252,aligned_google_en_to_hi_plus_manual_verification,hindi_converted_601,google_en_to_hi,,,,
q3346448,Q3346448,शान,Shaan,शांतनु मुखर्जी,Shantanu Mukherjee,hi,2,explicit_plus_alias:birth_name,google_en_to_hi,P1477,FALSE,75,Q177220|Q33999|Q36834|Q639669|Q947873,Q668,0,37.5,1,,train,1,0.79,0.44,,yes,yes,yes,yes,yes,,https://www.wikidata.org/wiki/Q3346448,aligned_google_en_to_hi_plus_manual_verification,hindi_converted_601,google_en_to_hi,,,,
q3351160,Q3351160,राहुल देव बर्मन,Rahul Dev Burman,पंचम,Pancham,hi,2,explicit_plus_alias:pseudonym,google_en_to_hi,P742,FALSE,71.42857143,Q1415090|Q33999|Q3455803|Q36834|Q55960555|Q639669,Q129286|Q1775277|Q668,0,11.76470588,1,,validation,0.89,0.73,0.17,,yes,yes,yes,yes,yes,,https://www.wikidata.org/wiki/Q3351160,aligned_google_en_to_hi_plus_manual_verification,hindi_converted_601,google_en_to_hi,,,,
q33760,Q33760,बर्ट्रेंड रसेल,Bertrand Russell,बर्ट्रेंड आर्थर विलियम रसेल,Bertrand Arthur William Russell,hi,2,explicit_plus_alias:birth_name,google_en_to_hi,P1477,FALSE,70.1754386,Q11774202|Q1231865|Q14565331|Q15632482|Q15978337|Q16003550|Q1622272|Q16323111|Q16389557|Q16743941|Q170790|Q18814623|Q18844224|Q18930236|Q18930418|Q1930187|Q36180|Q4964182|Q82955,Q145|Q174193,0,63.15789474,1,,train,0.76,0.72,0.64,,yes,yes,yes,yes,yes,,https://www.wikidata.org/wiki/Q33760,aligned_google_en_to_hi_plus_manual_verification,hindi_converted_601,google_en_to_hi,,,,
q33977,Q33977,जूल्स वर्न,Jules Verne,जूल्स गेब्रियल वर्न,Jules Gabriel Verne,hi,2,explicit_plus_alias:birth_name,google_en_to_hi,P1477,FALSE,81.25,Q18844224|Q214917|Q36180|Q4853732|Q49757|Q6625963|Q846430|Q860918,Q142,0,69.56521739,1,,train,0.78,0.81,0.71,,yes,yes,yes,yes,yes,,https://www.wikidata.org/wiki/Q33977,aligned_google_en_to_hi_plus_manual_verification,hindi_converted_601,google_en_to_hi,,,,
q34253,Q34253,लाइनस टोरवाल्ड्स,Linus Torvalds,लाइनस बेनेडिक्ट टोरवाल्ड्स,Linus Benedict Torvalds,hi,2,explicit_plus_alias:birth_name,google_en_to_hi,P1477,FALSE,82.60869565,Q183888|Q205375|Q36180|Q43845|Q5482740|Q81096|Q8246794|Q82594,Q30|Q33,0,70.27027027,1,,train,0.86,0.84,0.78,,yes,yes,yes,yes,yes,,https://www.wikidata.org/wiki/Q34253,aligned_google_en_to_hi_plus_manual_verification,hindi_converted_601,google_en_to_hi,,,,
q34436,Q34436,स्कारलेट जोहानसन,Scarlett Johansson,स्कारलेट इंग्रिड जोहानसन,Scarlett Ingrid Johansson,hi,2,explicit_plus_alias:birth_name,google_en_to_hi,P1477,FALSE,73.46938776,Q10800557|Q177220|Q2259451|Q2405480|Q2526255|Q33999|Q4610556|Q55960555,Q30,0,71.79487179,1,,train,0.76,0.85,0.75,,yes,yes,yes,yes,yes,,https://www.wikidata.org/wiki/Q34436,aligned_google_en_to_hi_plus_manual_verification,hindi_converted_601,google_en_to_hi,,,,
q34453,Q34453,बोरिस येल्तसिन,Boris Yeltsin,बोरिस निकोलायेविच येल्तसिन,Boris Nikolayevich Yeltsin,hi,3,alias_observed,google_en_to_hi,alias,FALSE,92,Q1340643|Q13582652|Q81096|Q82955,Q15180|Q159,0,71.79487179,1,,test,1,0.96,0.73,,yes,yes,yes,yes,yes,,https://www.wikidata.org/wiki/Q34453,aligned_google_en_to_hi_plus_manual_verification,hindi_converted_601,google_en_to_hi,,,,
q34460,Q34460,ग्वेनेथ पाल्ट्रो,Gwyneth Paltrow,ग्वेनेथ केट पाल्ट्रो,Gwyneth Kate Paltrow,hi,2,explicit_plus_alias:birth_name,google_en_to_hi,P1477,FALSE,65,Q10798782|Q10800557|Q134826510|Q177220|Q2259451|Q2526255|Q28389|Q33999|Q43845|Q578109|Q639669|Q753110,Q30,0,84.84848485,1,,validation,0.69,0.63,0.89,"the two Devanagari names are 89% similar, so Dev-Dev is near-trivial while Lat-Lat is not",yes,yes,yes,yes,yes,,https://www.wikidata.org/wiki/Q34460,aligned_google_en_to_hi_plus_manual_verification,hindi_converted_601,google_en_to_hi,,,,
q34660,Q34660,जे. के. रोलिंग,J. K. Rowling,जोआन रोलिंग,Joanne Rowling,hi,2,explicit_plus_alias:birth_name,google_en_to_hi,P1477,FALSE,72,Q111597957|Q28389|Q3282637|Q36180|Q37226|Q482980|Q4853732|Q6625963,Q145,0,70,1,,train,0.84,0.83,0.73,,yes,yes,yes,yes,yes,,https://www.wikidata.org/wiki/Q34660,aligned_google_en_to_hi_plus_manual_verification,hindi_converted_601,google_en_to_hi,,,,
q346708,Q346708,जेवियर बाल्बोआ,Javier Balboa,जेवियर एंजेल बाल्बोआ ओसा,Javier Ángel Balboa Osa,hi,2,explicit_plus_alias:birth_name,google_en_to_hi,P1477,FALSE,73.17073171,Q937857,Q29|Q983,0,76.47058824,1,,train,0.74,0.73,0.74,,yes,yes,yes,yes,yes,,https://www.wikidata.org/wiki/Q346708,aligned_google_en_to_hi_plus_manual_verification,hindi_converted_601,google_en_to_hi,,,,
q34836,Q34836,यूलिसिस एस. ग्रांट,Ulysses S. Grant,हिराम यूलिसिस ग्रांट,Hiram Ulysses Grant,hi,2,explicit_plus_alias:birth_name,google_en_to_hi,P1477,FALSE,63.15789474,Q11900058|Q36180|Q372436|Q38239859|Q47064|Q82955,Q30,0,75,1,,validation,0.74,0.65,0.7,,yes,yes,yes,yes,yes,,https://www.wikidata.org/wiki/Q34836,aligned_google_en_to_hi_plus_manual_verification,hindi_converted_601,google_en_to_hi,,,,
q34851,Q34851,एलिजाबेथ टेलर,Elizabeth Taylor,एलिजाबेथ रोज़मंड टेलर,Elizabeth Rosemond Taylor,hi,2,explicit_plus_alias:birth_name,google_en_to_hi,P1477,FALSE,60,Q10732476|Q10798782|Q10800557|Q12362622|Q18814623|Q2259451|Q3282637|Q33999|Q36180|Q96034777,Q145|Q30,0,80,1,,train,0.71,0.68,0.8,,yes,yes,yes,yes,yes,,https://www.wikidata.org/wiki/Q34851,aligned_google_en_to_hi_plus_manual_verification,hindi_converted_601,google_en_to_hi,,,,
q35171,Q35171,ग्रोवर क्लीवलैंड,Grover Cleveland,स्टीफन ग्रोवर क्लीवलैंड,Stephen Grover Cleveland,hi,2,explicit_plus_alias:birth_name,google_en_to_hi,P1477,FALSE,62.5,Q132050|Q207651|Q30185|Q36180|Q372436|Q40348|Q578478|Q82955,Q30,0,85.71428571,1,,test,0.65,0.65,0.85,one Latin name contains the other,yes,yes,yes,yes,yes,,https://www.wikidata.org/wiki/Q35171,aligned_google_en_to_hi_plus_manual_verification,hindi_converted_601,google_en_to_hi,,,,
q3520045,Q3520045,रोहित शर्मा,Rohit Sharma,रोहित गुरुनाथ शर्मा,Rohit Gurunath Sharma,hi,2,explicit_plus_alias:birth_name,google_en_to_hi,alias,FALSE,92.30769231,Q12299841,Q668,0,74.07407407,1,,train,0.91,0.9,0.75,,yes,yes,yes,yes,yes,,https://www.wikidata.org/wiki/Q3520045,aligned_google_en_to_hi_plus_manual_verification,hindi_converted_601,google_en_to_hi,,,,
q35236,Q35236,हर्बर्ट हूवर,Herbert Hoover,हर्बर्ट क्लार्क हूवर,Herbert Clark Hoover,hi,2,explicit_plus_alias:birth_name,google_en_to_hi,P1477,FALSE,63.15789474,Q18524075|Q36180|Q372436|Q43845|Q482980|Q520549|Q81096|Q82955|Q83307,Q30,0,75.86206897,1,,test,0.67,0.69,0.8,,yes,yes,yes,yes,yes,,https://www.wikidata.org/wiki/Q35236,aligned_google_en_to_hi_plus_manual_verification,hindi_converted_601,google_en_to_hi,,,,
q35332,Q35332,ब्रैड पिट,Brad Pitt,विलियम ब्रैडली पिट,William Bradley Pitt,hi,2,explicit_plus_alias:birth_name,google_en_to_hi,P1477,FALSE,63.15789474,Q1053574|Q10798782|Q10800557|Q2405480|Q3282637|Q33999|Q578109,Q30,0,66.66666667,1,,test,0.78,0.61,0.67,,yes,yes,yes,yes,yes,,https://www.wikidata.org/wiki/Q35332,aligned_google_en_to_hi_plus_manual_verification,hindi_converted_601,google_en_to_hi,,,,
q35498,Q35498,चेस्टर ए. आर्थर,Chester A. Arthur,चेस्टर एलन आर्थर,Chester Alan Arthur,hi,2,explicit_plus_alias:birth_name,google_en_to_hi,P1477,FALSE,77.77777778,Q189290|Q372436|Q40348|Q82955|Q974144,Q30,0,81.48148148,1,,train,0.81,0.79,0.8,,yes,yes,yes,yes,yes,,https://www.wikidata.org/wiki/Q35498,aligned_google_en_to_hi_plus_manual_verification,hindi_converted_601,google_en_to_hi,,,,
q35610,Q35610,आर्थर कोनन डॉयल,Arthur Conan Doyle,आर्थर इग्नेशियस कोनन डॉयल,Arthur Ignatius Conan Doyle,hi,2,explicit_plus_alias:birth_name,google_en_to_hi,P1477,FALSE,64.40677966,Q10297252|Q11774202|Q15949613|Q18844224|Q201788|Q214917|Q28389|Q36180|Q39631|Q4853732|Q551835|Q6625963,Q145|Q174193,0,68.57142857,1,,train,0.75,0.63,0.77,,yes,yes,yes,yes,yes,,https://www.wikidata.org/wiki/Q35610,aligned_google_en_to_hi_plus_manual_verification,hindi_converted_601,google_en_to_hi,,,,
q35686,Q35686,रदरफोर्ड बी. हेस,Rutherford B. Hayes,रदरफोर्ड बिर्चार्ड हेस,Rutherford Birchard Hayes,hi,2,explicit_plus_alias:birth_name,google_en_to_hi,P1477,FALSE,59.57446809,Q132050|Q157148|Q189290|Q372436|Q40348|Q82955,Q30,0,77.41935484,1,,validation,0.58,0.63,0.82,,yes,yes,yes,yes,yes,,https://www.wikidata.org/wiki/Q35686,aligned_google_en_to_hi_plus_manual_verification,hindi_converted_601,google_en_to_hi,,,,
q35900,Q35900,उमर खय्याम,Omar Khayyám,उमर ख़य्याम,Omar Khayyam,hi,3,alias_observed,google_en_to_hi,alias,FALSE,91.66666667,Q11063|Q155647|Q169470|Q170790|Q36180|Q4964182|Q49757|Q639669|Q822146,Q3708094,0,88.88888889,1,,test,0.76,0.86,0.86,"the two Devanagari names are 86% similar, so Dev-Dev is near-trivial while Lat-Lat is not; one Latin name contains the other",yes,yes,yes,yes,yes,,https://www.wikidata.org/wiki/Q35900,aligned_google_en_to_hi_plus_manual_verification,hindi_converted_601,google_en_to_hi,,,,
q35912,Q35912,एमी रॉसम,Emmy Rossum,एमानुएल ग्रे रॉसम,Emmanuelle Grey Rossum,hi,2,explicit_plus_alias:birth_name,google_en_to_hi,P1477,FALSE,66.66666667,Q10798782|Q10800557|Q177220|Q33999,Q30,0,50,1,,train,0.63,0.7,0.62,,yes,yes,yes,yes,yes,,https://www.wikidata.org/wiki/Q35912,aligned_google_en_to_hi_plus_manual_verification,hindi_converted_601,google_en_to_hi,,,,
q36014,Q36014,हो चि मिन्ह,Ho Chi Minh,हो ची मिन्ह,Hồ Chí Minh,hi,2,explicit_plus_alias:pseudonym,manual,P742,FALSE,66.66666667,Q1930187|Q36180|Q47064|Q49757|Q82955,Q172640|Q185682,0,88.88888889,1,,train,0.94,0.89,1,"the two Devanagari names are 100% similar, so Dev-Dev is near-trivial while Lat-Lat is not; one Latin name contains the other",yes,yes,yes,yes,yes,,https://www.wikidata.org/wiki/Q36014,aligned_google_en_to_hi_plus_manual_verification,hindi_converted_601,manual,,,,
q36268,Q36268,ब्रिगीट बार्डो,Brigitte Bardot,ब्रिगीट ऐनी-मैरी बार्डो,Brigitte Anne-Marie Bardot,hi,2,explicit_plus_alias:birth_name,google_en_to_hi,P1477,FALSE,79.06976744,Q10800557|Q11966252|Q15253558|Q177220|Q18814623|Q23672693|Q3357567|Q33999|Q36180|Q4610556|Q55960555|Q5716684|Q662729,Q142,0,83.87096774,1,,train,0.81,0.79,0.78,,yes,yes,yes,yes,yes,,https://www.wikidata.org/wiki/Q36268,aligned_google_en_to_hi_plus_manual_verification,hindi_converted_601,google_en_to_hi,,,,
q3634230,Q3634230,केके,KK,कृष्ण कुमार कुन्नथ,Krishna Kumar Kunnath,hi,2,explicit_plus_alias:birth_name,google_en_to_hi,P1477,FALSE,84.21052632,Q177220|Q753110,Q668,0,21.05263158,1,,train,0.67,0.78,0.33,,yes,yes,yes,yes,yes,,https://www.wikidata.org/wiki/Q3634230,aligned_google_en_to_hi_plus_manual_verification,hindi_converted_601,google_en_to_hi,,,,
q36661,Q36661,हेनरिक इब्सन,Henrik Ibsen,हेनरिक जोहान इब्सन,Henrik Johan Ibsen,hi,2,explicit_plus_alias:birth_name,google_en_to_hi,P1477,FALSE,83.33333333,Q214917|Q3455803|Q36180|Q49757|Q8178443,Q20,0,75.86206897,1,,train,1,0.94,0.84,,yes,yes,yes,yes,yes,,https://www.wikidata.org/wiki/Q36661,aligned_google_en_to_hi_plus_manual_verification,hindi_converted_601,google_en_to_hi,,,,
q37030,Q37030,थॉमस मान,Thomas Mann,पॉल थॉमस मान,Paul Thomas Mann,hi,2,explicit_plus_alias:birth_name,google_en_to_hi,P1477,FALSE,72.72727273,Q11774202|Q15949613|Q15978337|Q1622272|Q18814623|Q18939491|Q28389|Q36180|Q49757|Q639669|Q6625963,Q1206012|Q30|Q33946,0,82.35294118,1,,validation,0.8,0.71,0.83,one Latin name contains the other,yes,yes,yes,yes,yes,,https://www.wikidata.org/wiki/Q37030,aligned_google_en_to_hi_plus_manual_verification,hindi_converted_601,google_en_to_hi,,,,
q37767,Q37767,टी. एस. एलियट,T. S. Eliot,थॉमस स्टर्न्स एलियट,Thomas Stearns Eliot,hi,2,explicit_plus_alias:birth_name,google_en_to_hi,P1477,FALSE,73.17073171,Q115784320|Q11774202|Q15949613|Q15978337|Q1622272|Q214917|Q28389|Q36180|Q4263842|Q4853732|Q49757|Q806805|Q822146,Q145|Q30,0,53.84615385,1,,test,0.53,0.72,0.63,,yes,yes,yes,yes,yes,,https://www.wikidata.org/wiki/Q37767,aligned_google_en_to_hi_plus_manual_verification,hindi_converted_601,google_en_to_hi,,,,
q37876,Q37876,नताली पोर्टमैन,Natalie Portman,नताली हर्शलाग,Natalie Herschlag,hi,2,explicit_plus_alias:birth_name,google_en_to_hi,P1477,FALSE,75,Q10798782|Q10800557|Q2259451|Q2526255|Q28389|Q3282637|Q33999,Q30|Q801,0,41.66666667,1,,test,0.69,0.77,0.38,,yes,yes,yes,yes,yes,,https://www.wikidata.org/wiki/Q37876,aligned_google_en_to_hi_plus_manual_verification,hindi_converted_601,google_en_to_hi,,,,
q38082,Q38082,लुईस कैरोल,Lewis Carroll,चार्ल्स लुटविज डॉजसन,Charles Lutwidge Dodgson,hi,2,explicit_plus_alias:birth_name,google_en_to_hi,P1477,FALSE,56.52173913,Q14565331|Q161944|Q170790|Q18814623|Q18939491|Q33231|Q36180|Q4853732|Q4964182|Q49757|Q6625963|Q8178443,Q174193,0,22.22222222,1,,test,0.52,0.62,0.22,,yes,yes,yes,yes,yes,,https://www.wikidata.org/wiki/Q38082,aligned_google_en_to_hi_plus_manual_verification,hindi_converted_601,google_en_to_hi,,,,
q38111,Q38111,लियोनार्डो डिकैप्रियो,Leonardo DiCaprio,लियोनार्डो विल्हेम डिकैप्रियो,Leonardo Wilhelm DiCaprio,hi,2,explicit_plus_alias:birth_name,google_en_to_hi,P1477,FALSE,77.55102041,Q10798782|Q10800557|Q2259451|Q28389|Q3282637|Q33999|Q3578589,Q30,0,84.44444444,1,,train,0.7,0.72,0.83,,yes,yes,yes,yes,yes,,https://www.wikidata.org/wiki/Q38111,aligned_google_en_to_hi_plus_manual_verification,hindi_converted_601,google_en_to_hi,,,,
q38203,Q38203,हेलेन केलर,Helen Keller,हेलेन एडम्स केलर,Helen Adams Keller,hi,2,explicit_plus_alias:birth_name,google_en_to_hi,P1477,FALSE,74.28571429,Q11499147|Q11774202|Q12859263|Q14467526|Q15627169|Q16323111|Q18814623|Q322170|Q36180,Q30,0,76.19047619,1,,train,0.84,0.8,0.75,,yes,yes,yes,yes,yes,,https://www.wikidata.org/wiki/Q38203,aligned_google_en_to_hi_plus_manual_verification,hindi_converted_601,google_en_to_hi,,,,
q38823,Q38823,रूहोल्लाह खोमैनी,Ruhollah Khomeini,अयातुल्ला खोमैनी,Ayatollah Khomeini,hi,3,alias_observed,google_en_to_hi,alias,FALSE,93.75,Q189459|Q19641|Q1999841|Q3242115|Q432386|Q4964182|Q49757|Q82955,Q794,0,75.86206897,1,,train,0.88,0.83,0.67,,yes,yes,yes,yes,yes,,https://www.wikidata.org/wiki/Q38823,aligned_google_en_to_hi_plus_manual_verification,hindi_converted_601,google_en_to_hi,,,,
q392,Q392,बॉब डिलन,Bob Dylan,रोबर्ट एलन ज़िमरमन,Robert Allen Zimmerman,hi,2,explicit_plus_alias:birth_name,verified_hindi,P1477,FALSE,71.42857143,Q1028181|Q10800557|Q130857|Q177220|Q183945|Q18814623|Q2526255|Q2722764|Q28389|Q33999|Q3455803|Q36180|Q36834|Q482980|Q483501|Q486748|Q49757|Q5322166|Q639669|Q753110|Q822146|Q855091,Q30,0,26.08695652,1,,validation,0.71,0.69,0.35,,yes,yes,yes,yes,yes,,https://www.wikidata.org/wiki/Q392,aligned_google_en_to_hi_plus_manual_verification,hindi_converted_601,verified_hindi,,,,
q39476,Q39476,एमा वॉटसन,Emma Watson,एमा शार्लेट ड्यूरे वॉटसन,Emma Charlotte Duerre Watson,hi,2,explicit_plus_alias:birth_name,google_en_to_hi,P1477,FALSE,66.66666667,Q10800557|Q15253558|Q2259451|Q2405480|Q2526255|Q3357567|Q33999|Q4610556|Q970153,Q145,0,64.51612903,1,,validation,0.64,0.67,0.67,,yes,yes,yes,yes,yes,,https://www.wikidata.org/wiki/Q39476,aligned_google_en_to_hi_plus_manual_verification,hindi_converted_601,google_en_to_hi,,,,
q39831738,Q39831738,तुरागा जानकी रानी,Turaga Janaki Rani,रेडियो अक्कय्या,Radio Akkayya,hi,2,explicit_plus_alias:nickname,google_en_to_hi,P1449,FALSE,88,Q135301631|Q15253558|Q24702769|Q36180,Q129286|Q1775277|Q668,0,20.68965517,1,,train,0.79,0.77,0.25,,yes,yes,yes,yes,yes,,https://www.wikidata.org/wiki/Q39831738,aligned_google_en_to_hi_plus_manual_verification,hindi_converted_601,google_en_to_hi,,,,
q40523,Q40523,जूलिया रॉबर्ट्स,Julia Roberts,जूलिया फियोना रॉबर्ट्स,Julia Fiona Roberts,hi,2,explicit_plus_alias:birth_name,google_en_to_hi,P1477,FALSE,73.17073171,Q10798782|Q10800557|Q2259451|Q2405480|Q3282637|Q33999|Q4610556,Q30,0,78.78787879,1,,train,0.81,0.75,0.84,,yes,yes,yes,yes,yes,,https://www.wikidata.org/wiki/Q40523,aligned_google_en_to_hi_plus_manual_verification,hindi_converted_601,google_en_to_hi,,,,
q40791,Q40791,सैंड्रा बुलक,Sandra Bullock,सैंड्रा एनेट बुलक,Sandra Annette Bullock,hi,2,explicit_plus_alias:birth_name,google_en_to_hi,P1477,FALSE,65,Q10798782|Q10800557|Q2405480|Q2526255|Q28389|Q3282637|Q33999|Q3427922|Q3455803|Q43845|Q578109,Q183|Q30|Q713750,0,69.23076923,1,,train,0.75,0.8,0.8,,yes,yes,yes,yes,yes,,https://www.wikidata.org/wiki/Q40791,aligned_google_en_to_hi_plus_manual_verification,hindi_converted_601,google_en_to_hi,,,,
q41163,Q41163,अल पचीनो,Al Pacino,अल्फ्रेडो जेम्स पचीनो,Alfredo James Pacino,hi,2,explicit_plus_alias:birth_name,google_en_to_hi,P1477,FALSE,81.08108108,Q10798782|Q10800557|Q2259451|Q2526255|Q28389|Q3282637|Q33999|Q36180|Q47541952|Q69423232,Q30,0,44.44444444,1,,validation,0.82,0.78,0.5,,yes,yes,yes,yes,yes,,https://www.wikidata.org/wiki/Q41163,aligned_google_en_to_hi_plus_manual_verification,hindi_converted_601,google_en_to_hi,,,,
q41314,Q41314,बॉबी फिशर,Bobby Fischer,रॉबर्ट जेम्स फिशर,Robert James Fischer,hi,2,explicit_plus_alias:birth_name,google_en_to_hi,P1477,FALSE,56.41025641,Q105269|Q10873124|Q205375|Q266569|Q36180,Q189|Q30,0,52.17391304,1,,train,0.58,0.69,0.53,,yes,yes,yes,yes,yes,,https://www.wikidata.org/wiki/Q41314,aligned_google_en_to_hi_plus_manual_verification,hindi_converted_601,google_en_to_hi,,,,
q41351,Q41351,जोडी फोस्टर,Jodie Foster,एलिसिया क्रिश्चियन फोस्टर,Alicia Christian Foster,hi,2,explicit_plus_alias:birth_name,google_en_to_hi,P1477,FALSE,57.14285714,Q1053574|Q10798782|Q10800557|Q1759246|Q2405480|Q2526255|Q3282637|Q33999|Q578109|Q948329,Q30,0,36.36363636,1,,train,0.64,0.51,0.4,,yes,yes,yes,yes,yes,,https://www.wikidata.org/wiki/Q41351,aligned_google_en_to_hi_plus_manual_verification,hindi_converted_601,google_en_to_hi,,,,
q41533,Q41533,फ्रैंक लैम्पर्ड,Frank Lampard,फ्रैंक जेम्स लैम्पर्ड,Frank James Lampard,hi,2,explicit_plus_alias:birth_name,google_en_to_hi,P1477,FALSE,68.57142857,Q628099|Q937857,Q145,0,82.75862069,1,,train,0.64,0.65,0.82,,yes,yes,yes,yes,yes,,https://www.wikidata.org/wiki/Q41533,aligned_google_en_to_hi_plus_manual_verification,hindi_converted_601,google_en_to_hi,,,,
q41563,Q41563,जूलिया गिलार्ड,Julia Gillard,जूलिया एलीन गिलार्ड,Julia Eileen Gillard,hi,2,explicit_plus_alias:birth_name,google_en_to_hi,P1477,FALSE,61.53846154,Q40348|Q82955,Q145|Q408,0,85.71428571,1,,train,0.71,0.49,0.8,,yes,yes,yes,yes,yes,,https://www.wikidata.org/wiki/Q41563,aligned_google_en_to_hi_plus_manual_verification,hindi_converted_601,google_en_to_hi,,,,
q41749,Q41749,जोसेफ गोएबल्स,Joseph Goebbels,पॉल जोसेफ गोएबल्स,Paul Joseph Goebbels,hi,2,explicit_plus_alias:birth_name,google_en_to_hi,P1477,FALSE,78.94736842,Q10264925|Q134499738|Q1685363|Q18814623|Q18939491|Q1930187|Q28389|Q36180|Q6625963|Q82955,Q183|Q7318,0,62.06896552,1,,validation,0.71,0.82,0.71,one Latin name contains the other,yes,yes,yes,yes,yes,,https://www.wikidata.org/wiki/Q41749,aligned_google_en_to_hi_plus_manual_verification,hindi_converted_601,google_en_to_hi,,,,
q42229,Q42229,मेल गिब्सन,Mel Gibson,मेल कोल्म-सिले जेरार्ड गिब्सन,Mel Colm-Cille Gerard Gibson,hi,2,explicit_plus_alias:birth_name,google_en_to_hi,P1477,FALSE,62.96296296,Q10798782|Q10800557|Q2405480|Q2526255|Q28389|Q3282637|Q33999|Q3455803|Q36180|Q69423232,Q27|Q30,0,58.06451613,1,,train,0.94,0.72,0.57,,yes,yes,yes,yes,yes,,https://www.wikidata.org/wiki/Q42229,aligned_google_en_to_hi_plus_manual_verification,hindi_converted_601,google_en_to_hi,,,,
q42247,Q42247,सुली प्रुधोमे,Sully Prudhomme,रेने फ्रेंकोइस आर्मंड प्रुधोमे,René Francois Armand Prudhomme,hi,2,explicit_plus_alias:birth_name,google_en_to_hi,P1477,FALSE,63.15789474,Q11774202|Q18939491|Q36180|Q4964182|Q49757,Q142,0,46.15384615,1,,validation,0.67,0.71,0.55,,yes,yes,yes,yes,yes,,https://www.wikidata.org/wiki/Q42247,aligned_google_en_to_hi_plus_manual_verification,hindi_converted_601,google_en_to_hi,,,,
q42410,Q42410,इवो मोरालेस,Evo Morales,जुआन इवो मोरालेस आयमा,Juan Evo Morales Ayma,hi,2,explicit_plus_alias:birth_name,google_en_to_hi,P1477,FALSE,87.17948718,Q1328323|Q15627169|Q82955|Q98833914,Q750,0,72.72727273,1,,train,0.91,0.85,0.7,one Latin name contains the other,yes,yes,yes,yes,yes,,https://www.wikidata.org/wiki/Q42410,aligned_google_en_to_hi_plus_manual_verification,hindi_converted_601,google_en_to_hi,,,,
q42786,Q42786,ऑड्रे हेपबर्न,Audrey Hepburn,ऑड्रे कैथलीन रुस्टन,Audrey Kathleen Ruston,hi,2,explicit_plus_alias:birth_name,google_en_to_hi,P1477,FALSE,60.46511628,Q10800557|Q12362622|Q177220|Q22336956|Q2259451|Q33999|Q4610556|Q5716684|Q805221,Q145,0,57.14285714,1,,train,0.72,0.6,0.53,,yes,yes,yes,yes,yes,,https://www.wikidata.org/wiki/Q42786,aligned_google_en_to_hi_plus_manual_verification,hindi_converted_601,google_en_to_hi,,,,
q42992,Q42992,गोल्डा मेयर,Golda Meir,गोल्डा माबोविच,Golda Mabovich,hi,3,alias_observed,google_en_to_hi,alias,FALSE,92.30769231,Q182436|Q37226|Q82955,Q15180|Q193714|Q801,0,69.56521739,1,,test,0.67,0.86,0.62,,yes,yes,yes,yes,yes,,https://www.wikidata.org/wiki/Q42992,aligned_google_en_to_hi_plus_manual_verification,hindi_converted_601,google_en_to_hi,,,,
q43347,Q43347,रूमी,Rumi,जलालुद्दीन रूमी,Jalaluddin Rumi,hi,3,alias_observed,google_en_to_hi,alias,FALSE,92.85714286,Q12328016|Q189459|Q1999841|Q36180|Q4964182|Q49757|Q6673651,Q794,0,37.5,1,,validation,0.89,0.77,0.44,one Latin name contains the other,yes,yes,yes,yes,yes,,https://www.wikidata.org/wiki/Q43347,aligned_google_en_to_hi_plus_manual_verification,hindi_converted_601,google_en_to_hi,,,,
q43416,Q43416,कीनू रीव्स,Keanu Reeves,कीनू चार्ल्स रीव्स,Keanu Charles Reeves,hi,2,explicit_plus_alias:birth_name,google_en_to_hi,P1477,FALSE,68.57142857,Q10798782|Q10800557|Q177220|Q2405480|Q2526255|Q3282637|Q33999|Q36180|Q482980|Q639669,Q16,0,60,1,,train,0.58,0.65,0.59,,yes,yes,yes,yes,yes,,https://www.wikidata.org/wiki/Q43416,aligned_google_en_to_hi_plus_manual_verification,hindi_converted_601,google_en_to_hi,,,,
q43459,Q43459,फिरदौसी,Ferdowsi,फिरदोसी,Firdosi,hi,3,alias_observed,google_en_to_hi,alias,FALSE,93.33333333,Q36180|Q49757,Q12150341|Q249578,0,80,1,,validation,0.44,0.75,1,"the two Devanagari names are 100% similar, so Dev-Dev is near-trivial while Lat-Lat is not",yes,yes,yes,yes,yes,,https://www.wikidata.org/wiki/Q43459,aligned_google_en_to_hi_plus_manual_verification,hindi_converted_601,google_en_to_hi,,,,
q43723,Q43723,बेंजामिन नेतन्याहू,Benjamin Netanyahu,बीबी नेतन्याहू,Bibi Netanyahu,hi,3,alias_observed,google_en_to_hi,alias,FALSE,92.30769231,Q1238570|Q15958642|Q188094|Q193391|Q2285706|Q372436|Q47064|Q4991371|Q82955,Q801,0,66.66666667,1,,train,0.79,0.83,0.59,,yes,yes,yes,yes,yes,,https://www.wikidata.org/wiki/Q43723,aligned_google_en_to_hi_plus_manual_verification,hindi_converted_601,google_en_to_hi,,,,
q43744,Q43744,गर्ड मुलर,Gerd Müller,गेरहार्ड मुलर,Gerhard Müller,hi,2,explicit_plus_alias:birth_name,google_en_to_hi,P1477,FALSE,68.96551724,Q628099|Q937857,Q183,0,88,1,,train,0.8,0.81,0.88,"the two Devanagari names are 88% similar, so Dev-Dev is near-trivial while Lat-Lat is not",yes,yes,yes,yes,yes,,https://www.wikidata.org/wiki/Q43744,aligned_google_en_to_hi_plus_manual_verification,hindi_converted_601,google_en_to_hi,,,,
q44063,Q44063,रीज़ विदरस्पून,Reese Witherspoon,लौरा विदरस्पून,Laura Witherspoon,hi,2,explicit_plus_alias:pseudonym,google_en_to_hi,P742,FALSE,62.5,Q10800557|Q2405480|Q3282637|Q33999|Q43845|Q4610556|Q578109,Q30,0,80,1,,validation,0.41,0.65,0.88,"the two Devanagari names are 88% similar, so Dev-Dev is near-trivial while Lat-Lat is not",yes,yes,yes,yes,yes,,https://www.wikidata.org/wiki/Q44063,aligned_google_en_to_hi_plus_manual_verification,hindi_converted_601,google_en_to_hi,,,,
q44461,Q44461,रिचर्ड डॉकिन्स,Richard Dawkins,क्लिंटन रिचर्ड डॉकिन्स,Clinton Richard Dawkins,hi,2,explicit_plus_alias:birth_name,google_en_to_hi,P1477,FALSE,71.11111111,Q10798782|Q10800557|Q116695160|Q11774202|Q15143191|Q15632482|Q16063497|Q1622272|Q16270720|Q16831721|Q19356916|Q2405480|Q28389|Q3126128|Q33999|Q350979|Q36180|Q3745071|Q482980|Q69423232|Q864503,Q145,0,78.78787879,1,,test,0.71,0.71,0.8,one Latin name contains the other,yes,yes,yes,yes,yes,,https://www.wikidata.org/wiki/Q44461,aligned_google_en_to_hi_plus_manual_verification,hindi_converted_601,google_en_to_hi,,,,
q44482,Q44482,द ग्रेट खली,The Great Khali,दलीप सिंह राणा,Dalip Singh Rana,hi,2,explicit_plus_alias:birth_name,verified_hindi,P1477,FALSE,82.75862069,Q10800557|Q11338576|Q13474373|Q23845879|Q33999,Q30|Q668,0,28.57142857,1,,train,0.67,0.8,0.31,,yes,yes,yes,yes,yes,,https://www.wikidata.org/wiki/Q44482,aligned_google_en_to_hi_plus_manual_verification,hindi_converted_601,verified_hindi,,,,
q44519,Q44519,सेल्मा लेजरलोफ,Selma Lagerlöf,सेल्मा ओटिलिया लोविसा लेजरलोफ़,Selma Ottilia Lovisa Lagerlöf,hi,2,explicit_plus_alias:birth_name,google_en_to_hi,P1477,FALSE,78.68852459,Q12144794|Q12311797|Q18814623|Q333634|Q36180|Q37226|Q4853732|Q49757|Q6625963|Q864380,Q34,0,55.31914894,1,,train,0.67,0.76,0.62,,yes,yes,yes,yes,yes,,https://www.wikidata.org/wiki/Q44519,aligned_google_en_to_hi_plus_manual_verification,hindi_converted_601,google_en_to_hi,,,,
q44593,Q44593,वी. एस. नायपॉल,V. S. Naipaul,विद्याधर सूरजप्रसाद नायपॉल,Vidiadhar Surajprasad Naipaul,hi,2,explicit_plus_alias:birth_name,google_en_to_hi,P1477,FALSE,80,Q11774202|Q15949613|Q1930187|Q3579035|Q36180|Q6625963,Q145|Q754,0,50,1,,train,0.52,0.73,0.5,,yes,yes,yes,yes,yes,,https://www.wikidata.org/wiki/Q44593,aligned_google_en_to_hi_plus_manual_verification,hindi_converted_601,google_en_to_hi,,,,
q44903,Q44903,लिंडसे लोहान,Lindsay Lohan,लिंडसे डी लोहान,Lindsay Dee Lohan,hi,2,explicit_plus_alias:birth_name,google_en_to_hi,P1477,FALSE,66.66666667,Q1053574|Q10798782|Q10800557|Q177220|Q2259451|Q33999|Q4610556|Q639669,Q30,0,91.66666667,1,,train,0.8,0.69,0.92,"the two Devanagari names are 92% similar, so Dev-Dev is near-trivial while Lat-Lat is not",yes,yes,yes,yes,yes,,https://www.wikidata.org/wiki/Q44903,aligned_google_en_to_hi_plus_manual_verification,hindi_converted_601,google_en_to_hi,,,,
q44980,Q44980,एलेक्स फर्ग्यूसन,Alex Ferguson,अलेक्जेंडर चैपमैन फर्ग्यूसन,Alexander Chapman Ferguson,hi,2,explicit_plus_alias:birth_name,google_en_to_hi,P1477,FALSE,59.64912281,Q18814623|Q2066131|Q2462658|Q36180|Q628099|Q937857,Q145,0,70,1,,train,0.59,0.64,0.69,,yes,yes,yes,yes,yes,,https://www.wikidata.org/wiki/Q44980,aligned_google_en_to_hi_plus_manual_verification,hindi_converted_601,google_en_to_hi,,,,
q45901,Q45901,थिएरी हेनरी,Thierry Henry,थिएरी डैनियल हेनरी,Thierry Daniel Henry,hi,2,explicit_plus_alias:birth_name,google_en_to_hi,P1477,FALSE,81.08108108,Q2986228|Q628099|Q937857,Q142,0,64.28571429,1,,train,0.56,0.77,0.62,,yes,yes,yes,yes,yes,,https://www.wikidata.org/wiki/Q45901,aligned_google_en_to_hi_plus_manual_verification,hindi_converted_601,google_en_to_hi,,,,
q464957,Q464957,नूर इनायत खान,Noor Inayat Khan,नूर उन निसा इनायत खान,Noor Un Nisa Inayat Khan,hi,2,explicit_plus_alias:birth_name,google_en_to_hi,P1477,FALSE,83.72093023,Q1397808|Q36180|Q4853732|Q49757|Q4991371|Q98052424,Q129286|Q145,0,78.57142857,1,,train,0.76,0.81,0.8,,yes,yes,yes,yes,yes,,https://www.wikidata.org/wiki/Q464957,aligned_google_en_to_hi_plus_manual_verification,hindi_converted_601,google_en_to_hi,,,,
q46696,Q46696,थियोडोसियस प्रथम,Theodosius I,थियोडोसियस महान,Theodosius the Great,hi,2,explicit_plus_alias:nickname,manual,P1449,FALSE,63.15789474,Q82955,Q1747689,0,64.51612903,1,,train,0.62,0.67,0.63,,yes,yes,yes,yes,yes,,https://www.wikidata.org/wiki/Q46696,aligned_google_en_to_hi_plus_manual_verification,hindi_converted_601,manual,,,,
q46780,Q46780,ऑरेलियन,Aurelian,लुसियस डोमिशियस ऑरेलियनस,Lucius Domitius Aurelianus,hi,2,explicit_plus_alias:birth_name,google_en_to_hi,P1477,FALSE,64.28571429,Q82955,Q1747689,0,46.66666667,1,,test,0.62,0.62,0.5,one Latin name contains the other,yes,yes,yes,yes,yes,,https://www.wikidata.org/wiki/Q46780,aligned_google_en_to_hi_plus_manual_verification,hindi_converted_601,google_en_to_hi,,,,
q47087,Q47087,आर्थर सी. क्लार्क,Arthur C. Clarke,आर्थर चार्ल्स क्लार्क,Arthur Charles Clarke,hi,2,explicit_plus_alias:birth_name,google_en_to_hi,P1477,FALSE,73.68421053,Q11900058|Q15980158|Q169470|Q18844224|Q205375|Q28389|Q36180|Q6625963|Q846430,Q145,0,78.78787879,1,,train,0.64,0.76,0.86,"the two Devanagari names are 86% similar, so Dev-Dev is near-trivial while Lat-Lat is not",yes,yes,yes,yes,yes,,https://www.wikidata.org/wiki/Q47087,aligned_google_en_to_hi_plus_manual_verification,hindi_converted_601,google_en_to_hi,,,,
q47163,Q47163,विट्रुवियस,Vitruvius,मार्कस विट्रुवियस पोलियो,Marcus Vitruvius Pollio,hi,2,explicit_plus_alias:birth_name,google_en_to_hi,P1477,FALSE,75.55555556,Q36180|Q4070283|Q42973|Q81096,Q1747689,0,62.5,1,,test,0.89,0.81,0.63,one Latin name contains the other,yes,yes,yes,yes,yes,,https://www.wikidata.org/wiki/Q47163,aligned_google_en_to_hi_plus_manual_verification,hindi_converted_601,google_en_to_hi,,,,
q47478,Q47478,स्वामी विवेकानन्द,Swami Vivekananda,नरेंद्रनाथ दत्त,Narendranath Datta,hi,2,explicit_plus_alias:birth_name,google_en_to_hi,alias,FALSE,97.14285714,Q11774202|Q12859263|Q177220|Q3579035|Q36180|Q37226|Q4964182|Q49757|Q64711780|Q733786|Q864380,Q129286,0,20,1,,validation,0.79,0.84,0.22,,yes,yes,yes,yes,yes,,https://www.wikidata.org/wiki/Q47478,aligned_google_en_to_hi_plus_manual_verification,hindi_converted_601,google_en_to_hi,,,,
q47480,Q47480,पॉल डिराक,Paul Dirac,पॉल एड्रियन मौरिस डिराक,Paul Adrien Maurice Dirac,hi,2,explicit_plus_alias:birth_name,google_en_to_hi,P1477,FALSE,69.3877551,Q121594|Q169470|Q170790|Q19350898|Q3400985|Q37226|Q81096|Q901|Q974144,Q145|Q39,0,50,1,,validation,0.5,0.65,0.56,,yes,yes,yes,yes,yes,,https://www.wikidata.org/wiki/Q47480,aligned_google_en_to_hi_plus_manual_verification,hindi_converted_601,google_en_to_hi,,,,
q47778,Q47778,गैरी लाइनकर,Gary Lineker,गैरी विंस्टन लाइनकर,Gary Winston Lineker,hi,2,explicit_plus_alias:birth_name,google_en_to_hi,P1477,FALSE,70,Q135301631|Q1930187|Q2986228|Q937857,Q145,0,71.42857143,1,,validation,0.7,0.7,0.71,,yes,yes,yes,yes,yes,,https://www.wikidata.org/wiki/Q47778,aligned_google_en_to_hi_plus_manual_verification,hindi_converted_601,google_en_to_hi,,,,
q47846,Q47846,नाओटो कान,Naoto Kan,कान नाओटो,Kan Naoto,hi,3,alias_observed,google_en_to_hi,alias,FALSE,94.11764706,Q1622272|Q19350898|Q82955,Q17,0,62.5,1,,train,0.89,0.89,0.6,,yes,yes,yes,yes,yes,,https://www.wikidata.org/wiki/Q47846,aligned_google_en_to_hi_plus_manual_verification,hindi_converted_601,google_en_to_hi,,,,
q48231,Q48231,ईदी अमीन,Idi Amin,ईदी अमीन दादा,Idi Amin Dada,hi,3,alias_observed,google_en_to_hi,alias,FALSE,95.65217391,Q189290|Q47064|Q82955,Q1036|Q1097943|Q851,0,77.77777778,1,,test,0.82,0.81,0.83,one Latin name contains the other,yes,yes,yes,yes,yes,,https://www.wikidata.org/wiki/Q48231,aligned_google_en_to_hi_plus_manual_verification,hindi_converted_601,google_en_to_hi,,,,
q482947,Q482947,नानी,Nani,लुइस कार्लोस अल्मेडा दा कुन्हा,Luís Carlos Almeida da Cunha,hi,2,explicit_plus_alias:birth_name,google_en_to_hi,P1477,FALSE,81.63265306,Q937857,Q45,0,13.33333333,1,,test,0.8,0.81,0.12,,yes,yes,yes,yes,yes,,https://www.wikidata.org/wiki/Q482947,aligned_google_en_to_hi_plus_manual_verification,hindi_converted_601,google_en_to_hi,,,,
q492527,Q492527,वी. ओ. चिदम्बरम पिल्लै,V. O. Chidambaram Pillai,कप्पलोतिया तामिज़न,Kappalottiya Tamilan,hi,3,alias_observed,verified_hindi,alias,FALSE,89.47368421,Q15253558|Q15627169|Q30242234|Q36180|Q40348|Q43845|Q82955,Q129286,0,22.85714286,1,,train,0.65,0.78,0.18,,yes,yes,yes,yes,yes,,https://www.wikidata.org/wiki/Q492527,aligned_google_en_to_hi_plus_manual_verification,hindi_converted_601,verified_hindi,,,,
q5152,Q5152,मुस्तफा कमाल अतातुर्क,Mustafa Kemal Atatürk,कमाल पाशा,Kemal Pasha,hi,3,alias_observed,google_en_to_hi,alias,FALSE,90,Q3242115|Q36180|Q372436|Q38239859|Q82955,Q12560|Q43,0,35.71428571,1,,test,0.85,0.87,0.35,,yes,yes,yes,yes,yes,,https://www.wikidata.org/wiki/Q5152,aligned_google_en_to_hi_plus_manual_verification,hindi_converted_601,google_en_to_hi,,,,
q539,Q539,जुज़ेप्पे गारिबाल्दी,Giuseppe Garibaldi,गारिबाल्दी,Garibaldi,hi,3,alias_observed,verified_hindi,alias,FALSE,100,Q1397808|Q178197|Q18814623|Q30242234|Q36180|Q47064|Q82955,Q142|Q162192|Q172579|Q2577303|Q419,0,66.66666667,1,,train,0.74,0.86,0.67,one Latin name contains the other,yes,yes,yes,yes,yes,,https://www.wikidata.org/wiki/Q539,aligned_google_en_to_hi_plus_manual_verification,hindi_converted_601,verified_hindi,,,,
q55719,Q55719,सरोजिनी वैद्य,Sarojini Vaidya,सरोजिनी शंकर वैद्य,Sarojini Shankar Vaidya,hi,3,alias_observed,google_en_to_hi,alias,FALSE,90.47619048,Q36180,Q1775277|Q668,0,85.71428571,1,,train,0.89,0.87,0.82,,yes,yes,yes,yes,yes,,https://www.wikidata.org/wiki/Q55719,aligned_google_en_to_hi_plus_manual_verification,hindi_converted_601,google_en_to_hi,,,,
q55722,Q55722,चिंतामण विनायक वैद्य,Chintaman Vinayak Vaidya,चि. वि. वैद्य,Chi. Vi. Vaidya,hi,3,alias_observed,manual,alias,FALSE,90.90909091,Q16533|Q2516866|Q36180|Q4479442,Q129286,0,71.42857143,1,,validation,0.84,0.86,0.62,,yes,yes,yes,yes,yes,,https://www.wikidata.org/wiki/Q55722,aligned_google_en_to_hi_plus_manual_verification,hindi_converted_601,google_en_to_hi,,,,
q55760,Q55760,गोविंद सखाराम सरदेसाई,Govind Sakharam Sardesai,रियासत्कर सरदेसाई,Riyasatkar Sardesai,hi,3,alias_observed,google_en_to_hi,alias,FALSE,92.30769231,Q1622272|Q201788|Q36180,Q129286|Q1775277|Q668,0,62.85714286,1,,train,0.87,0.84,0.61,,yes,yes,yes,yes,yes,,https://www.wikidata.org/wiki/Q55760,aligned_google_en_to_hi_plus_manual_verification,hindi_converted_601,google_en_to_hi,,,,
q55769,Q55769,पांडुरंग सदाशिव साने,Pandurang Sadashiv Sane,साने गुरुजी,Sane Guruji,hi,3,alias_observed,manual,alias,FALSE,100,Q14467526|Q1930187|Q2516866|Q333634|Q36180|Q4853732|Q7019111,Q129286|Q1775277|Q668,0,28.57142857,1,,test,0.86,0.91,0.27,,yes,yes,yes,yes,yes,,https://www.wikidata.org/wiki/Q55769,aligned_google_en_to_hi_plus_manual_verification,hindi_converted_601,google_en_to_hi,,,,
q55781,Q55781,विश्वनाथ काशीनाथ राजवाड़े,Vishwanath Kashinath Rajwade,इतिहासाचार्य राजवाड़े,Itihasacharya Rajwade,hi,3,alias_observed,google_en_to_hi,alias,FALSE,90,Q1607826|Q201788|Q36180|Q4479442,,0,53.65853659,1,,train,0.79,0.77,0.33,,yes,yes,yes,yes,yes,,https://www.wikidata.org/wiki/Q55781,aligned_google_en_to_hi_plus_manual_verification,hindi_converted_601,google_en_to_hi,,,,
q57063,Q57063,फिलिप लेनार्ड,Philipp Lenard,फिलिप एडुआर्ड एंटोन वॉन लेनार्ड,Philipp Eduard Anton von Lenard,hi,2,explicit_plus_alias:birth_name,google_en_to_hi,P1477,FALSE,81.3559322,Q1622272|Q169470|Q205375|Q82955,Q183|Q28,0,61.53846154,1,,train,0.89,0.83,0.58,,yes,yes,yes,yes,yes,,https://www.wikidata.org/wiki/Q57063,aligned_google_en_to_hi_plus_manual_verification,hindi_converted_601,google_en_to_hi,,,,
q57068,Q57068,विल्हेम विएन,Wilhelm Wien,विल्हेम कार्ल वर्नर ओटो फ्रिट्ज़ फ्रांज विएन,Wilhelm Carl Werner Otto Fritz Franz Wien,hi,2,explicit_plus_alias:birth_name,google_en_to_hi,P1477,FALSE,58.53658537,Q1622272|Q169470|Q19350898,Q183,0,50,1,,train,0.78,0.64,0.48,,yes,yes,yes,yes,yes,,https://www.wikidata.org/wiki/Q57068,aligned_google_en_to_hi_plus_manual_verification,hindi_converted_601,google_en_to_hi,,,,
q57159,Q57159,गुस्ताव बाउर,Gustav Bauer,गुस्ताव एडॉल्फ बाउर,Gustav Adolf Bauer,hi,2,explicit_plus_alias:birth_name,google_en_to_hi,P1477,FALSE,68.42105263,Q15627169|Q82955,Q183|Q27306,0,80,1,,train,0.72,0.68,0.8,,yes,yes,yes,yes,yes,,https://www.wikidata.org/wiki/Q57159,aligned_google_en_to_hi_plus_manual_verification,hindi_converted_601,google_en_to_hi,,,,
q57336,Q57336,अली ख़ामेनेई,Ali Khamenei,अली होसैनी खामेनेई,Ali Hosseini Khamenei,hi,3,alias_observed,verified_hindi,alias,FALSE,91.89189189,Q1999841|Q2259532|Q333634|Q36180|Q49757|Q82955,Q107258515|Q794,0,76.92307692,1,,train,0.88,0.83,0.8,,yes,yes,yes,yes,yes,,https://www.wikidata.org/wiki/Q57336,aligned_google_en_to_hi_plus_manual_verification,hindi_converted_601,verified_hindi,,,,
q57338,Q57338,महिन्द राजपक्ष,Mahinda Rajapaksa,महिन्द,Mahinda,hi,3,alias_observed,verified_hindi,alias,FALSE,100,Q15627169|Q2285706|Q40348|Q82955,Q854,0,44.44444444,1,,train,0.76,0.83,0.5,one Latin name contains the other,yes,yes,yes,yes,yes,,https://www.wikidata.org/wiki/Q57338,aligned_google_en_to_hi_plus_manual_verification,hindi_converted_601,verified_hindi,,,,
q57373,Q57373,आसिफ अली जरदारी,Asif Ali Zardari,आसिफ़ ज़रदारी,Asif Zardari,hi,3,alias_observed,google_en_to_hi,alias,FALSE,91.66666667,Q131524|Q82955,Q843,0,72,1,,train,0.67,0.64,0.75,,yes,yes,yes,yes,yes,,https://www.wikidata.org/wiki/Q57373,aligned_google_en_to_hi_plus_manual_verification,hindi_converted_601,google_en_to_hi,,,,
q57384,Q57384,वर्नर वॉन ब्रौन,Wernher von Braun,वर्नर मैग्नस मैक्सिमिलियन फ़्रीहरर वॉन ब्रौन,Wernher Magnus Maximilian Freiherr von Braun,hi,2,explicit_plus_alias:birth_name,google_en_to_hi,P1477,FALSE,61.53846154,Q10497074|Q15980158|Q169470|Q1779650|Q205375|Q47064|Q81096,Q30|Q41304|Q43287|Q713750|Q7318,0,50,1,,train,0.57,0.61,0.53,,yes,yes,yes,yes,yes,,https://www.wikidata.org/wiki/Q57384,aligned_google_en_to_hi_plus_manual_verification,hindi_converted_601,google_en_to_hi,,,,
q57705,Q57705,पेरी क्रिस्टी,Perry Christie,पेरी ग्लैडस्टोन क्रिस्टी,Perry Gladstone Christie,hi,2,explicit_plus_alias:birth_name,google_en_to_hi,P1477,FALSE,72.72727273,Q11513337|Q82955,Q778,0,70.58823529,1,,test,0.62,0.65,0.67,,yes,yes,yes,yes,yes,,https://www.wikidata.org/wiki/Q57705,aligned_google_en_to_hi_plus_manual_verification,hindi_converted_601,google_en_to_hi,,,,
q58441,Q58441,रोबिन्हो,Robinho,रॉबसन डी सूज़ा,Robson de Souza,hi,2,explicit_plus_alias:birth_name,google_en_to_hi,P1477,FALSE,60,Q18515558|Q628099|Q937857,Q155,0,31.57894737,1,,test,1,0.6,0.55,,yes,yes,yes,yes,yes,,https://www.wikidata.org/wiki/Q58441,aligned_google_en_to_hi_plus_manual_verification,hindi_converted_601,google_en_to_hi,,,,
q59192,Q59192,माइकल डॉसन,Michael Dawson,माइकल रिचर्ड डॉसन,Michael Richard Dawson,hi,2,explicit_plus_alias:birth_name,google_en_to_hi,P1477,FALSE,65.11627907,Q937857,Q145,0,76.92307692,1,,test,0.54,0.62,0.78,,yes,yes,yes,yes,yes,,https://www.wikidata.org/wiki/Q59192,aligned_google_en_to_hi_plus_manual_verification,hindi_converted_601,google_en_to_hi,,,,
q60068,Q60068,रजनीकांत,Rajinikanth,शिवाजी राव गायकवाड़,Shivaji Rao Gaekwad,hi,2,explicit_plus_alias:birth_name,google_en_to_hi,P1477,FALSE,70.27027027,Q10800557|Q177220|Q28389|Q3282637|Q33999|Q36180,Q668,0,33.33333333,1,,train,0.76,0.7,0.27,,yes,yes,yes,yes,yes,,https://www.wikidata.org/wiki/Q60068,aligned_google_en_to_hi_plus_manual_verification,hindi_converted_601,google_en_to_hi,,,,
q60903,Q60903,जॉर्ज यूरी राइट,George Yury Right,यूरी नेस्टरेंको,Yury Nesterenko,hi,2,explicit_plus_alias:pseudonym,google_en_to_hi,P742,FALSE,75.86206897,Q36180|Q49757|Q82594,Q159|Q30,0,38.46153846,1,,train,0.44,0.76,0.38,,yes,yes,yes,yes,yes,,https://www.wikidata.org/wiki/Q60903,aligned_google_en_to_hi_plus_manual_verification,hindi_converted_601,manual,,,,
q687,Q687,मोलिएरे,Molière,जीन-बैप्टिस्ट पॉक्वेलिन,Jean-Baptiste Poquelin,hi,2,explicit_plus_alias:birth_name,google_en_to_hi,P1477,FALSE,62.85714286,Q1776724|Q214917|Q2259451|Q3387717|Q33999|Q36180|Q39020112|Q487596|Q49757|Q9334029,Q70972,0,26.08695652,1,,validation,0.77,0.7,0.18,,yes,yes,yes,yes,yes,,https://www.wikidata.org/wiki/Q687,aligned_google_en_to_hi_plus_manual_verification,hindi_converted_601,google_en_to_hi,,,,
q7186,Q7186,मैरी क्यूरी,Marie Curie,मरिया सालोमिया स्कोलोडोव्स्का,Marya Salomea Skłodowska,hi,2,explicit_plus_alias:birth_name,google_en_to_hi,P1477,FALSE,80.85106383,Q1622272|Q169470|Q593644,Q142|Q207272|Q34266,0,27.02702703,1,,train,0.57,0.69,0.32,,yes,yes,yes,yes,yes,,https://www.wikidata.org/wiki/Q7186,aligned_google_en_to_hi_plus_manual_verification,hindi_converted_601,google_en_to_hi,,,,
q7241,Q7241,रवीन्द्रनाथ टैगोर,Rabindranath Tagore,रवीन्द्रनाथ ठाकुर,Ravindranath Thakur,hi,3,alias_observed,google_en_to_hi,alias,FALSE,89.47368421,Q1028181|Q115784320|Q11774202|Q15949613|Q16611574|Q177220|Q214917|Q2526255|Q30242234|Q33999|Q3579035|Q36180|Q36834|Q483501|Q4964182|Q49757|Q6625963|Q753110|Q8178443|Q822146,Q129286,0,70.96774194,1,,test,0.62,0.81,0.84,,yes,yes,yes,yes,yes,,https://www.wikidata.org/wiki/Q7241,aligned_google_en_to_hi_plus_manual_verification,hindi_converted_601,google_en_to_hi,,,,
q7245,Q7245,मार्क ट्वैन,Mark Twain,सेम्युअल लेन्गहोर्न क्लेमेन्स,Samuel Langhorne Clemens,hi,2,explicit_plus_alias:birth_name,verified_hindi,P1477,FALSE,70.83333333,Q12144794|Q12406482|Q175151|Q18814623|Q18844224|Q1930187|Q3579035|Q3606216|Q36180|Q37226|Q475604|Q4853732|Q4991371|Q6051619|Q6625963,Q30,0,37.83783784,1,,train,0.63,0.73,0.36,,yes,yes,yes,yes,yes,,https://www.wikidata.org/wiki/Q7245,aligned_google_en_to_hi_plus_manual_verification,hindi_converted_601,verified_hindi,,,,
q72984,Q72984,बिंग क्रॉस्बी,Bing Crosby,हैरी लिलिस क्रॉस्बी,Harry Lillis Crosby,hi,2,explicit_plus_alias:birth_name,google_en_to_hi,P1477,FALSE,66.66666667,Q10798782|Q10800557|Q10871364|Q15981151|Q177220|Q2259451|Q2405480|Q245068|Q2722764|Q28389|Q3282637|Q33999|Q36180|Q36834|Q43845|Q44508716|Q47541952|Q578109|Q639669|Q69423232,Q30,0,57.14285714,1,,validation,0.73,0.67,0.53,,yes,yes,yes,yes,yes,,https://www.wikidata.org/wiki/Q72984,aligned_google_en_to_hi_plus_manual_verification,hindi_converted_601,google_en_to_hi,,,,
q7299631,Q7299631,रेज़र स्मिथ,Razor Smith,विलियम चार्ल्स स्मिथ,William Charles Smith,hi,2,explicit_plus_alias:birth_name,google_en_to_hi,P1477,FALSE,73.68421053,Q12299841,Q145|Q174193,0,44.44444444,1,,train,0.7,0.74,0.47,,yes,yes,yes,yes,yes,,https://www.wikidata.org/wiki/Q7299631,aligned_google_en_to_hi_plus_manual_verification,hindi_converted_601,manual,,,,
q738368,Q738368,चन्द्रशेखर आज़ाद,Chandra Shekhar Azad,चन्द्रशेखर तिवारी,Chandrashekhar Tiwari,hi,2,explicit_plus_alias:birth_name,google_en_to_hi,P1477,FALSE,82.05128205,Q30242234|Q3242115,Q129286,0,71.42857143,1,,train,0.74,0.79,0.67,,yes,yes,yes,yes,yes,,https://www.wikidata.org/wiki/Q738368,aligned_google_en_to_hi_plus_manual_verification,hindi_converted_601,google_en_to_hi,,,,
q7450,Q7450,असीमा चैटर्जी,Asima Chatterjee,असीमा चट्टोपाध्याय,Asima Chattopadhyay,hi,3,alias_observed,verified_hindi,alias,FALSE,94.44444444,Q1622272|Q2374149|Q36180|Q593644,Q129286|Q1775277|Q668,0,55.17241379,1,,test,0.65,0.8,0.59,,yes,yes,yes,yes,yes,,https://www.wikidata.org/wiki/Q7450,aligned_google_en_to_hi_plus_manual_verification,hindi_converted_601,verified_hindi,,,,
q80405,Q80405,जूलियन मूर,Julianne Moore,जूली ऐनी स्मिथ,Julie Anne Smith,hi,2,explicit_plus_alias:birth_name,verified_hindi,P1477,FALSE,78.57142857,Q10798782|Q10800557|Q2259451|Q2405480|Q3282637|Q33999|Q36180|Q482980|Q4853732|Q578109|Q639669,Q145|Q30,0,34.7826087,1,,test,0.58,0.73,0.57,,yes,yes,yes,yes,yes,,https://www.wikidata.org/wiki/Q80405,aligned_google_en_to_hi_plus_manual_verification,hindi_converted_601,verified_hindi,,,,
q82180,Q82180,माता हरी,Mata Hari,मार्गरेटा गीर्टरुइडा ज़ेले,Margaretha Geertruida Zelle,hi,2,explicit_plus_alias:birth_name,google_en_to_hi,P1477,FALSE,84,Q376924|Q5420718|Q5716684|Q9352089,Q29999,0,31.25,1,,train,0.8,0.75,0.24,,yes,yes,yes,yes,yes,,https://www.wikidata.org/wiki/Q82180,aligned_google_en_to_hi_plus_manual_verification,hindi_converted_601,google_en_to_hi,,,,
q8873,Q8873,सत्यजित राय,Satyajit Ray,माणिक दा,Manik Da,hi,3,alias_observed,verified_hindi,alias,FALSE,93.33333333,Q1028181|Q1414443|Q1930187|Q222344|Q2526255|Q28389|Q3282637|Q36180|Q36834|Q4220892|Q4853732|Q49757|Q7042855|Q753110|Q822146,Q129286|Q1775277|Q668,0,12.5,1,,train,0.74,0.82,0,,yes,yes,yes,yes,yes,,https://www.wikidata.org/wiki/Q8873,aligned_google_en_to_hi_plus_manual_verification,hindi_converted_601,verified_hindi,,,,
q9061,Q9061,कार्ल मार्क्स,Karl Marx,कार्ल हेनरिक मार्क्स,Karl Heinrich Marx,hi,2,explicit_plus_alias:birth_name,google_en_to_hi,P1477,FALSE,68.57142857,Q188094|Q1930187|Q201788|Q2306091|Q3242115|Q36180|Q4964182|Q49757|Q82955,Q174193|Q223050|Q27306,0,80,1,,test,0.74,0.73,0.78,,yes,yes,yes,yes,yes,,https://www.wikidata.org/wiki/Q9061,aligned_google_en_to_hi_plus_manual_verification,hindi_converted_601,google_en_to_hi,,,,
q9161,Q9161,जोसिप ब्रोज़ टीटो,Josip Broz Tito,टीटो,Tito,hi,2,explicit_plus_alias:pseudonym,google_en_to_hi,P742,FALSE,100,Q111837|Q1397808|Q196721|Q3242115|Q3479990|Q372436|Q82955|Q860918,Q1277557|Q15102440|Q191077|Q28|Q83286,0,44.44444444,1,,train,0.79,1,0.4,one Latin name contains the other,yes,yes,yes,yes,yes,,https://www.wikidata.org/wiki/Q9161,aligned_google_en_to_hi_plus_manual_verification,hindi_converted_601,google_en_to_hi,,,,
q93330,Q93330,जुआन पेरोन,Juan Perón,जुआन डोमिंगो पेरोन,Juan Domingo Perón,hi,2,explicit_plus_alias:birth_name,google_en_to_hi,P1477,FALSE,68.42105263,Q189290|Q372436|Q82955,Q414,0,72,1,,validation,0.8,0.86,0.8,,yes,yes,yes,yes,yes,,https://www.wikidata.org/wiki/Q93330,aligned_google_en_to_hi_plus_manual_verification,hindi_converted_601,google_en_to_hi,,,,
q9513,Q9513,ए. पी. जे. अब्दुल कलाम,A. P. J. Abdul Kalam,अब्दुल कलाम,Abdul Kalam,hi,3,alias_observed,google_en_to_hi,alias,FALSE,90.90909091,Q10497074|Q15895020|Q37226|Q49757|Q81096|Q82955|Q901,Q129286|Q1775277|Q668,0,80,1,,train,0.76,0.9,0.82,one Latin name contains the other,yes,yes,yes,yes,yes,,https://www.wikidata.org/wiki/Q9513,aligned_google_en_to_hi_plus_manual_verification,hindi_converted_601,google_en_to_hi,,,,
q9535,Q9535,शाहरुख़ ख़ान,Shah Rukh Khan,किंग खान,King Khan,hi,2,explicit_plus_alias:pseudonym,verified_hindi,P742,FALSE,77.77777778,Q10798782|Q10800557|Q28389|Q3282637|Q33999|Q5716684|Q578109|Q639669|Q947873,Q668,0,37.5,1,,validation,0.92,0.94,0.4,,yes,yes,yes,yes,yes,,https://www.wikidata.org/wiki/Q9535,aligned_google_en_to_hi_plus_manual_verification,hindi_converted_601,verified_hindi,,,,
q9550,Q9550,कैटरीना कैफ़,Katrina Kaif,कैटरीना रोज़मेरी टरकोट,Katrina Rosemary Turcotte,hi,2,explicit_plus_alias:birth_name,verified_hindi,P1477,FALSE,62.5,Q10800557|Q33999|Q4610556,Q145,0,33.33333333,1,,train,0.78,0.65,0.44,,yes,yes,yes,yes,yes,,https://www.wikidata.org/wiki/Q9550,aligned_google_en_to_hi_plus_manual_verification,hindi_converted_601,verified_hindi,,,,
q19901232,Q19901232,द्रौपदी मुर्मू,Droupadi Murmu,दुर्गी बिरंची टुडू,Durgi Biranchi Tudu,hi,1,explicit_observed:birth_name,google_en_to_hi,P1477,FALSE,96.97,Q2251335|Q37226|Q82955,Q668,,40,,,,,,,,yes,yes,yes,yes,yes,,https://www.wikidata.org/wiki/Q19901232,aligned_google_en_to_hi_plus_manual_verification,hindi_converted_601,google_en_to_hi,label,92.31,40,0
q17150957,Q17150957,सुमन पोखरेल,Suman Pokharel,सुमना पोखरेला,Sumana Pokharela,hi,2,explicit_plus_alias:birth_name,manual,alias,FALSE,100,Q1028181|Q11774202|Q14467526|Q1650915|Q214917|Q3077353|Q333634|Q36180|Q4263842|Q49757|Q6673651|Q753110|Q822146,Q837,,90,,,,,,,A and B may be only spelling variants rather than distinct aliases,yes,yes,yes,yes,yes,,https://www.wikidata.org/wiki/Q17150957,aligned_google_en_to_hi_plus_manual_verification,hindi_converted_601,manual,alias,92.86,92.86,0
q218401,Q218401,रॉबर्टो सोलाडो,Roberto Soldado,रॉबर्टो सोलाडो रिलो,Roberto Soldado Rillo,hi,2,explicit_plus_alias:birth_name,google_en_to_hi,P1477,FALSE,91.89,Q937857,Q29,,88.89,,,,,,,,yes,yes,yes,yes,yes,,https://www.wikidata.org/wiki/Q218401,aligned_google_en_to_hi_plus_manual_verification,hindi_converted_601,google_en_to_hi,label,100,84.85,0
q250165,Q250165,सरोजिनी नायडू,Sarojini Naidu,सरोजिनी चट्टोपाध्याय,Sarojini Chattopadhyay,hi,2,explicit_plus_alias:birth_name,google_en_to_hi,P1477,FALSE,92.68,Q11571698|Q30242234|Q36180|Q49757|Q82955,Q129286|Q1775277|Q668,,62.07,,,,,,,,yes,yes,yes,yes,yes,,https://www.wikidata.org/wiki/Q250165,aligned_google_en_to_hi_plus_manual_verification,hindi_converted_601,google_en_to_hi,label,88.89,58.82,0
q466623,Q466623,एल्सा बेस्को,Elsa Beskow,एल्सा मार्टमैन,Elsa Maartman,hi,2,explicit_plus_alias:birth_name,google_en_to_hi,P1477,FALSE,88,Q1028181|Q10429561|Q15296811|Q15977927|Q1925963|Q2516866|Q36180|Q483501|Q4853732|Q644687,Q34,,52.17,,,,,,,,yes,yes,yes,yes,yes,,https://www.wikidata.org/wiki/Q466623,aligned_google_en_to_hi_plus_manual_verification,hindi_converted_601,google_en_to_hi,label,94.74,36.36,0
q793985,Q793985,सद्गुरु,Sadhguru,जग्गी वासुदेव,Jaggi Vasudev,hi,2,explicit_plus_alias:birth_name,google_en_to_hi,P1477,FALSE,96,Q12328016|Q12362622|Q2901587|Q3578589|Q36180|Q484260,Q668,,22.22,,,,,,,,yes,yes,yes,yes,yes,,https://www.wikidata.org/wiki/Q793985,aligned_google_en_to_hi_plus_manual_verification,hindi_converted_601,google_en_to_hi,label,87.5,30,0
q239513,Q239513,मार्क विदुका,Mark Viduka,मार्क एंटनी विदुका,Mark Antony Viduka,hi,2,explicit_plus_alias:birth_name,manual,P1477,FALSE,84.85,Q937857,Q408,,75.86,,,,,,,,yes,yes,yes,yes,yes,,https://www.wikidata.org/wiki/Q239513,aligned_google_en_to_hi_plus_manual_verification,hindi_converted_601,google_en_to_hi,label,95.24,76.92,0
q219724,Q219724,एनाबेल मदीना गैरिग्स,Anabel Medina Garrigues,एना इसाबेल मदीना गैरिग्स,Ana Isabel Medina Garrigues,hi,2,explicit_plus_alias:birth_name,google_en_to_hi,P1477,FALSE,91.67,Q10833314|Q13219424,Q29,,83.72,,,,,,,,yes,yes,yes,yes,yes,,https://www.wikidata.org/wiki/Q219724,aligned_google_en_to_hi_plus_manual_verification,hindi_converted_601,google_en_to_hi,label,84.44,93.33,0
q164389,Q164389,विल्हेम बर्कनेस,Vilhelm Bjerknes,विल्हेम फ्रिमन कोरेन बर्कनेस,Vilhelm Friman Koren Bjerknes,hi,2,explicit_plus_alias:birth_name,google_en_to_hi,P1477,FALSE,82.76,Q1113838|Q12094958|Q1622272|Q169470|Q170790|Q2310145|Q901,Q20,,76,,,,,,,,yes,yes,yes,yes,yes,,https://www.wikidata.org/wiki/Q164389,aligned_google_en_to_hi_plus_manual_verification,hindi_converted_601,google_en_to_hi,label,87.5,73.17,0
q173158,Q173158,बेन किंग्सले,Ben Kingsley,कृष्ण पंडित भानजी,Krishna Pandit Bhanji,hi,2,explicit_plus_alias:birth_name,google_en_to_hi,P1477,FALSE,84.21,Q10798782|Q10800557|Q2259451|Q33999|Q639669|Q948329,Q145,,14.29,,,,,,,,yes,yes,yes,yes,yes,,https://www.wikidata.org/wiki/Q173158,aligned_google_en_to_hi_plus_manual_verification,hindi_converted_601,google_en_to_hi,label,81.82,20,0
q380445,Q380445,शाहिद अफरीदी,Shahid Afridi,साहिबजादा मोहम्मद शाहिद खान अफरीदी,Sahibzada Mohammad Shahid Khan Afridi,hi,2,explicit_plus_alias:birth_name,google_en_to_hi,P1477,FALSE,84.51,Q12299841,Q843,,53.66,,,,,,,,yes,yes,yes,yes,yes,,https://www.wikidata.org/wiki/Q380445,aligned_google_en_to_hi_plus_manual_verification,hindi_converted_601,google_en_to_hi,label,80,53.33,0
q191023,Q191023,दिलन टॉमस,Dilan Tomas,डायलन मार्लैस थॉमस,Dylan Marlais Thomas,hi,2,explicit_plus_alias:birth_name,google_en_to_hi,P1477,FALSE,82.05,Q214917|Q2526255|Q28389|Q36180|Q49757|Q639669|Q6625963|Q69423232|Q73306227|Q8178443,Q145|Q174193,,72.73,,,,,,,,yes,yes,yes,yes,yes,,https://www.wikidata.org/wiki/Q191023,aligned_google_en_to_hi_plus_manual_verification,hindi_converted_601,google_en_to_hi,alias,80,64.29,0
q169846,Q169846,रुबिन्हो बैरिकेल्लो,Rubinho Barrichello,रूबेंस गोंसाल्वेस बैरिकेल्लो,Rubens Gonçalves Barrichello,hi,2,explicit_plus_alias:birth_name,google_en_to_hi,P1477,FALSE,79.25,Q10349745|Q10841764|Q2986228|Q947873,Q155,,66.67,,,,,,,,yes,yes,yes,yes,yes,,https://www.wikidata.org/wiki/Q169846,aligned_google_en_to_hi_plus_manual_verification,hindi_converted_601,google_en_to_hi,alias,80,72.73,0
q377789,Q377789,दिलीप कुमार,Dilip Kumar,मोहम्मद यूसुफ खान,Mohammed Yusuf Khan,hi,2,explicit_plus_alias:birth_name,google_en_to_hi,P1477,FALSE,78.95,Q10800557|Q2526255|Q28389|Q3282637|Q33999|Q82955,Q129286|Q668,,24,,,,,,,,yes,yes,yes,yes,yes,,https://www.wikidata.org/wiki/Q377789,aligned_google_en_to_hi_plus_manual_verification,hindi_converted_601,google_en_to_hi,label,90.91,22.22,0
q215434,Q215434,कागिशो डिकगाकोई,Kagisho Dikgacoi,कागिशो एविडेंस डिकगाकोई,Kagisho Evidence Dikgacoi,hi,2,explicit_plus_alias:birth_name,manual,P1477,FALSE,78.26,Q628099|Q937857,Q258,,66.67,,,,,,,,yes,yes,yes,yes,yes,,https://www.wikidata.org/wiki/Q215434,aligned_google_en_to_hi_plus_manual_verification,hindi_converted_601,google_en_to_hi,label,89.66,78.95,0
q92608,Q92608,ब्रायन कर्निघन,Brian Kernighan,ब्रायन विल्सन कर्निघन,Brian Wilson Kernighan,hi,2,explicit_plus_alias:birth_name,google_en_to_hi,P1477,FALSE,77.27,Q1622272|Q36180|Q5482740|Q81096|Q82594,Q16|Q30,,82.35,,,,,,,,yes,yes,yes,yes,yes,,https://www.wikidata.org/wiki/Q92608,aligned_google_en_to_hi_plus_manual_verification,hindi_converted_601,google_en_to_hi,label,83.87,82.35,0
q191136,Q191136,जेम्स मिलनर,James Milner,जेम्स फिलिप मिलनर,James Philip Milner,hi,2,explicit_plus_alias:birth_name,google_en_to_hi,P1477,FALSE,77.78,Q937857,Q145,,74.07,,,,,,,,yes,yes,yes,yes,yes,,https://www.wikidata.org/wiki/Q191136,aligned_google_en_to_hi_plus_manual_verification,hindi_converted_601,google_en_to_hi,label,75,78.57,0
q187238,Q187238,टिम काहिल,Tim Cahill,टिमोथी फिलिगा काहिल,Timothy Filiga Cahill,hi,2,explicit_plus_alias:birth_name,google_en_to_hi,P1477,FALSE,76.92,Q28389|Q36180|Q628099|Q937857,Q408|Q683,,64,,,,,,,manually check A cross-script lexical equivalence,yes,yes,yes,yes,yes,,https://www.wikidata.org/wiki/Q187238,aligned_google_en_to_hi_plus_manual_verification,hindi_converted_601,google_en_to_hi,label,73.68,64.29,0
q516921,Q516921,आंद्रे अय्यू,Andre Ayew,आंद्रे मॉर्गन रामी अय्यू,André Morgan Rami Ayew,hi,2,explicit_plus_alias:birth_name,google_en_to_hi,P1477,FALSE,76.19,Q937857,Q117|Q142,,66.67,,,,,,,manually check A cross-script lexical equivalence,yes,yes,yes,yes,yes,,https://www.wikidata.org/wiki/Q516921,aligned_google_en_to_hi_plus_manual_verification,hindi_converted_601,google_en_to_hi,alias,73.68,57.14,0
q192712,Q192712,काई सिगबाहन,Kai Siegbahn,काई मन्ने बोरजे सिगबाहन,Kai Manne Börje Siegbahn,hi,2,explicit_plus_alias:birth_name,google_en_to_hi,P1477,FALSE,73.17,Q1622272|Q169470,Q34,,64,,,,,,,manually check B cross-script lexical equivalence,yes,yes,yes,yes,yes,,https://www.wikidata.org/wiki/Q192712,aligned_google_en_to_hi_plus_manual_verification,hindi_converted_601,google_en_to_hi,label,81.82,68.75,0
q80222,Q80222,जोसेफ-लुई लैग्रेंज,Joseph-Louis Lagrange,ग्यूसेप लुडोविको लैग्रेंजिया,Giuseppe Ludovico Lagrangia,hi,2,explicit_plus_alias:birth_name,google_en_to_hi,P1477,FALSE,73.08,Q11063|Q1622272|Q169470|Q170790|Q20919317|Q3519259|Q36180|Q82955,Q142|Q165154,,51.06,,,,,,,manually check B cross-script lexical equivalence,yes,yes,yes,yes,yes,,https://www.wikidata.org/wiki/Q80222,aligned_google_en_to_hi_plus_manual_verification,hindi_converted_601,google_en_to_hi,label,75.68,59.09,0
q310965,Q310965,विंस ग्रेला,Vince Grella,विन्सेन्ज़ो ग्रेला,Vincenzo Grella,hi,2,explicit_plus_alias:birth_name,google_en_to_hi,P1477,FALSE,75.86,Q937857,Q408,,83.87,,,,,,,manually check A cross-script lexical equivalence,yes,yes,yes,yes,yes,,https://www.wikidata.org/wiki/Q310965,aligned_google_en_to_hi_plus_manual_verification,hindi_converted_601,google_en_to_hi,label,72.73,88,0
q311559,Q311559,जोशुआ कैनेडी,Joshua Kennedy,जोशुआ ब्लेक कैनेडी,Joshua Blake Kennedy,hi,2,explicit_plus_alias:birth_name,google_en_to_hi,P1477,FALSE,72.22,Q937857,Q408,,81.48,,,,,,,manually check B cross-script lexical equivalence,yes,yes,yes,yes,yes,,https://www.wikidata.org/wiki/Q311559,aligned_google_en_to_hi_plus_manual_verification,hindi_converted_601,google_en_to_hi,label,76.92,83.87,0
q312345,Q312345,थॉमाज़ बेलुची,Thomaz Bellucci,थॉमाज़ कोचियाराली बेलुची,Thomaz Cocchiarali Bellucci,hi,2,explicit_plus_alias:birth_name,google_en_to_hi,P1477,FALSE,71.7,Q10833314,Q155,,68.75,,,,,,,manually check A cross-script lexical equivalence; manually check B cross-script lexical equivalence,yes,yes,yes,yes,yes,,https://www.wikidata.org/wiki/Q312345,aligned_google_en_to_hi_plus_manual_verification,hindi_converted_601,google_en_to_hi,label,73.33,71.79,0
q318549,Q318549,एनेले न्गकोंग्का,Anele Ngcongca,केल्विन एनेले न्गकोंग्का,Calvin Anele Ngcongca,hi,2,explicit_plus_alias:birth_name,google_en_to_hi,P1477,FALSE,71.43,Q937857,Q258,,78.05,,,,,,,manually check B cross-script lexical equivalence,yes,yes,yes,yes,yes,,https://www.wikidata.org/wiki/Q318549,aligned_google_en_to_hi_plus_manual_verification,hindi_converted_601,google_en_to_hi,label,76.92,81.25,0
q215358,Q215358,लुकास नील,Lucas Neill,लुकास एडवर्ड नील,Lucas Edward Neill,hi,2,explicit_plus_alias:birth_name,google_en_to_hi,P1477,FALSE,70.59,Q937857,Q408,,72.73,,,,,,,manually check A cross-script lexical equivalence; manually check B cross-script lexical equivalence,yes,yes,yes,yes,yes,,https://www.wikidata.org/wiki/Q215358,aligned_google_en_to_hi_plus_manual_verification,hindi_converted_601,google_en_to_hi,label,70,76.92,0
q310380,Q310380,जोनास ब्योर्कमैन,Jonas Björkman,जोनास लार्स ब्योर्कमैन,Jonas Lars Björkman,hi,2,explicit_plus_alias:birth_name,google_en_to_hi,P1477,FALSE,70,Q10833314,Q34,,64.71,,,,,,,manually check B cross-script lexical equivalence,yes,yes,yes,yes,yes,,https://www.wikidata.org/wiki/Q310380,aligned_google_en_to_hi_plus_manual_verification,hindi_converted_601,google_en_to_hi,label,80,86.67,0
q321330,Q321330,माइल जेडिनक,Mile Jedinak,माइकल जॉन जेडिनक,Michael John Jedinak,hi,2,explicit_plus_alias:birth_name,google_en_to_hi,P1477,FALSE,70,Q628099|Q937857,Q408,,74.07,,,,,,,manually check B cross-script lexical equivalence,yes,yes,yes,yes,yes,,https://www.wikidata.org/wiki/Q321330,aligned_google_en_to_hi_plus_manual_verification,hindi_converted_601,google_en_to_hi,label,83.33,68.97,0
q170741,Q170741,मन्ने सिगबाहन,Manne Siegbahn,कार्ल मन्ने जॉर्ज सिगबैन,Karl Manne Georg Siegbahn,hi,2,explicit_plus_alias:birth_name,google_en_to_hi,P1477,FALSE,69.57,Q1622272|Q169470,Q34,,53.33,,,,,,,manually check B cross-script lexical equivalence,yes,yes,yes,yes,yes,,https://www.wikidata.org/wiki/Q170741,aligned_google_en_to_hi_plus_manual_verification,hindi_converted_601,google_en_to_hi,label,76.92,74.29,0
q483846,Q483846,गोंज़ालो हिगुएन,Gonzalo Higuaín,गोंज़ालो गेरार्डो हिगुएन,Gonzalo Gerardo Higuaín,hi,2,explicit_plus_alias:birth_name,google_en_to_hi,P1477,FALSE,79.07,Q937857,Q142|Q414,,76.47,,,,,,,manually check A cross-script lexical equivalence,yes,yes,yes,yes,yes,,https://www.wikidata.org/wiki/Q483846,aligned_google_en_to_hi_plus_manual_verification,hindi_converted_601,google_en_to_hi,label,68.97,80,0
q80424,Q80424,नेली फर्टाडो,Nelly Furtado,नेली किम फ़र्टाडो,Nelly Kim Furtado,hi,2,explicit_plus_alias:birth_name,google_en_to_hi,P1477,FALSE,71.43,Q10800557|Q14915627|Q177220|Q183945|Q33999|Q36834|Q488205|Q639669|Q855091,Q16|Q45,,56,,,,,,,manually check A cross-script lexical equivalence; manually check B cross-script lexical equivalence,yes,yes,yes,yes,yes,,https://www.wikidata.org/wiki/Q80424,aligned_google_en_to_hi_plus_manual_verification,hindi_converted_601,google_en_to_hi,label,66.67,88.89,0
q317521,Q317521,एलोन मस्क,Elon Musk,एलोन रीव मस्क,Elon Reeve Musk,hi,2,explicit_plus_alias:birth_name,google_en_to_hi,P1477,FALSE,66.67,Q11481802|Q12362622|Q131524|Q133253419|Q1979607|Q205375|Q212238|Q5482740|Q557880|Q81096|Q82955,Q16|Q258|Q30,,84.21,,,,,,,manually check B cross-script lexical equivalence,yes,yes,yes,yes,yes,,https://www.wikidata.org/wiki/Q317521,aligned_google_en_to_hi_plus_manual_verification,hindi_converted_601,google_en_to_hi,label,77.78,76.19,0
q464234,Q464234,वाल्डो पोंस,Waldo Ponce,वाल्डो अलोंसो पोंस कैरिज़ो,Waldo Alonso Ponce Carrizo,hi,2,explicit_plus_alias:birth_name,google_en_to_hi,P1477,FALSE,66.67,Q937857,Q298,,64.71,,,,,,,manually check A cross-script lexical equivalence; manually check B cross-script lexical equivalence,yes,yes,yes,yes,yes,,https://www.wikidata.org/wiki/Q464234,aligned_google_en_to_hi_plus_manual_verification,hindi_converted_601,google_en_to_hi,label,70,60.61,0
q191162,Q191162,एमिल हेस्की,Emile Heskey,एमिल विलियम इवानहो हेस्की,Emile William Ivanhoe Heskey,hi,2,explicit_plus_alias:birth_name,google_en_to_hi,P1477,FALSE,65.38,Q937857,Q145,,58.82,,,,,,,manually check B cross-script lexical equivalence,yes,yes,yes,yes,yes,,https://www.wikidata.org/wiki/Q191162,aligned_google_en_to_hi_plus_manual_verification,hindi_converted_601,google_en_to_hi,label,76.19,61.11,0
q294419,Q294419,ब्रेट एमर्टन,Brett Emerton,ब्रेट माइकल एमर्टन,Brett Michael Emerton,hi,2,explicit_plus_alias:birth_name,google_en_to_hi,P1477,FALSE,65,Q937857,Q408,,78.57,,,,,,,manually check A cross-script lexical equivalence; manually check B cross-script lexical equivalence,yes,yes,yes,yes,yes,,https://www.wikidata.org/wiki/Q294419,aligned_google_en_to_hi_plus_manual_verification,hindi_converted_601,google_en_to_hi,label,72,77.42,0
q311567,Q311567,जोहान्स रिडबर्ग,Johannes Rydberg,जोहान्स रॉबर्ट रिडबर्ग,Johannes Robert Rydberg,hi,2,explicit_plus_alias:birth_name,google_en_to_hi,P1477,FALSE,65.22,Q1622272|Q169470|Q170790,Q34,,82.35,,,,,,,manually check A cross-script lexical equivalence; manually check B cross-script lexical equivalence,yes,yes,yes,yes,yes,,https://www.wikidata.org/wiki/Q311567,aligned_google_en_to_hi_plus_manual_verification,hindi_converted_601,google_en_to_hi,label,64.52,83.33,0
q260794,Q260794,सनी लियोन,Sunny Leone,करनजीत कौर वोहरा,Karenjit Kaur Vohra,hi,2,explicit_plus_alias:birth_name,google_en_to_hi,P1477,FALSE,84.21,Q10800557|Q17456089|Q17456111|Q2526255|Q3286043|Q43845|Q4610556|Q488111|Q5716684,Q16|Q30,,18.18,,,,,,,manually check A cross-script lexical equivalence,yes,yes,yes,yes,yes,,https://www.wikidata.org/wiki/Q260794,aligned_google_en_to_hi_plus_manual_verification,hindi_converted_601,google_en_to_hi,label,63.16,14.81,0
q175303,Q175303,आरोन लेनन,Aaron Lennon,आरोन जस्टिन लेनन,Aaron Justin Lennon,hi,2,explicit_plus_alias:birth_name,google_en_to_hi,P1477,FALSE,62.86,Q937857,Q145,,57.14,,,,,,,manually check A cross-script lexical equivalence; manually check B cross-script lexical equivalence,yes,yes,yes,yes,yes,,https://www.wikidata.org/wiki/Q175303,aligned_google_en_to_hi_plus_manual_verification,hindi_converted_601,google_en_to_hi,label,72.73,78.57,0
q204068,Q204068,पैट्रिक राफ्टर,Patrick Rafter,पैट्रिक माइकल राफ्टर,Patrick Michael Rafter,hi,2,explicit_plus_alias:birth_name,google_en_to_hi,P1477,FALSE,62.22,Q10833314,Q408,,81.25,,,,,,,manually check A cross-script lexical equivalence; manually check B cross-script lexical equivalence,yes,yes,yes,yes,yes,,https://www.wikidata.org/wiki/Q204068,aligned_google_en_to_hi_plus_manual_verification,hindi_converted_601,google_en_to_hi,label,66.67,78.79,0
q172792,Q172792,डैरेन फ्लेचर,Darren Fletcher,डैरेन बर्र फ्लेचर,Darren Barr Fletcher,hi,2,explicit_plus_alias:birth_name,google_en_to_hi,P1477,FALSE,63.16,Q628099|Q937857,Q145,,88,,,,,,,manually check A cross-script lexical equivalence; manually check B cross-script lexical equivalence,yes,yes,yes,yes,yes,,https://www.wikidata.org/wiki/Q172792,aligned_google_en_to_hi_plus_manual_verification,hindi_converted_601,google_en_to_hi,label,60,87.5,0
q132596,Q132596,तारो एसो,Taro Aso,एसो तारो,Aso Taro,hi,3,alias_observed,google_en_to_hi,alias,FALSE,100,Q131524|Q188094|Q193391|Q2285706|Q82955,Q17,,57.14,,,,,,,same-person relation inferred from aliases; verify source,yes,yes,yes,yes,yes,,https://www.wikidata.org/wiki/Q132596,aligned_google_en_to_hi_plus_manual_verification,hindi_converted_601,google_en_to_hi,alias,100,57.14,0
q134798,Q134798,हारुकी मुराकामी,Haruki Murakami,मुराकामी हारुकी,Murakami Haruki,hi,3,alias_observed,google_en_to_hi,alias,FALSE,100,Q11513337|Q11774202|Q12144794|Q14467526|Q15949613|Q1622272|Q18844224|Q333634|Q36180|Q6625963,Q17,,57.14,,,,,,,same-person relation inferred from aliases; verify source,yes,yes,yes,yes,yes,,https://www.wikidata.org/wiki/Q134798,aligned_google_en_to_hi_plus_manual_verification,hindi_converted_601,google_en_to_hi,label,100,57.14,0
q152325,Q152325,इसोरोकू यामामोटो,Isoroku Yamamoto,यामामोटो इसोरोकू,Yamamoto Isoroku,hi,3,alias_observed,google_en_to_hi,alias,FALSE,100,Q132851|Q189290,Q17,,53.33,,,,,,,same-person relation inferred from aliases; verify source,yes,yes,yes,yes,yes,,https://www.wikidata.org/wiki/Q152325,aligned_google_en_to_hi_plus_manual_verification,hindi_converted_601,google_en_to_hi,label,100,53.33,0
q180446,Q180446,ली ना,Li Na,ना ली,Na Li,hi,3,alias_observed,google_en_to_hi,alias,FALSE,100,Q10833314|Q18814623,Q148,,50,,,,,,,same-person relation inferred from aliases; verify source,yes,yes,yes,yes,yes,,https://www.wikidata.org/wiki/Q180446,aligned_google_en_to_hi_plus_manual_verification,hindi_converted_601,google_en_to_hi,label,100,50,0
q197736,Q197736,राजेंद्र प्रसाद,Rajendra Prasad,राजेंद्र बाबू,Rajendra Babu,hi,3,alias_observed,google_en_to_hi,alias,FALSE,100,Q20826540|Q36180|Q37226|Q40348|Q82955,Q129286|Q1775277|Q668,,68.97,,,,,,,same-person relation inferred from aliases; verify source,yes,yes,yes,yes,yes,,https://www.wikidata.org/wiki/Q197736,aligned_google_en_to_hi_plus_manual_verification,hindi_converted_601,google_en_to_hi,label,100,69.23,0
q466330,Q466330,मीरा,Mira,जसोदा,Jasoda,hi,3,alias_observed,google_en_to_hi,alias,FALSE,100,Q12328016|Q36180|Q49757,Q668,,22.22,,,,,,,same-person relation inferred from aliases; verify source,yes,yes,yes,yes,yes,,https://www.wikidata.org/wiki/Q466330,aligned_google_en_to_hi_plus_manual_verification,hindi_converted_601,google_en_to_hi,alias,100,20,0
q465826,Q465826,रेखा,Rekha,भानुरेखा गणेशन,Bhanurekha Ganesan,hi,3,alias_observed,google_en_to_hi,alias,FALSE,97.14,Q10800557|Q1755412|Q33999|Q639669|Q82955,Q668,,47.06,,,,,,,same-person relation inferred from aliases; verify source,yes,yes,yes,yes,yes,,https://www.wikidata.org/wiki/Q465826,aligned_google_en_to_hi_plus_manual_verification,hindi_converted_601,google_en_to_hi,alias,100,45.45,0
q229073,Q229073,यारोस्लावा श्वेदोवा,Yaroslava Shvedova,यारोस्लावा व्याचेस्लावोवना श्वेदोवा,Yaroslava Vyacheslavovna Shvedova,hi,3,alias_observed,google_en_to_hi,alias,FALSE,95.08,Q10833314,Q159|Q232,,66.67,,,,,,,same-person relation inferred from aliases; verify source,yes,yes,yes,yes,yes,,https://www.wikidata.org/wiki/Q229073,aligned_google_en_to_hi_plus_manual_verification,hindi_converted_601,google_en_to_hi,label,96.97,70.83,0
q101547,Q101547,ठाबो म्बेकि,Thabo Mbeki,थाबो म्वूयेलवा म्बेकी,Thabo Mvuyelwa Mbeki,hi,3,alias_observed,verified_hindi,alias,FALSE,94.44,Q188094|Q82955|Q83307,Q258,,66.67,,,,,,,same-person relation inferred from aliases; verify source,yes,yes,yes,yes,yes,,https://www.wikidata.org/wiki/Q101547,aligned_google_en_to_hi_plus_manual_verification,hindi_converted_601,verified_hindi,label,100,71.43,0
q160554,Q160554,मोहम्मद अली जिन्ना,Mohammad Ali Jinnah,मुहम्मद अली जिन्ना,Muhammad Ali Jinnah,hi,3,alias_observed,google_en_to_hi,alias,FALSE,94.44,Q30242234|Q40348|Q808967|Q82955,Q129286|Q843,,90.91,,,,,,,A and B may be only spelling variants rather than distinct aliases; same-person relation inferred from aliases; verify source,yes,yes,yes,yes,yes,,https://www.wikidata.org/wiki/Q160554,aligned_google_en_to_hi_plus_manual_verification,hindi_converted_601,google_en_to_hi,label,94.12,94.12,0
q229104,Q229104,किमिको डेट,Kimiko Date,किमिको डेट-क्रुम,Kimiko Date-Krumm,hi,3,alias_observed,google_en_to_hi,alias,FALSE,93.33,Q10833314|Q8246794,Q17,,80,,,,,,,same-person relation inferred from aliases; verify source,yes,yes,yes,yes,yes,,https://www.wikidata.org/wiki/Q229104,aligned_google_en_to_hi_plus_manual_verification,hindi_converted_601,google_en_to_hi,label,100,80,0
q333981,Q333981,याह्या खान,Yahya Khan,आगा मुहम्मद याह्या खान,Agha Muhammad Yahya Khan,hi,3,alias_observed,google_en_to_hi,alias,FALSE,93.02,Q193391|Q47064|Q82955,Q129286|Q843,,64.29,,,,,,,same-person relation inferred from aliases; verify source,yes,yes,yes,yes,yes,,https://www.wikidata.org/wiki/Q333981,aligned_google_en_to_hi_plus_manual_verification,hindi_converted_601,google_en_to_hi,label,94.74,60,0
q487098,Q487098,अनास्तासिया रोडियोनोवा,Anastasia Rodionova,अनास्तासिया इवानोव्ना रोडियोनोवा,Anastasia Ivanovna Rodionova,hi,3,alias_observed,google_en_to_hi,alias,FALSE,92.86,Q10833314,Q159|Q408,,80.7,,,,,,,same-person relation inferred from aliases; verify source,yes,yes,yes,yes,yes,,https://www.wikidata.org/wiki/Q487098,aligned_google_en_to_hi_plus_manual_verification,hindi_converted_601,google_en_to_hi,label,92.31,81.82,0
q3695020,Q3695020,अमानत अली खान,Amanat Ali Khan,उस्ताद अमानत अली खान,Ustad Amanat Ali Khan,hi,3,alias_observed,google_en_to_hi,alias,FALSE,92.31,Q177220,Q129286|Q1775277|Q668|Q843,,78.57,,,,,,,same-person relation inferred from aliases; verify source,yes,yes,yes,yes,yes,,https://www.wikidata.org/wiki/Q3695020,aligned_google_en_to_hi_plus_manual_verification,hindi_converted_601,google_en_to_hi,label,92.86,83.87,0
q3528474,Q3528474,अजित कोसल कुरुप्पुराच्चि,Ajith Kosala Kuruppuarachchi,कोसल कुरुप्पुराच्चि,Kosala Kuruppuarachchi,hi,3,alias_observed,google_en_to_hi,label,FALSE,97.56,Q12299841,Q854,,86.36,,,,,,,same-person relation inferred from aliases; verify source,yes,yes,yes,yes,yes,,https://www.wikidata.org/wiki/Q3528474,aligned_google_en_to_hi_plus_manual_verification,hindi_converted_601,google_en_to_hi,alias,92,89.36,0
q230571,Q230571,वेरा दुशेविना,Vera Dushevina,वेरा येवगेनयेवना दुशेविना,Vera Yevgenyevna Dushevina,hi,3,alias_observed,google_en_to_hi,alias,FALSE,92,Q10833314,Q159,,60.47,,,,,,,same-person relation inferred from aliases; verify source,yes,yes,yes,yes,yes,,https://www.wikidata.org/wiki/Q230571,aligned_google_en_to_hi_plus_manual_verification,hindi_converted_601,google_en_to_hi,label,92.31,70.27,0
q313051,Q313051,डेनिस कोलोडिन,Denis Kolodin,डेनिस अलेक्सेयेविच कोलोडिन,Denis Alekseyevich Kolodin,hi,3,alias_observed,google_en_to_hi,alias,FALSE,92,Q628099|Q937857,Q159,,66.67,,,,,,,same-person relation inferred from aliases; verify source,yes,yes,yes,yes,yes,,https://www.wikidata.org/wiki/Q313051,aligned_google_en_to_hi_plus_manual_verification,hindi_converted_601,google_en_to_hi,label,92.31,66.67,0
q318481,Q318481,अपोलिनारियो माबिनी,Apolinario Mabini,अपोलिनारियो माबिनी वाई मारानन,Apolinario Mabini y Maranan,hi,3,alias_observed,google_en_to_hi,alias,FALSE,92,Q16533|Q18814623|Q1930187|Q193391|Q82955,Q928,,80.95,,,,,,,same-person relation inferred from aliases; verify source,yes,yes,yes,yes,yes,,https://www.wikidata.org/wiki/Q318481,aligned_google_en_to_hi_plus_manual_verification,hindi_converted_601,google_en_to_hi,label,96.97,80,0
q298547,Q298547,मुकेश अंबानी,Mukesh Ambani,मुकेश धीरूभाई अंबानी,Mukesh Dhirubhai Ambani,hi,3,alias_observed,google_en_to_hi,alias,FALSE,95.24,Q131524|Q43845|Q627325,Q668,,75.86,,,,,,,same-person relation inferred from aliases; verify source,yes,yes,yes,yes,yes,,https://www.wikidata.org/wiki/Q298547,aligned_google_en_to_hi_plus_manual_verification,hindi_converted_601,google_en_to_hi,label,91.67,72.73,0
q469818,Q469818,उदित नारायण,Udit Narayan,उदित नारायण झा,Udit Narayan Jha,hi,3,alias_observed,google_en_to_hi,label,FALSE,93.33,Q10800557|Q1755412|Q177220|Q3282637|Q55960555|Q639669|Q947873,Q668|Q837,,90.91,,,,,,,A and B may be only spelling variants rather than distinct aliases; same-person relation inferred from aliases; verify source,yes,yes,yes,yes,yes,,https://www.wikidata.org/wiki/Q469818,aligned_google_en_to_hi_plus_manual_verification,hindi_converted_601,google_en_to_hi,alias,91.67,88,0
q1170634,Q1170634,अमीनुल इस्लाम,Aminul Islam,मोहम्मद अमीनुल इस्लाम,Mohammad Aminul Islam,hi,3,alias_observed,google_en_to_hi,alias,FALSE,92.68,Q12299841,Q843|Q902,,77.42,,,,,,,same-person relation inferred from aliases; verify source,yes,yes,yes,yes,yes,,https://www.wikidata.org/wiki/Q1170634,aligned_google_en_to_hi_plus_manual_verification,hindi_converted_601,google_en_to_hi,alias,91.67,73.33,0
q1187662,Q1187662,महमूदुल्लाह,Mahmudullah,मोहम्मद महमूदुल्लाह,Mohammad Mahmudullah,hi,3,alias_observed,google_en_to_hi,alias,FALSE,92.68,Q12299841,Q902,,75.86,,,,,,,same-person relation inferred from aliases; verify source,yes,yes,yes,yes,yes,,https://www.wikidata.org/wiki/Q1187662,aligned_google_en_to_hi_plus_manual_verification,hindi_converted_601,google_en_to_hi,label,91.67,73.33,0
q441417,Q441417,रोमन एडमोव,Roman Adamov,रोमन स्टानिस्लावोविच एडमोव,Roman Stanislavovich Adamov,hi,3,alias_observed,google_en_to_hi,alias,FALSE,92.31,Q628099|Q937857,Q159,,57.14,,,,,,,same-person relation inferred from aliases; verify source,yes,yes,yes,yes,yes,,https://www.wikidata.org/wiki/Q441417,aligned_google_en_to_hi_plus_manual_verification,hindi_converted_601,google_en_to_hi,label,91.67,61.11,0
q3531326,Q3531326,अथुला समरसेकेरा,Athula Samarasekera,मैतीपेज अथुला रोहिता समरसेकेरा,Maitipage Athula Rohitha Samarasekera,hi,3,alias_observed,google_en_to_hi,alias,FALSE,93.94,Q12299841,Q854,,64.86,,,,,,,same-person relation inferred from aliases; verify source,yes,yes,yes,yes,yes,,https://www.wikidata.org/wiki/Q3531326,aligned_google_en_to_hi_plus_manual_verification,hindi_converted_601,google_en_to_hi,label,91.43,69.23,0
q5769763,Q5769763,हिरेन वरैया,Hiren Varaiya,हिरेन अशोक वरैया,Hiren Ashok Varaiya,hi,3,alias_observed,google_en_to_hi,alias,FALSE,91.43,Q12299841,Q114,,83.33,,,,,,,same-person relation inferred from aliases; verify source,yes,yes,yes,yes,yes,,https://www.wikidata.org/wiki/Q5769763,aligned_google_en_to_hi_plus_manual_verification,hindi_converted_601,google_en_to_hi,label,96,82.76,0
q202006,Q202006,ओलेसेगुन ओबासंजो,Olesegun Obasanjo,ओलुसेगुन ओबासंजो,Olusegun Obasanjo,hi,3,alias_observed,google_en_to_hi,label,FALSE,90.91,Q47064|Q81096|Q82955,Q1033,,90.91,,,,,,,A and B may be only spelling variants rather than distinct aliases; same-person relation inferred from aliases; verify source,yes,yes,yes,yes,yes,,https://www.wikidata.org/wiki/Q202006,aligned_google_en_to_hi_plus_manual_verification,hindi_converted_601,google_en_to_hi,alias,90.91,93.75,0
q3522442,Q3522442,अनुरा रणसिंघे,Anura Ranasinghe,अनुरा नंदना रणसिंघे,Anura Nandana Ranasinghe,hi,3,alias_observed,google_en_to_hi,alias,FALSE,90.91,Q12299841,Q854,,85.71,,,,,,,same-person relation inferred from aliases; verify source,yes,yes,yes,yes,yes,,https://www.wikidata.org/wiki/Q3522442,aligned_google_en_to_hi_plus_manual_verification,hindi_converted_601,google_en_to_hi,label,93.33,81.08,0
q3529872,Q3529872,चमारा कपुगेदेरा,Chamara Kapugedera,चमारा कंथा कपुगेदेरा,Chamara Kantha Kapugedera,hi,3,alias_observed,google_en_to_hi,alias,FALSE,90.91,Q12299841,Q854,,86.67,,,,,,,same-person relation inferred from aliases; verify source,yes,yes,yes,yes,yes,,https://www.wikidata.org/wiki/Q3529872,aligned_google_en_to_hi_plus_manual_verification,hindi_converted_601,google_en_to_hi,label,96.97,85,0
q214891,Q214891,बोंगानी खुमालो,Bongani Khumalo,बोंगानी सैंडिले खुमालो,Bongani Sandile Khumalo,hi,3,alias_observed,google_en_to_hi,alias,FALSE,90.48,Q937857,Q258,,78.79,,,,,,,same-person relation inferred from aliases; verify source,yes,yes,yes,yes,yes,,https://www.wikidata.org/wiki/Q214891,aligned_google_en_to_hi_plus_manual_verification,hindi_converted_601,google_en_to_hi,label,92.86,80,0
q7710745,Q7710745,थरंगा परनविताना,Tharanga Paranavitana,निशाद थरंगा परनविताना,Nishad Tharanga Paranavitana,hi,3,alias_observed,google_en_to_hi,alias,FALSE,90.2,Q12299841,Q854,,85.71,,,,,,,same-person relation inferred from aliases; verify source,yes,yes,yes,yes,yes,,https://www.wikidata.org/wiki/Q7710745,aligned_google_en_to_hi_plus_manual_verification,hindi_converted_601,google_en_to_hi,label,92.31,86.96,0
q316388,Q316388,हंस सरपेई,Hans Sarpei,हंस अदु सरपेई,Hans Adu Sarpei,hi,3,alias_observed,google_en_to_hi,alias,FALSE,92.31,Q15978655|Q628099|Q937857|Q947873,Q117,,88,,,,,,,same-person relation inferred from aliases; verify source,yes,yes,yes,yes,yes,,https://www.wikidata.org/wiki/Q316388,aligned_google_en_to_hi_plus_manual_verification,hindi_converted_601,google_en_to_hi,label,90,86.96,0
q231974,Q231974,येकातेरिना वोलोडको,Yekaterina Volodko,येकातेरिना बोंडारेंको,Yekaterina Bondarenko,hi,3,alias_observed,google_en_to_hi,alias,FALSE,90,Q10833314,Q15180|Q212,,61.11,,,,,,,same-person relation inferred from aliases; verify source,yes,yes,yes,yes,yes,,https://www.wikidata.org/wiki/Q231974,aligned_google_en_to_hi_plus_manual_verification,hindi_converted_601,google_en_to_hi,alias,93.75,75.68,0
q233231,Q233231,ऐलेना लिखोवत्सेवा,Elena Likhovtseva,येलेना अलेक्जेंड्रोवना लिखोवत्सेवा,Yelena Aleksandrovna Likhovtseva,hi,3,alias_observed,google_en_to_hi,alias,FALSE,90,Q10833314,Q15180|Q159|Q232,,68,,,,,,,same-person relation inferred from aliases; verify source,yes,yes,yes,yes,yes,,https://www.wikidata.org/wiki/Q233231,aligned_google_en_to_hi_plus_manual_verification,hindi_converted_601,google_en_to_hi,label,100,69.57,0
q315706,Q315706,टेको मोडिसे,Teko Modise,टेको शोलोफेलो मोडिसे,Teko Tsholofelo Modise,hi,3,alias_observed,google_en_to_hi,alias,FALSE,90,Q937857,Q258,,66.67,,,,,,,same-person relation inferred from aliases; verify source,yes,yes,yes,yes,yes,,https://www.wikidata.org/wiki/Q315706,aligned_google_en_to_hi_plus_manual_verification,hindi_converted_601,google_en_to_hi,label,100,66.67,0
q448360,Q448360,पुसरला वेंकट सिंधु,Pusarla Venkata Sindhu,सिंधु पुसरला वेंकट,Sindhu Pusarla Venkata,hi,3,alias_observed,google_en_to_hi,alias,FALSE,90,Q13141064|Q58825429,Q668,,54.05,,,,,,,same-person relation inferred from aliases; verify source,yes,yes,yes,yes,yes,,https://www.wikidata.org/wiki/Q448360,aligned_google_en_to_hi_plus_manual_verification,hindi_converted_601,google_en_to_hi,label,92.68,70,0
q57441,Q57441,रामवरण यादव,Ramvaran Yadav,रामबरन यादव,Ram Baran Yadav,hi,3,alias_observed,google_en_to_hi,label,FALSE,89.66,Q82955,Q837,,80,,,,,,,same-person relation inferred from aliases; verify source,yes,yes,yes,yes,yes,,https://www.wikidata.org/wiki/Q57441,aligned_google_en_to_hi_plus_manual_verification,hindi_converted_601,google_en_to_hi,alias,89.66,92.31,0
q3349946,Q3349946,राजिन सालेह,Rajin Saleh,खोंडोकर मोहम्मद राजिन सालेह आलम,Khondokar Mohammad Rajin Saleh Alam,hi,3,alias_observed,google_en_to_hi,alias,FALSE,89.55,Q12299841,Q902,,54.05,,,,,,,same-person relation inferred from aliases; verify source,yes,yes,yes,yes,yes,,https://www.wikidata.org/wiki/Q3349946,aligned_google_en_to_hi_plus_manual_verification,hindi_converted_601,google_en_to_hi,label,90.91,48.78,0
q2724503,Q2724503,तिलकरत्ने दिलशान,Tillakaratne Dilshan,तिलकरत्ने मुदियानसेलागे दिलशान,Tillakaratne Mudiyanselage Dilshan,hi,3,alias_observed,google_en_to_hi,alias,FALSE,92.06,Q12299841,Q833|Q854,,71.43,,,,,,,same-person relation inferred from aliases; verify source,yes,yes,yes,yes,yes,,https://www.wikidata.org/wiki/Q2724503,aligned_google_en_to_hi_plus_manual_verification,hindi_converted_601,google_en_to_hi,label,89.47,74.51,0
q102664,Q102664,मिखाइल ताल,Mikhail Tal,मिखाइल नेखेमीविच ताल,Mikhail Nekhemievich Tal,hi,3,alias_observed,google_en_to_hi,alias,FALSE,89.36,Q105269|Q10873124|Q1930187|Q2627699|Q36180,Q15180|Q211,,62.07,,,,,,,same-person relation inferred from aliases; verify source,yes,yes,yes,yes,yes,,https://www.wikidata.org/wiki/Q102664,aligned_google_en_to_hi_plus_manual_verification,hindi_converted_601,google_en_to_hi,,90.91,62.5,0
q868653,Q868653,लारिसा सदारंगानी,Larisa Sadarangani,लारिसा किशोर सदारंगानी,Larisa Kishore Sadarangani,hi,3,alias_observed,google_en_to_hi,alias,FALSE,89.36,Q13141064,Q664|Q668,,85.71,,,,,,,same-person relation inferred from aliases; verify source,yes,yes,yes,yes,yes,,https://www.wikidata.org/wiki/Q868653,aligned_google_en_to_hi_plus_manual_verification,hindi_converted_601,google_en_to_hi,label,94.12,82.93,0
q47854,Q47854,प्रतिभा देवीसिंह पाटिल,Pratibha Devisingh Patil,प्रतिभा पाटिल,Pratibha Patil,hi,3,alias_observed,google_en_to_hi,label,FALSE,96.3,Q40348|Q82955,Q129286|Q1775277|Q668,,75,,,,,,,same-person relation inferred from aliases; verify source,yes,yes,yes,yes,yes,,https://www.wikidata.org/wiki/Q47854,aligned_google_en_to_hi_plus_manual_verification,hindi_converted_601,google_en_to_hi,alias,88.89,74.29,0
q2312779,Q2312779,लसिथ मलिंगा,Lasith Malinga,सेपरामाडु लसिथ मलिंगा,Separamadu Lasith Malinga,hi,3,alias_observed,google_en_to_hi,alias,FALSE,93.62,Q12299841,Q854,,66.67,,,,,,,same-person relation inferred from aliases; verify source,yes,yes,yes,yes,yes,,https://www.wikidata.org/wiki/Q2312779,aligned_google_en_to_hi_plus_manual_verification,hindi_converted_601,google_en_to_hi,label,88.89,72.22,0
q290438,Q290438,लारा दत्ता,Lara Dutta,लारा दत्ता भूपति,Lara Dutta Bhupathi,hi,3,alias_observed,google_en_to_hi,alias,FALSE,90.91,Q10800557|Q18581305|Q33999|Q4610556,Q668,,78.26,,,,,,,same-person relation inferred from aliases; verify source,yes,yes,yes,yes,yes,,https://www.wikidata.org/wiki/Q290438,aligned_google_en_to_hi_plus_manual_verification,hindi_converted_601,google_en_to_hi,label,88.89,69.23,0
q3529082,Q3529082,हरुनूर रशीद,Harunur Rashid,मोहम्मद हरुनूर रशीद,Mohammad Harunur Rashid,hi,3,alias_observed,google_en_to_hi,alias,FALSE,90.91,Q12299841,Q843|Q902,,74.07,,,,,,,same-person relation inferred from aliases; verify source,yes,yes,yes,yes,yes,,https://www.wikidata.org/wiki/Q3529082,aligned_google_en_to_hi_plus_manual_verification,hindi_converted_601,google_en_to_hi,label,88.89,76.47,0
q2484404,Q2484404,युवल नूह हरारी,Yuval Noah Harari,युवल एन. हरारी,Yuval N. Harari,hi,3,alias_observed,manual,alias,FALSE,88.89,Q112972705|Q1493121|Q1622272|Q201788|Q3332711|Q36180|Q4964182,Q801,,92.86,,,,,,,A and B may be only spelling variants rather than distinct aliases; same-person relation inferred from aliases; verify source,yes,yes,yes,yes,yes,,https://www.wikidata.org/wiki/Q2484404,aligned_google_en_to_hi_plus_manual_verification,hindi_converted_601,google_en_to_hi,label,90.32,88.89,0
q234898,Q234898,ए. सी. भक्तिवेदांत स्वामी प्रभुपाद,A. C. Bhaktivedanta Swami Prabhupada,श्रील प्रभुपाद,Srila Prabhupada,hi,3,alias_observed,google_en_to_hi,alias,FALSE,100,Q333634|Q36180|Q4964182,Q129286|Q1775277|Q668,,47.62,,,,,,,same-person relation inferred from aliases; verify source,yes,yes,yes,yes,yes,,https://www.wikidata.org/wiki/Q234898,aligned_google_en_to_hi_plus_manual_verification,hindi_converted_601,google_en_to_hi,label,88.52,53.33,0
q83557,Q83557,निकोले बसोव,Nikolay Basov,निकोले गेनाडियेविच बसोव,Nikolay Gennadiyevich Basov,hi,3,alias_observed,google_en_to_hi,alias,FALSE,88.46,Q1622272|Q169470|Q205375|Q82955,Q15180|Q159|Q2305208,,71.79,,,,,,,same-person relation inferred from aliases; verify source,yes,yes,yes,yes,yes,,https://www.wikidata.org/wiki/Q83557,aligned_google_en_to_hi_plus_manual_verification,hindi_converted_601,google_en_to_hi,label,88.89,64.86,0
q487182,Q487182,नास्तिया पावलुचेनकोवा,Nastia Pavlyuchenkova,अनास्तासिया पावलुचेनकोवा,Anastasia Pavlyuchenkova,hi,3,alias_observed,manual,label,FALSE,91.3,Q10833314,Q159,,94.34,,,,,,,A and B may be only spelling variants rather than distinct aliases; same-person relation inferred from aliases; verify source,yes,yes,yes,yes,yes,,https://www.wikidata.org/wiki/Q487182,aligned_google_en_to_hi_plus_manual_verification,hindi_converted_601,manual,alias,88.37,93.02,0
q188128,Q188128,एलेक्सी अलेक्सेयेविच एब्रिकोसोव,Aleksey Alekseyevich Abrikosov,एलेक्सी एब्रिकोसोव,Aleksey Abrikosov,hi,3,alias_observed,google_en_to_hi,alias,FALSE,88.24,Q1622272|Q169470,Q15180|Q159|Q30,,76.92,,,,,,,same-person relation inferred from aliases; verify source,yes,yes,yes,yes,yes,,https://www.wikidata.org/wiki/Q188128,aligned_google_en_to_hi_plus_manual_verification,hindi_converted_601,google_en_to_hi,alias,89.66,72.73,0
q1029664,Q1029664,दिनारा सफीना,Dinara Safina,दिनारा मिखाइलोवना सफीना,Dinara Mikhailovna Safina,hi,3,alias_observed,google_en_to_hi,alias,FALSE,93.62,Q10833314,Q15180|Q159,,68.57,,,,,,,same-person relation inferred from aliases; verify source,yes,yes,yes,yes,yes,,https://www.wikidata.org/wiki/Q1029664,aligned_google_en_to_hi_plus_manual_verification,hindi_converted_601,google_en_to_hi,label,88,68.57,0
q3527616,Q3527616,सूरज रणदीव,Suraj Randiv,हेवा कलुहलामुलागे सूरज रणदीव कलुहालमुल्ला,Hewa Kaluhalamullage Suraj Randiv Kaluhalamulla,hi,3,alias_observed,google_en_to_hi,alias,FALSE,92.31,Q12299841,Q854,,39.13,,,,,,,same-person relation inferred from aliases; verify source,yes,yes,yes,yes,yes,,https://www.wikidata.org/wiki/Q3527616,aligned_google_en_to_hi_plus_manual_verification,hindi_converted_601,google_en_to_hi,label,88,40.74,0
q4734856,Q4734856,अल्पेश वधेर,Alpesh Vadher,अल्पेश वल्लभदास वधेर,Alpesh Vallabhdas Vadher,hi,3,alias_observed,google_en_to_hi,alias,FALSE,89.36,Q12299841,Q114,,73.33,,,,,,,same-person relation inferred from aliases; verify source,yes,yes,yes,yes,yes,,https://www.wikidata.org/wiki/Q4734856,aligned_google_en_to_hi_plus_manual_verification,hindi_converted_601,google_en_to_hi,label,88,70.59,0
q3523679,Q3523679,उपुल थरंगा,Upul Tharanga,वारुशाविथाना उपुल थरंगा,Warushavithana Upul Tharanga,hi,3,alias_observed,google_en_to_hi,alias,FALSE,88.46,Q12299841,Q854,,62.07,,,,,,,same-person relation inferred from aliases; verify source,yes,yes,yes,yes,yes,,https://www.wikidata.org/wiki/Q3523679,aligned_google_en_to_hi_plus_manual_verification,hindi_converted_601,google_en_to_hi,label,88,63.16,0
q3531320,Q3531320,चंडिका हाथुरुसिंघा,Chandika Hathurusingha,उपुल चंडिका हाथुरुसिंघा,Upul Chandika Hathurusingha,hi,3,alias_observed,google_en_to_hi,alias,FALSE,88,Q12299841,Q854,,88.89,,,,,,,same-person relation inferred from aliases; verify source,yes,yes,yes,yes,yes,,https://www.wikidata.org/wiki/Q3531320,aligned_google_en_to_hi_plus_manual_verification,hindi_converted_601,google_en_to_hi,label,87.8,91.3,0
q39444,Q39444,रोनाल्डिन्हो,Ronaldinho,रोनाल्डो डी असिस मोरेरा,Ronaldo de Assis Moreira,hi,3,alias_observed,google_en_to_hi,alias,FALSE,87.8,Q18515558|Q2066131|Q36180|Q639669|Q82955|Q937857,Q155|Q29,,50,,,,,,,same-person relation inferred from aliases; verify source,yes,yes,yes,yes,yes,,https://www.wikidata.org/wiki/Q39444,aligned_google_en_to_hi_plus_manual_verification,hindi_converted_601,google_en_to_hi,,100,51.61,0
q178865,Q178865,मिखाइल बोट्वनिक,Mikhail Botvinnik,मिखाइल मोइसेयेविच बोट्वनिक,Mikhail Moiseyevich Botvinnik,hi,3,alias_observed,google_en_to_hi,alias,FALSE,87.72,Q105269|Q10873124|Q1326886|Q2106721|Q2627699|Q36180|Q81096,Q15180|Q159,,75,,,,,,,same-person relation inferred from aliases; verify source,yes,yes,yes,yes,yes,,https://www.wikidata.org/wiki/Q178865,aligned_google_en_to_hi_plus_manual_verification,hindi_converted_601,google_en_to_hi,label,90.91,74.42,0
q131120,Q131120,अन्ना कोर्निकोवा,Anna Kournikova,अन्ना सर्गेयेवना कोर्निकोवा,Anna Sergeyevna Kournikova,hi,3,alias_observed,google_en_to_hi,alias,FALSE,87.5,Q10833314|Q2066131|Q4610556|Q512314,Q159|Q30,,66.67,,,,,,,same-person relation inferred from aliases; verify source,yes,yes,yes,yes,yes,,https://www.wikidata.org/wiki/Q131120,aligned_google_en_to_hi_plus_manual_verification,hindi_converted_601,google_en_to_hi,label,89.66,73.68,0
q3532499,Q3532499,मलिंडा वर्णपुरा,Malinda Warnapura,बसनायके शालिथ मलिंडा वर्णपुरा,Basnayake Shalith Malinda Warnapura,hi,3,alias_observed,google_en_to_hi,alias,FALSE,87.5,Q12299841,Q854,,71.79,,,,,,,same-person relation inferred from aliases; verify source,yes,yes,yes,yes,yes,,https://www.wikidata.org/wiki/Q3532499,aligned_google_en_to_hi_plus_manual_verification,hindi_converted_601,google_en_to_hi,label,87.5,66.67,0
q4967983,Q4967983,ब्रिजल पटेल,Brijal Patel,बृजल जगदीश पटेल,Brijal Jagdish Patel,hi,3,alias_observed,google_en_to_hi,alias,FALSE,87.18,Q12299841,Q114,,80,,,,,,,same-person relation inferred from aliases; verify source,yes,yes,yes,yes,yes,,https://www.wikidata.org/wiki/Q4967983,aligned_google_en_to_hi_plus_manual_verification,hindi_converted_601,google_en_to_hi,label,91.67,75.86,0
q42398,Q42398,मिखाइल शोलोखोव,Mikhail Sholokhov,मिखाइल अलेक्जेंड्रोविच शोलोखोव,Mikhail Aleksandrovich Sholokhov,hi,3,alias_observed,google_en_to_hi,alias,FALSE,87.1,Q12144794|Q15949613|Q1930187|Q28389|Q36180|Q49757|Q6625963|Q82955,Q15180|Q34266,,65,,,,,,,same-person relation inferred from aliases; verify source,yes,yes,yes,yes,yes,,https://www.wikidata.org/wiki/Q42398,aligned_google_en_to_hi_plus_manual_verification,hindi_converted_601,google_en_to_hi,,90.91,69.57,0
q7375924,Q7375924,रुबेल होसेन,Rubel Hossen,मोहम्मद रूबेल हुसैन,Mohammad Rubel Hossain,hi,3,alias_observed,google_en_to_hi,alias,FALSE,93.02,Q12299841,Q902,,55.17,,,,,,,same-person relation inferred from aliases; verify source,yes,yes,yes,yes,yes,,https://www.wikidata.org/wiki/Q7375924,aligned_google_en_to_hi_plus_manual_verification,hindi_converted_601,google_en_to_hi,label,86.96,64.52,0
q3528235,Q3528235,अनिल दलपत,Anil Dalpat,अनिल दलपत सोनावरिया,Anil Dalpat Sonavaria,hi,3,alias_observed,google_en_to_hi,alias,FALSE,90.48,Q12299841,Q843,,64,,,,,,,same-person relation inferred from aliases; verify source,yes,yes,yes,yes,yes,,https://www.wikidata.org/wiki/Q3528235,aligned_google_en_to_hi_plus_manual_verification,hindi_converted_601,google_en_to_hi,label,86.96,68.97,0
q12140927,Q12140927,पारस्का प्लित्का-होरिट्सविट,Paraska Plytka-Horytsvit,पारस्का प्लित्का,Paraska Plytka,hi,3,alias_observed,google_en_to_hi,alias,FALSE,88.89,Q1028181|Q1371378|Q33231|Q36180|Q49757,Q15180|Q207272|Q212,,60,,,,,,,same-person relation inferred from aliases; verify source,yes,yes,yes,yes,yes,,https://www.wikidata.org/wiki/Q12140927,aligned_google_en_to_hi_plus_manual_verification,hindi_converted_601,google_en_to_hi,,86.96,74.29,0
q319491,Q319491,शाहिद कपूर,Shahid Kapur,शाहिद खट्टर,Shahid Khattar,hi,3,alias_observed,google_en_to_hi,alias,FALSE,88.89,Q10800557|Q33999|Q4610556|Q5716684,Q668,,63.16,,,,,,,same-person relation inferred from aliases; verify source,yes,yes,yes,yes,yes,,https://www.wikidata.org/wiki/Q319491,aligned_google_en_to_hi_plus_manual_verification,hindi_converted_601,google_en_to_hi,alias,86.96,75,0
q296188,Q296188,इगोर सेमशोव,Igor Semshov,इगोर पेट्रोविच सेमशोव,Igor Petrovich Semshov,hi,3,alias_observed,google_en_to_hi,alias,FALSE,87.8,Q628099|Q937857,Q159,,70.97,,,,,,,same-person relation inferred from aliases; verify source,yes,yes,yes,yes,yes,,https://www.wikidata.org/wiki/Q296188,aligned_google_en_to_hi_plus_manual_verification,hindi_converted_601,google_en_to_hi,label,86.96,70.97,0
q136289912,Q136289912,सुदन,Sudan,सुदन गुरुंग,Sudan Gurung,hi,3,alias_observed,manual,label,FALSE,86.96,Q130857|Q131524|Q82955|Q8359428,Q837,,57.14,,,,,,,same-person relation inferred from aliases; verify source,yes,yes,yes,yes,yes,,https://www.wikidata.org/wiki/Q136289912,aligned_google_en_to_hi_plus_manual_verification,hindi_converted_601,manual,alias,90.91,62.5,0
q196617,Q196617,मौलाना अबुल कलाम आज़ाद,Maulana Abul Kalam Azad,मौलाना आज़ाद,Maulana Azad,hi,3,alias_observed,google_en_to_hi,alias,FALSE,86.96,Q124634459|Q15982858|Q1930187|Q2248623|Q30242234|Q36180|Q6090396|Q82955,Q129286|Q1775277|Q668,,71.43,,,,,,,same-person relation inferred from aliases; verify source,yes,yes,yes,yes,yes,,https://www.wikidata.org/wiki/Q196617,aligned_google_en_to_hi_plus_manual_verification,hindi_converted_601,google_en_to_hi,alias,88.37,70.97,0
q38393,Q38393,आशा भोसले,Asha Bhosle,आशा भोंसले,Asha Bhonsale,hi,3,alias_observed,manual,alias,FALSE,86.96,Q10800557|Q1755412|Q177220|Q33999|Q36834|Q639669|Q855091,Q129286|Q1775277|Q668,,82.35,,,,,,,same-person relation inferred from aliases; verify source,yes,yes,yes,yes,yes,,https://www.wikidata.org/wiki/Q38393,aligned_google_en_to_hi_plus_manual_verification,hindi_converted_601,manual,,90,90.91,0
q48283,Q48283,यूलिया टिमोशेंको,Yulia Tymoshenko,यूलिया वलोडिमिरिव्ना टिमोशेंको,Yulia Volodymyrivna Tymoshenko,hi,3,alias_observed,google_en_to_hi,alias,FALSE,87.27,Q131524|Q188094|Q82955,Q15180|Q212,,66.67,,,,,,,same-person relation inferred from aliases; verify source,yes,yes,yes,yes,yes,,https://www.wikidata.org/wiki/Q48283,aligned_google_en_to_hi_plus_manual_verification,hindi_converted_601,google_en_to_hi,,86.67,69.77,0
q3531286,Q3531286,प्रसन्ना जयवर्धने,Prasanna Jayawardene,हेवासंदाचिगे असिरी प्रसन्ना विश्वनाथ जयवर्धने,Hewasandatchige Asiri Prasanna Wishvanath Jayawardene,hi,3,alias_observed,google_en_to_hi,alias,FALSE,86.6,Q12299841,Q854,,53.33,,,,,,,same-person relation inferred from aliases; verify source,yes,yes,yes,yes,yes,,https://www.wikidata.org/wiki/Q3531286,aligned_google_en_to_hi_plus_manual_verification,hindi_converted_601,google_en_to_hi,label,89.47,55.88,0
q233289,Q233289,अटल बिहारी वाजपेई,Atal Bihari Vajpayee,अटल,Atal,hi,3,alias_observed,google_en_to_hi,alias,FALSE,88.89,Q1930187|Q36180|Q49757|Q82955,Q129286|Q1775277|Q668,,33.33,,,,,,,same-person relation inferred from aliases; verify source,yes,yes,yes,yes,yes,,https://www.wikidata.org/wiki/Q233289,aligned_google_en_to_hi_plus_manual_verification,hindi_converted_601,google_en_to_hi,label,86.49,36.36,0
q315674,Q315674,एगिडियो अरेवलो,Egidio Arevalo,एगिडियो एरेवलो रियोस,Egidio Arévalo Rios,hi,3,alias_observed,google_en_to_hi,label,FALSE,86.49,Q937857,Q77|Q96,,84.85,,,,,,,same-person relation inferred from aliases; verify source,yes,yes,yes,yes,yes,,https://www.wikidata.org/wiki/Q315674,aligned_google_en_to_hi_plus_manual_verification,hindi_converted_601,google_en_to_hi,alias,96.3,80,0
q3528375,Q3528375,जहांगीर आलम तालुकदार,Jahangir Alam Talukdar,मोहम्मद जहांगीर आलम तालुकदार,Mohammad Jahangir Alam Talukdar,hi,3,alias_observed,google_en_to_hi,alias,FALSE,88.52,Q12299841,Q843|Q902,,83.72,,,,,,,same-person relation inferred from aliases; verify source,yes,yes,yes,yes,yes,,https://www.wikidata.org/wiki/Q3528375,aligned_google_en_to_hi_plus_manual_verification,hindi_converted_601,google_en_to_hi,label,86.36,83.33,0
q737645,Q737645,कुमार चोक्षणदा संगकारा,Kumar Chokshanada Sangakkara,कुमार संगकारा,Kumar Sangakkara,hi,3,alias_observed,google_en_to_hi,label,FALSE,90.32,Q12299841,Q854,,62.86,,,,,,,same-person relation inferred from aliases; verify source,yes,yes,yes,yes,yes,,https://www.wikidata.org/wiki/Q737645,aligned_google_en_to_hi_plus_manual_verification,hindi_converted_601,google_en_to_hi,alias,86.27,73.17,0
q3523393,Q3523393,दिमित्री मैस्करेनहास,Dimitri Mascarenhas,एड्रियन दिमित्री मैस्करेनहास,Adrian Dimitri Mascarenhas,hi,3,alias_observed,google_en_to_hi,alias,FALSE,86.27,Q12299841,Q664,,79.17,,,,,,,same-person relation inferred from aliases; verify source,yes,yes,yes,yes,yes,,https://www.wikidata.org/wiki/Q3523393,aligned_google_en_to_hi_plus_manual_verification,hindi_converted_601,google_en_to_hi,label,91.89,85.71,0
q192064,Q192064,स्वेतलाना अलेक्जेंड्रोवना कुज़नेत्सोवा,Svetlana Aleksandrovna Kuznetsova,स्वेतलाना कुज़नेत्सोवा,Svetlana Kuznetsova,hi,3,alias_observed,google_en_to_hi,label,FALSE,91.89,Q10833314,Q159,,71.19,,,,,,,same-person relation inferred from aliases; verify source,yes,yes,yes,yes,yes,,https://www.wikidata.org/wiki/Q192064,aligned_google_en_to_hi_plus_manual_verification,hindi_converted_601,google_en_to_hi,alias,86.15,73.47,0
q3529840,Q3529840,हेमंथा बोटेजू,Hemantha Boteju,जयवर्धने वेलाथनथ्रिगे हेमंथा देवप्रिया बोटेजू,Jayawardene Welathanthrige Hemantha Devapriya Boteju,hi,3,alias_observed,google_en_to_hi,alias,FALSE,86.02,Q12299841,Q854,,47.06,,,,,,,same-person relation inferred from aliases; verify source,yes,yes,yes,yes,yes,,https://www.wikidata.org/wiki/Q3529840,aligned_google_en_to_hi_plus_manual_verification,hindi_converted_601,google_en_to_hi,label,88.89,45.16,0
q3529650,Q3529650,प्रमोद्य विक्रमसिंघे,Pramodya Wickramasinghe,गैलेज प्रमोद्य विक्रमसिंघे,Gallage Pramodya Wickramasinghe,hi,3,alias_observed,google_en_to_hi,alias,FALSE,89.29,Q12299841,Q854,,86.36,,,,,,,same-person relation inferred from aliases; verify source,yes,yes,yes,yes,yes,,https://www.wikidata.org/wiki/Q3529650,aligned_google_en_to_hi_plus_manual_verification,hindi_converted_601,google_en_to_hi,label,85.71,86.27,0
q3381745,Q3381745,सुहरावादी शुवो,Suhrawadi Shuvo,मोहम्मद सुहरावादी शुवो,Mohammad Suhrawadi Shuvo,hi,3,alias_observed,google_en_to_hi,alias,FALSE,88.89,Q12299841,Q902,,77.42,,,,,,,same-person relation inferred from aliases; verify source,yes,yes,yes,yes,yes,,https://www.wikidata.org/wiki/Q3381745,aligned_google_en_to_hi_plus_manual_verification,hindi_converted_601,google_en_to_hi,label,85.71,77.78,0
q46602,Q46602,इवान बुनिन,Ivan Bunin,इवान अलेक्सेयेविच बुनिन,Ivan Alekseyevich Bunin,hi,3,alias_observed,google_en_to_hi,alias,FALSE,88.89,Q115784320|Q12144794|Q214917|Q333634|Q36180|Q49757,Q142|Q34266,,64.71,,,,,,,same-person relation inferred from aliases; verify source,yes,yes,yes,yes,yes,,https://www.wikidata.org/wiki/Q46602,aligned_google_en_to_hi_plus_manual_verification,hindi_converted_601,google_en_to_hi,,85.71,60,0
q1397496,Q1397496,ऑरेस्ट ख्वोलसन,Orest Khvolson,ऑरेस्ट डेनिलोविच ख्वोल्सन,Orest Danilovich Khvolson,hi,3,alias_observed,google_en_to_hi,alias,FALSE,87.5,Q169470|Q2310145|Q752129,Q15180|Q34266,,75.68,,,,,,,same-person relation inferred from aliases; verify source,yes,yes,yes,yes,yes,,https://www.wikidata.org/wiki/Q1397496,aligned_google_en_to_hi_plus_manual_verification,hindi_converted_601,google_en_to_hi,,85.71,72.22,0
q315633,Q315633,कार्लोस सेलिनास,Carlos Salinas,कार्लोस सेलिनास डी गोर्टारी,Carlos Salinas de Gortari,hi,3,alias_observed,google_en_to_hi,label,FALSE,86.96,Q188094|Q82955,Q29|Q96,,72.22,,,,,,,same-person relation inferred from aliases; verify source,yes,yes,yes,yes,yes,,https://www.wikidata.org/wiki/Q315633,aligned_google_en_to_hi_plus_manual_verification,hindi_converted_601,google_en_to_hi,alias,85.71,74.29,0
q312557,Q312557,वराहगिरि वेंकट गिरि,Varahagiri Venkata Giri,वी. वी. गिरि,V. V. Giri,hi,3,alias_observed,google_en_to_hi,label,FALSE,85.71,Q15627169|Q36180|Q82955,Q129286|Q1775277|Q668,,56,,,,,,,same-person relation inferred from aliases; verify source,yes,yes,yes,yes,yes,,https://www.wikidata.org/wiki/Q312557,aligned_google_en_to_hi_plus_manual_verification,hindi_converted_601,google_en_to_hi,alias,95.24,44.44,0
q3345562,Q3345562,मोईन खान,Moin Khan,मुहम्मद मोईन खान,Muhammad Moin Khan,hi,3,alias_observed,google_en_to_hi,alias,FALSE,85.71,Q12299841,Q843,,66.67,,,,,,,same-person relation inferred from aliases; verify source,yes,yes,yes,yes,yes,,https://www.wikidata.org/wiki/Q3345562,aligned_google_en_to_hi_plus_manual_verification,hindi_converted_601,google_en_to_hi,label,88.89,66.67,0
q34105,Q34105,होस्नी मुबारक,Hosni Mubarak,मोहम्मद होस्नी मोबारक,Mohammed Hosni Mobarak,hi,3,alias_observed,google_en_to_hi,alias,FALSE,85.71,Q189290|Q2095549|Q30461|Q42178|Q47064|Q82955,Q124943|Q170468|Q3087763|Q79,,77.42,,,,,,,same-person relation inferred from aliases; verify source,yes,yes,yes,yes,yes,,https://www.wikidata.org/wiki/Q34105,aligned_google_en_to_hi_plus_manual_verification,hindi_converted_601,google_en_to_hi,,96,68.75,0
q3529612,Q3529612,चनाका वेलेगेदारा,Chanaka Welegedara,उदा वालव्वे माहिम बंदरलागे चनाका असंका वेलेगेदारा,Uda Walawwe Mahim Bandaralage Chanaka Asanka Welegedara,hi,3,alias_observed,google_en_to_hi,alias,FALSE,85.71,Q12299841,Q854,,50.91,,,,,,,same-person relation inferred from aliases; verify source,yes,yes,yes,yes,yes,,https://www.wikidata.org/wiki/Q3529612,aligned_google_en_to_hi_plus_manual_verification,hindi_converted_601,google_en_to_hi,label,90.91,51.52,0
q3529726,Q3529726,अशोक डी सिल्वा,Asoka de Silva,एल्लावालाकंकनमगे अशोका रंजीत दे सिल्वा,Ellawalakankanamge Asoka Ranjit De Silva,hi,3,alias_observed,google_en_to_hi,alias,FALSE,85.71,Q12299841|Q2143894,Q854,,56.52,,,,,,,same-person relation inferred from aliases; verify source,yes,yes,yes,yes,yes,,https://www.wikidata.org/wiki/Q3529726,aligned_google_en_to_hi_plus_manual_verification,hindi_converted_601,google_en_to_hi,label,91.67,50,0
q48544,Q48544,कोसिमो डे' मेडिसी,Cosimo de' Medici,कोसिमो डि जियोवन्नी डे' मेडिसी,Cosimo di Giovanni de' Medici,hi,3,alias_observed,google_en_to_hi,alias,FALSE,85.71,Q15472169|Q193391|Q806798|Q82955,Q2044,,70,,,,,,,same-person relation inferred from aliases; verify source,yes,yes,yes,yes,yes,,https://www.wikidata.org/wiki/Q48544,aligned_google_en_to_hi_plus_manual_verification,hindi_converted_601,google_en_to_hi,,92.86,73.68,0
q3610406,Q3610406,रोशन गुणरत्ने,Roshan Guneratne,रोशन पुण्यजीत विजेसिंघे गुणरत्ने,Roshan Punyajith Wijesinghe Guneratne,hi,3,alias_observed,google_en_to_hi,alias,FALSE,85.29,Q12299841,Q854,,58.54,,,,,,,same-person relation inferred from aliases; verify source,yes,yes,yes,yes,yes,,https://www.wikidata.org/wiki/Q3610406,aligned_google_en_to_hi_plus_manual_verification,hindi_converted_601,google_en_to_hi,label,86.67,61.22,0
q156844,Q156844,गेटुलियो वर्गास,Getulio Vargas,गेटुलियो डोर्नेल्ज़ वर्गास,Getúlio Dornelles Vargas,hi,3,alias_observed,google_en_to_hi,alias,FALSE,85.11,Q40348|Q82955,Q155,,79.07,,,,,,,same-person relation inferred from aliases; verify source,yes,yes,yes,yes,yes,,https://www.wikidata.org/wiki/Q156844,aligned_google_en_to_hi_plus_manual_verification,hindi_converted_601,google_en_to_hi,alias,89.66,68.57,0
q185085,Q185085,मिगुएल डी उनामुनो,Miguel de Unamuno,मिगुएल डी उनामुनो वाई जुगो,Miguel de Unamuno y Jugo,hi,3,alias_observed,google_en_to_hi,alias,FALSE,85,Q11774202|Q1622272|Q214917|Q36180|Q4263842|Q4964182|Q49757|Q6625963|Q82955,Q29,,84.85,,,,,,,same-person relation inferred from aliases; verify source,yes,yes,yes,yes,yes,,https://www.wikidata.org/wiki/Q185085,aligned_google_en_to_hi_plus_manual_verification,hindi_converted_601,google_en_to_hi,,86.67,85.71,0
q273866,Q273866,अबोलहसन बनीसद्र,Abolhassan Banisadr,अबुल-हसन बानी-सद्र,Abul-Hassan Bani-Sadr,hi,3,alias_observed,google_en_to_hi,alias,FALSE,85,Q11774202|Q188094|Q1930187|Q3155377|Q36180|Q82955,Q107258515|Q794,,77.42,,,,,,,same-person relation inferred from aliases; verify source,yes,yes,yes,yes,yes,,https://www.wikidata.org/wiki/Q273866,aligned_google_en_to_hi_plus_manual_verification,hindi_converted_601,google_en_to_hi,label,89.47,94.44,0
q3530628,Q3530628,दिनुशा फर्नांडो,Dinusha Fernando,कंडाना अराचिगे दिनुशा मनोज फर्नांडो,Kandana Arachchige Dinusha Manoj Fernando,hi,3,alias_observed,google_en_to_hi,alias,FALSE,84.93,Q12299841,Q854,,62.5,,,,,,,same-person relation inferred from aliases; verify source,yes,yes,yes,yes,yes,,https://www.wikidata.org/wiki/Q3530628,aligned_google_en_to_hi_plus_manual_verification,hindi_converted_601,google_en_to_hi,label,86.67,57.69,0
q3531144,Q3531144,डेविड ओबुया,David Obuya,डेविड ओलुओच ओबुया,David Oluoch Obuya,hi,3,alias_observed,google_en_to_hi,alias,FALSE,84.85,Q12299841,Q114,,80,,,,,,,same-person relation inferred from aliases; verify source,yes,yes,yes,yes,yes,,https://www.wikidata.org/wiki/Q3531144,aligned_google_en_to_hi_plus_manual_verification,hindi_converted_601,google_en_to_hi,label,85.71,76.92,0
q235454,Q235454,के. आर. नारायणन,K. R. Narayanan,कोचेरिल रमन नारायणन,Kocheril Raman Narayanan,hi,3,alias_observed,google_en_to_hi,alias,FALSE,91.3,Q193391|Q82955,Q129286|Q1775277|Q668,,71.43,,,,,,,same-person relation inferred from aliases; verify source,yes,yes,yes,yes,yes,,https://www.wikidata.org/wiki/Q235454,aligned_google_en_to_hi_plus_manual_verification,hindi_converted_601,google_en_to_hi,label,84.62,66.67,0
q232451,Q232451,माधुरी दीक्षित,Madhuri Dixit,माधुरी दीक्षित नेने,Madhuri Dixit Nene,hi,3,alias_observed,google_en_to_hi,alias,FALSE,88.24,Q10800557|Q33999|Q5716684,Q668,,86.67,,,,,,,same-person relation inferred from aliases; verify source,yes,yes,yes,yes,yes,,https://www.wikidata.org/wiki/Q232451,aligned_google_en_to_hi_plus_manual_verification,hindi_converted_601,google_en_to_hi,label,84.62,85.71,0
q1316,Q1316,सद्दाम हुसैन,Saddam Hussein,सद्दाम हुसैन अब्द अल-माजिद अल-तिक्रिती,Saddam Hussein Abd al-Majid al-Tikriti,hi,3,alias_observed,verified_hindi,alias,FALSE,86.96,Q125804073|Q36180|Q47064|Q6625963|Q82955,Q149805|Q3041595|Q3108185|Q796,,46.51,,,,,,,same-person relation inferred from aliases; verify source,yes,yes,yes,yes,yes,,https://www.wikidata.org/wiki/Q1316,aligned_google_en_to_hi_plus_manual_verification,hindi_converted_601,verified_hindi,,84.62,57.78,0
q6481681,Q6481681,लैमेक ओन्यांगो,Lameck Onyango,लैमेक ओन्यांगो न्गोचे,Lameck Onyango Ngoche,hi,3,alias_observed,google_en_to_hi,alias,FALSE,86.49,Q12299841,Q114,,78.57,,,,,,,same-person relation inferred from aliases; verify source,yes,yes,yes,yes,yes,,https://www.wikidata.org/wiki/Q6481681,aligned_google_en_to_hi_plus_manual_verification,hindi_converted_601,google_en_to_hi,label,84.62,81.25,0
q270691,Q270691,श्रीदेवी,Sridevi,श्रीदेवी कपूर,Sridevi Kapoor,hi,3,alias_observed,google_en_to_hi,alias,FALSE,84.62,Q10800557|Q13235160|Q3282637|Q33999,Q668,,80,,,,,,,same-person relation inferred from aliases; verify source,yes,yes,yes,yes,yes,,https://www.wikidata.org/wiki/Q270691,aligned_google_en_to_hi_plus_manual_verification,hindi_converted_601,google_en_to_hi,label,100,70,0
q3530582,Q3530582,रोहन जयसेकेरा,Rohan Jayasekera,रोहन स्टेनली अमरासिरीवर्धने जयसेकेरा,Rohan Stanley Amarasiriwardene Jayasekera,hi,3,alias_observed,google_en_to_hi,alias,FALSE,84.62,Q12299841,Q16|Q854,,51.16,,,,,,,same-person relation inferred from aliases; verify source,yes,yes,yes,yes,yes,,https://www.wikidata.org/wiki/Q3530582,aligned_google_en_to_hi_plus_manual_verification,hindi_converted_601,google_en_to_hi,label,90.32,56.6,0
q87075035,Q87075035,अन्ना बोरिसिव्ना शारहिना,Anna Borysivna Sharyhina,अन्ना शरहिना,Anna Sharyhina,hi,3,alias_observed,google_en_to_hi,label,FALSE,88,Q19509201,Q212,,66.67,,,,,,,same-person relation inferred from aliases; verify source,yes,yes,yes,yes,yes,,https://www.wikidata.org/wiki/Q87075035,aligned_google_en_to_hi_plus_manual_verification,hindi_converted_601,google_en_to_hi,alias,84.44,74.29,0
q8867,Q8867,गाए औलेंटी,Gae Aulenti,गेटाना औलेंटी,Gaetana Aulenti,hi,3,alias_observed,google_en_to_hi,alias,FALSE,88.89,Q11455387|Q11613590|Q1323191|Q2133309|Q2707485|Q42973|Q5322166,Q172579|Q38,,80,,,,,,,same-person relation inferred from aliases; verify source,yes,yes,yes,yes,yes,,https://www.wikidata.org/wiki/Q8867,aligned_google_en_to_hi_plus_manual_verification,hindi_converted_601,google_en_to_hi,,84.21,83.33,0
q30876,Q30876,यश चोपड़ा,Yash Chopra,यश राज चोपड़ा,Yash Raj Chopra,hi,3,alias_observed,google_en_to_hi,alias,FALSE,84.62,Q2526255|Q28389|Q3282637|Q3455803,Q129286|Q1775277|Q668,,84.21,,,,,,,same-person relation inferred from aliases; verify source,yes,yes,yes,yes,yes,,https://www.wikidata.org/wiki/Q30876,aligned_google_en_to_hi_plus_manual_verification,hindi_converted_601,google_en_to_hi,,84.21,86.96,0
q230874,Q230874,अन्ना हजारे,Anna Hazare,किसन बाबूराव हजारे,Kisan Baburao Hazare,hi,3,alias_observed,google_en_to_hi,alias,FALSE,84.21,Q1476215|Q16611574|Q2306091|Q3242115|Q3578589,Q129286|Q1775277|Q668,,46.15,,,,,,,same-person relation inferred from aliases; verify source,yes,yes,yes,yes,yes,,https://www.wikidata.org/wiki/Q230874,aligned_google_en_to_hi_plus_manual_verification,hindi_converted_601,google_en_to_hi,label,90,64.29,0
q1232736,Q1232736,दिमित्री विक्टोरोविच एनोसोव,Dmitri Victorovich Anosov,दिमित्री एनोसोव,Dmitri Anosov,hi,3,alias_observed,google_en_to_hi,label,FALSE,88.89,Q170790,Q15180|Q159,,71.11,,,,,,,same-person relation inferred from aliases; verify source,yes,yes,yes,yes,yes,,https://www.wikidata.org/wiki/Q1232736,aligned_google_en_to_hi_plus_manual_verification,hindi_converted_601,google_en_to_hi,alias,84,68.57,0
q148109,Q148109,सुब्रह्मण्यम चन्द्रशेखर,Subrahmanyan Chandrasekhar,चन्द्रशेखर सुब्रमन्यन,Chandrasekhar Subrahmanyan,hi,3,alias_observed,google_en_to_hi,alias,FALSE,84,Q11063|Q1622272|Q169470|Q170790|Q752129,Q129286|Q30|Q668,,42.86,,,,,,,same-person relation inferred from aliases; verify source,yes,yes,yes,yes,yes,,https://www.wikidata.org/wiki/Q148109,aligned_google_en_to_hi_plus_manual_verification,hindi_converted_601,google_en_to_hi,label,96,52,0
q3345604,Q3345604,अकरम खान,Akram Khan,मोहम्मद अकरम हुसैन खान,Mohammad Akram Hussain Khan,hi,3,alias_observed,google_en_to_hi,alias,FALSE,84,Q12299841,Q843|Q902,,57.14,,,,,,,same-person relation inferred from aliases; verify source,yes,yes,yes,yes,yes,,https://www.wikidata.org/wiki/Q3345604,aligned_google_en_to_hi_plus_manual_verification,hindi_converted_601,google_en_to_hi,label,90,54.55,0
q439635,Q439635,अब्दुल रहीम अय्यू,Abdul Rahim Ayew,अब्दुल इब्राहिम अय्यू,Abdul Ibrahim Ayew,hi,3,alias_observed,google_en_to_hi,alias,FALSE,85.71,Q937857,Q117,,87.5,,,,,,,same-person relation inferred from aliases; verify source,yes,yes,yes,yes,yes,,https://www.wikidata.org/wiki/Q439635,aligned_google_en_to_hi_plus_manual_verification,hindi_converted_601,google_en_to_hi,alias,83.87,93.33,0
q231690,Q231690,डॉ. बाबासाहेब अम्बेडकर,Dr. Babasaheb Ambedkar,बाबा साहेब,Babasaheb,hi,3,alias_observed,google_en_to_hi,alias,FALSE,94.74,Q1021386|Q1028181|Q10429346|Q11774202|Q121594|Q1234713|Q1238570|Q12859263|Q1476215|Q15958642|Q16323111|Q16611574|Q17351648|Q185351|Q188094|Q18814623|Q1930187|Q201788|Q22336956|Q2306091|Q28692502|Q30242234|Q3242115|Q36180|Q40348|Q4773904|Q4964182|Q63676514|Q64711780|Q77844028|Q808967|Q82955,Q129286|Q1775277|Q668,,66.67,,,,,,,same-person relation inferred from aliases; verify source,yes,yes,yes,yes,yes,,https://www.wikidata.org/wiki/Q231690,aligned_google_en_to_hi_plus_manual_verification,hindi_converted_601,google_en_to_hi,alias,83.72,64.29,0
q3530532,Q3530532,निरोशन बंदरतिलके,Niroshan Bandaratilleke,मपा रैलालगे चंडिमा निरोशन बंदराटिलके,Mapa Rallalage Chandima Niroshan Bandaratilleke,hi,3,alias_observed,google_en_to_hi,alias,FALSE,88.1,Q12299841,Q854,,63.83,,,,,,,same-person relation inferred from aliases; verify source,yes,yes,yes,yes,yes,,https://www.wikidata.org/wiki/Q3530532,aligned_google_en_to_hi_plus_manual_verification,hindi_converted_601,google_en_to_hi,label,83.72,67.69,0
q3529603,Q3529603,ब्रेंडन कुरुप्पु,Brendon Kuruppu,डॉन सरधा ब्रेंडन प्रियंता कुरुप्पु,Don Sardha Brendon Priyantha Kuruppu,hi,3,alias_observed,google_en_to_hi,alias,FALSE,83.58,Q12299841,Q854,,66.67,,,,,,,same-person relation inferred from aliases; verify source,yes,yes,yes,yes,yes,,https://www.wikidata.org/wiki/Q3529603,aligned_google_en_to_hi_plus_manual_verification,hindi_converted_601,google_en_to_hi,label,89.66,60.87,0
q3520028,Q3520028,उपुल चंदना,Upul Chandana,उमागिलिया दुरगे उपुल चंदना,Umagiliya Durage Upul Chandana,hi,3,alias_observed,google_en_to_hi,alias,FALSE,92.59,Q12299841,Q854,,54.55,,,,,,,same-person relation inferred from aliases; verify source,yes,yes,yes,yes,yes,,https://www.wikidata.org/wiki/Q3520028,aligned_google_en_to_hi_plus_manual_verification,hindi_converted_601,google_en_to_hi,label,83.33,61.54,0
q330970,Q330970,अनुष्का शेट्टी,Anushka Shetty,अनुष्का,Anushka,hi,3,alias_observed,google_en_to_hi,alias,FALSE,92.31,Q33999|Q4610556,Q668,,70,,,,,,,same-person relation inferred from aliases; verify source,yes,yes,yes,yes,yes,,https://www.wikidata.org/wiki/Q330970,aligned_google_en_to_hi_plus_manual_verification,hindi_converted_601,google_en_to_hi,label,83.33,70,0
q8597,Q8597,अकबर,Akbar,जलालुद्दीन मुहम्मद अकबर,Jalal-ud-Din Muhammad Akbar,hi,3,alias_observed,verified_hindi,alias,FALSE,88.46,Q116,,,33.33,,,,,,,same-person relation inferred from aliases; verify source,yes,yes,yes,yes,yes,,https://www.wikidata.org/wiki/Q8597,aligned_google_en_to_hi_plus_manual_verification,hindi_converted_601,verified_hindi,,83.33,35.71,0
q3531610,Q3531610,कोलिन्स ओबुया,Collins Obuya,कोलिन्स ओमोंडी ओबुया,Collins Omondi Obuya,hi,3,alias_observed,google_en_to_hi,alias,FALSE,84.21,Q12299841,Q114,,70.97,,,,,,,same-person relation inferred from aliases; verify source,yes,yes,yes,yes,yes,,https://www.wikidata.org/wiki/Q3531610,aligned_google_en_to_hi_plus_manual_verification,hindi_converted_601,google_en_to_hi,label,83.33,80,0
q111772343,Q111772343,बलेन शाह,Balen Shah,बालेन्द्र शाह,Balendra Shah,hi,3,alias_observed,google_en_to_hi,label,FALSE,83.33,Q2252262|Q2305987|Q82955,Q837,,73.68,,,,,,,same-person relation inferred from aliases; verify source,yes,yes,yes,yes,yes,,https://www.wikidata.org/wiki/Q111772343,aligned_google_en_to_hi_plus_manual_verification,hindi_converted_601,google_en_to_hi,alias,84.21,85.71,0
q162708,Q162708,जीन-बेडेल बोकासा,Jean-Bedel Bokassa,सलाह एडिन अहमद बोकासा,Salah Eddine Ahmed Bokassa,hi,3,alias_observed,google_en_to_hi,alias,FALSE,83.33,Q189290|Q2159907|Q2304859|Q82955,Q142|Q189988|Q929,,38.89,,,,,,,same-person relation inferred from aliases; verify source,yes,yes,yes,yes,yes,,https://www.wikidata.org/wiki/Q162708,aligned_google_en_to_hi_plus_manual_verification,hindi_converted_601,google_en_to_hi,,83.87,56.41,0
q202054,Q202054,कीसुके होंडा,Keisuke Honda,होंडा कीसुके,Honda Keisuke,hi,3,alias_observed,google_en_to_hi,alias,FALSE,83.33,Q1366909|Q628099|Q937857,Q17,,54.55,,,,,,,same-person relation inferred from aliases; verify source,yes,yes,yes,yes,yes,,https://www.wikidata.org/wiki/Q202054,aligned_google_en_to_hi_plus_manual_verification,hindi_converted_601,google_en_to_hi,label,83.33,58.33,0
q298448,Q298448,गोखन इनलर,Gokhan Inler,गोखान इनलर,Gökhan İnler,hi,3,alias_observed,google_en_to_hi,label,FALSE,83.33,Q937857,Q39|Q43,,94.74,,,,,,,A and B may be only spelling variants rather than distinct aliases; same-person relation inferred from aliases; verify source,yes,yes,yes,yes,yes,,https://www.wikidata.org/wiki/Q298448,aligned_google_en_to_hi_plus_manual_verification,hindi_converted_601,google_en_to_hi,alias,88,90.91,0
q299542,Q299542,डेरेक बोटेंग,Derek Boateng,डेरेक ओवसु बोटेंग,Derek Owusu Boateng,hi,3,alias_observed,google_en_to_hi,alias,FALSE,83.33,Q937857,Q117,,82.76,,,,,,,same-person relation inferred from aliases; verify source,yes,yes,yes,yes,yes,,https://www.wikidata.org/wiki/Q299542,aligned_google_en_to_hi_plus_manual_verification,hindi_converted_601,google_en_to_hi,label,84.62,82.76,0
q315579,Q315579,कैफू तोशिकी,Kaifu Toshiki,तोशिकी कैफू,Toshiki Kaifu,hi,3,alias_observed,google_en_to_hi,label,FALSE,83.33,Q82955,Q17,,60,,,,,,,same-person relation inferred from aliases; verify source,yes,yes,yes,yes,yes,,https://www.wikidata.org/wiki/Q315579,aligned_google_en_to_hi_plus_manual_verification,hindi_converted_601,google_en_to_hi,alias,83.33,58.33,0
q333443,Q333443,अमरीश पुरी,Amrish Puri,अमरीशलाल पुरी,Amrishlal Puri,hi,3,alias_observed,manual,alias,FALSE,83.33,Q10800557|Q2259451|Q33999,Q129286|Q1775277|Q668,,88.89,,,,,,,same-person relation inferred from aliases; verify source,yes,yes,yes,yes,yes,,https://www.wikidata.org/wiki/Q333443,aligned_google_en_to_hi_plus_manual_verification,hindi_converted_601,google_en_to_hi,label,85.71,86.96,0
q46896,Q46896,झ्लाटन इब्राहिमोविच,Zlatan Ibrahimovic,ज्लाटन इब्रहिमोविक,Zlatan Ibrahimović,hi,3,alias_observed,manual,label,FALSE,83.33,Q33999|Q937857,Q34,,85.71,,,,,,,same-person relation inferred from aliases; verify source,yes,yes,yes,yes,yes,,https://www.wikidata.org/wiki/Q46896,aligned_google_en_to_hi_plus_manual_verification,hindi_converted_601,manual,alias,86.49,94.12,0
q55780,Q55780,समर्थ रामदास स्वामी,Samarth Ramdas Swami,रामदास स्वामी,Ramdas Swami,hi,3,alias_observed,google_en_to_hi,alias,FALSE,83.33,Q36180|Q49757,,,82.76,,,,,,,same-person relation inferred from aliases; verify source,yes,yes,yes,yes,yes,,https://www.wikidata.org/wiki/Q55780,aligned_google_en_to_hi_plus_manual_verification,hindi_converted_601,google_en_to_hi,,87.18,75.86,0
q735128,Q735128,हाशिम अमला,Hashim Amla,हाशिम मोहम्मद अमला,Hashim Mahomed Amla,hi,3,alias_observed,google_en_to_hi,alias,FALSE,83.33,Q12299841,Q258,,78.26,,,,,,,same-person relation inferred from aliases; verify source,yes,yes,yes,yes,yes,,https://www.wikidata.org/wiki/Q735128,aligned_google_en_to_hi_plus_manual_verification,hindi_converted_601,google_en_to_hi,label,85.71,74.07,0
q3530730,Q3530730,थिलिना कंडाम्बी,Thilina Kandamby,सहान हेवा थिलिना कंदांबी,Sahan Hewa Thilina Kandambi,hi,3,alias_observed,google_en_to_hi,alias,FALSE,87.5,Q12299841,Q854,,73.33,,,,,,,same-person relation inferred from aliases; verify source,yes,yes,yes,yes,yes,,https://www.wikidata.org/wiki/Q3530730,aligned_google_en_to_hi_plus_manual_verification,hindi_converted_601,google_en_to_hi,label,82.76,71.79,0
q560267,Q560267,अन्ना चकवेताद्ज़े,Anna Chakvetadze,अन्ना जाम्बुलिवना चकवेताद्ज़े,Anna Djambuliovna Chakvetadze,hi,3,alias_observed,google_en_to_hi,alias,FALSE,86.79,Q10833314|Q2986228,Q159,,66.67,,,,,,,same-person relation inferred from aliases; verify source,yes,yes,yes,yes,yes,,https://www.wikidata.org/wiki/Q560267,aligned_google_en_to_hi_plus_manual_verification,hindi_converted_601,google_en_to_hi,label,82.76,71.43,0
q297950,Q297950,रामास्वामी वेंकटरमन,Ramaswamy Venkataraman,आर. वेंकटरमन,R. Venkataraman,hi,3,alias_observed,google_en_to_hi,label,FALSE,82.76,Q16533|Q18814623|Q40348|Q82955,Q129286|Q1775277|Q668,,66.67,,,,,,,same-person relation inferred from aliases; verify source,yes,yes,yes,yes,yes,,https://www.wikidata.org/wiki/Q297950,aligned_google_en_to_hi_plus_manual_verification,hindi_converted_601,google_en_to_hi,alias,83.72,76.47,0
q179852,Q179852,लियो एसाकी,Leo Esaki,रेओना एसाकी,Reona Esaki,hi,3,alias_observed,google_en_to_hi,alias,FALSE,100,Q169470,Q17,,52.63,,,,,,,same-person relation inferred from aliases; verify source,yes,yes,yes,yes,yes,,https://www.wikidata.org/wiki/Q179852,aligned_google_en_to_hi_plus_manual_verification,hindi_converted_601,google_en_to_hi,label,82.35,77.78,0
q3531361,Q3531361,थिलन समरवीरा,Thilan Samaraweera,थिलन तुषारा समरवीरा,Thilan Thusara Samaraweera,hi,3,alias_observed,google_en_to_hi,alias,FALSE,87.5,Q12299841,Q854,,78.57,,,,,,,same-person relation inferred from aliases; verify source,yes,yes,yes,yes,yes,,https://www.wikidata.org/wiki/Q3531361,aligned_google_en_to_hi_plus_manual_verification,hindi_converted_601,google_en_to_hi,label,82.35,82.93,0
q191736,Q191736,निकोलय डेवीडेंको,Nikolay Davydenko,निकोलय व्लादिमिरोविच डेवीडेंको,Nikolay Vladimirovich Davydenko,hi,3,alias_observed,verified_hindi,alias,FALSE,86.67,Q10833314,Q159,,74.51,,,,,,,same-person relation inferred from aliases; verify source,yes,yes,yes,yes,yes,,https://www.wikidata.org/wiki/Q191736,aligned_google_en_to_hi_plus_manual_verification,hindi_converted_601,verified_hindi,,82.35,71.11,0
q1425,Q1425,ट्रेजन,Trajan,त्रायानुस,Traianus,hi,3,alias_observed,verified_hindi,alias,FALSE,82.35,Q189290|Q372436|Q82955,Q1747689,,62.5,,,,,,,same-person relation inferred from aliases; verify source,yes,yes,yes,yes,yes,,https://www.wikidata.org/wiki/Q1425,aligned_google_en_to_hi_plus_manual_verification,hindi_converted_601,verified_hindi,,92.31,71.43,0
q30487,Q30487,​​मिखाइल गोर्बाचेव,Mikhail Gorbachev,मिखाइल गोर्बाच्योव,Mikhail Gorbachyov,hi,3,alias_observed,google_en_to_hi,alias,FALSE,82.35,Q10800557|Q185351|Q188094|Q3578589|Q40348|Q82955,Q15180|Q159,,86.67,,,,,,,same-person relation inferred from aliases; verify source,yes,yes,yes,yes,yes,,https://www.wikidata.org/wiki/Q30487,aligned_google_en_to_hi_plus_manual_verification,hindi_converted_601,google_en_to_hi,,84.85,90.91,0
q310376,Q310376,दिमित्री तुर्सुनोव,Dmitry Tursunov,दिमित्री इगोरविच तुर्सुनोव,Dmitry Igorevich Tursunov,hi,3,alias_observed,google_en_to_hi,alias,FALSE,82.35,Q10833314,Q159,,74.42,,,,,,,same-person relation inferred from aliases; verify source,yes,yes,yes,yes,yes,,https://www.wikidata.org/wiki/Q310376,aligned_google_en_to_hi_plus_manual_verification,hindi_converted_601,google_en_to_hi,label,86.67,75.68,0
q4168161,Q4168161,लुइस हारा,Luis Jara,लुइस जारा,Luís Jara,hi,3,alias_observed,manual,alias,FALSE,82.35,Q177220|Q947873,Q298,,71.43,,,,,,,same-person relation inferred from aliases; verify source,yes,yes,yes,yes,yes,,https://www.wikidata.org/wiki/Q4168161,aligned_google_en_to_hi_plus_manual_verification,hindi_converted_601,manual,label,82.35,87.5,0
q5982945,Q5982945,इयान स्मिथ,Ian Smith,विवियन इयान स्मिथ,Vivian Ian Smith,hi,3,alias_observed,google_en_to_hi,alias,FALSE,82.35,Q12299841,Q258,,69.23,,,,,,,same-person relation inferred from aliases; verify source,yes,yes,yes,yes,yes,,https://www.wikidata.org/wiki/Q5982945,aligned_google_en_to_hi_plus_manual_verification,hindi_converted_601,google_en_to_hi,label,84.21,72.73,0
q180535,Q180535,हुआन मार्तिन देल पोत्रो,Juan Martín del Potro,हुआन मार्टिन देल पोर्तो,Juan Martin Del Potro,hi,3,alias_observed,manual,alias,FALSE,82.05,Q10833314,Q414,,85,,,,,,,same-person relation inferred from aliases; verify source,yes,yes,yes,yes,yes,,https://www.wikidata.org/wiki/Q180535,aligned_google_en_to_hi_plus_manual_verification,hindi_converted_601,manual,label,82.05,94.44,0
q48093,Q48093,निकोलाई बुल्गानिन,Nikolai Bulganin,निकोलाई अलेक्जेंड्रोविच बुल्गानिन,Nikolai Alexandrovich Bulganin,hi,3,alias_observed,google_en_to_hi,alias,FALSE,81.97,Q1328323|Q189290|Q806798|Q82955,Q15180|Q34266,,68.09,,,,,,,same-person relation inferred from aliases; verify source,yes,yes,yes,yes,yes,,https://www.wikidata.org/wiki/Q48093,aligned_google_en_to_hi_plus_manual_verification,hindi_converted_601,google_en_to_hi,,90.91,69.77,0
q159169,Q159169,नर्गिस दत्त,Nargis Dutt,नर्गीस दत्त,Nargis Datt,hi,3,alias_observed,manual,alias,FALSE,90.91,Q10800557|Q28389|Q33999|Q82955,Q129286|Q1775277|Q668,,90,,,,,,,A and B may be only spelling variants rather than distinct aliases; same-person relation inferred from aliases; verify source,yes,yes,yes,yes,yes,,https://www.wikidata.org/wiki/Q159169,aligned_google_en_to_hi_plus_manual_verification,hindi_converted_601,manual,alias,81.82,90,0
q194439,Q194439,मार्कोस सेना,Marcos Senna,मार्कोस एंटोनियो सेन्ना दा सिल्वा,Marcos Antonio Senna da Silva,hi,3,alias_observed,google_en_to_hi,alias,FALSE,88,Q937857,Q155|Q29,,57.89,,,,,,,same-person relation inferred from aliases; verify source,yes,yes,yes,yes,yes,,https://www.wikidata.org/wiki/Q194439,aligned_google_en_to_hi_plus_manual_verification,hindi_converted_601,google_en_to_hi,label,81.82,61.11,0
q207817,Q207817,अमीर खुस्रो,Amir Khusrau,अमीर खुसरो,Amir Khusrow,hi,3,alias_observed,manual,alias,FALSE,86.96,Q36180|Q4964182|Q49757|Q639669,Q668,,94.74,,,,,,,A and B may be only spelling variants rather than distinct aliases; same-person relation inferred from aliases; verify source,yes,yes,yes,yes,yes,,https://www.wikidata.org/wiki/Q207817,aligned_google_en_to_hi_plus_manual_verification,hindi_converted_601,manual,label,81.82,81.82,0
q122346,Q122346,हकान यकिन,Hakan Yakın,हकन यकीन,Hakan Yakin,hi,3,alias_observed,manual,alias,FALSE,85.71,Q628099|Q937857,Q39|Q43,,66.67,,,,,,,same-person relation inferred from aliases; verify source,yes,yes,yes,yes,yes,,https://www.wikidata.org/wiki/Q122346,aligned_google_en_to_hi_plus_manual_verification,hindi_converted_601,manual,label,81.82,90,0
q7296749,Q7296749,रविन्दु शाह,Ravindu Shah,रविन्दु धीरजलाल शाह,Ravindu Dhirajlal Shah,hi,3,alias_observed,google_en_to_hi,alias,FALSE,85.71,Q12299841,Q114,,72,,,,,,,same-person relation inferred from aliases; verify source,yes,yes,yes,yes,yes,,https://www.wikidata.org/wiki/Q7296749,aligned_google_en_to_hi_plus_manual_verification,hindi_converted_601,google_en_to_hi,label,81.82,70.97,0
q55713,Q55713,आनंद यादव,Anand Yadav,आनंद रतन यादव,Anand Ratan Yadav,hi,3,alias_observed,google_en_to_hi,alias,FALSE,84.85,Q18814623|Q36180,Q129286|Q1775277|Q668,,84.21,,,,,,,same-person relation inferred from aliases; verify source,yes,yes,yes,yes,yes,,https://www.wikidata.org/wiki/Q55713,aligned_google_en_to_hi_plus_manual_verification,hindi_converted_601,google_en_to_hi,,81.82,80,0
q34474,Q34474,अलेक्जेंडर सोल्झेनित्सिन,Aleksandr Solzhenitsyn,अलेक्जेंडर इसायेविच सोल्झेनित्सिन,Aleksandr Isayevich Solzhenitsyn,hi,3,alias_observed,google_en_to_hi,alias,FALSE,83.87,Q12144794|Q15949613|Q17010072|Q201788|Q214917|Q2251335|Q28389|Q36180|Q37226|Q47064|Q49757|Q6051619|Q6625963|Q662729,Q15180|Q159|Q223050|Q2305208,,85.71,,,,,,,same-person relation inferred from aliases; verify source,yes,yes,yes,yes,yes,,https://www.wikidata.org/wiki/Q34474,aligned_google_en_to_hi_plus_manual_verification,hindi_converted_601,google_en_to_hi,,81.82,82.35,0
q207426,Q207426,एलेजांद्रो टोलेडो,Alejandro Toledo,एलेजांद्रो सेलेस्टिनो टोलेडो मैनरिक,Alejandro Celestino Toledo Manrique,hi,3,alias_observed,google_en_to_hi,alias,FALSE,81.82,Q188094|Q19324694|Q82955|Q9379869,Q419,,61.22,,,,,,,same-person relation inferred from aliases; verify source,yes,yes,yes,yes,yes,,https://www.wikidata.org/wiki/Q207426,aligned_google_en_to_hi_plus_manual_verification,hindi_converted_601,google_en_to_hi,label,86.67,63.83,0
q3520841,Q3520841,चार्ल लैंगवेल्ट,Charl Langeveldt,चार्ल केनेथ लैंगवेल्ट,Charl Kenneth Langeveldt,hi,3,alias_observed,google_en_to_hi,alias,FALSE,81.82,Q12299841,Q258,,81.08,,,,,,,same-person relation inferred from aliases; verify source,yes,yes,yes,yes,yes,,https://www.wikidata.org/wiki/Q3520841,aligned_google_en_to_hi_plus_manual_verification,hindi_converted_601,google_en_to_hi,label,86.67,81.08,0
q7193063,Q7193063,स्टीफन ओगोंजी टिकोलो,Stephen Ogonji Tikolo,स्टीव टिकोलो,Steve Tikolo,hi,3,alias_observed,google_en_to_hi,label,FALSE,81.82,Q12299841,Q114,,68.97,,,,,,,same-person relation inferred from aliases; verify source,yes,yes,yes,yes,yes,,https://www.wikidata.org/wiki/Q7193063,aligned_google_en_to_hi_plus_manual_verification,hindi_converted_601,google_en_to_hi,alias,82.05,66.67,0
q9038,Q9038,मुअम्मद इब्न मूसा अल-ख्वारिज्मी,Muḥammad ibn Musa al-Khwarizmi,अल-ख्वारिज्मी,al-Khwarizmi,hi,3,alias_observed,google_en_to_hi,alias,FALSE,81.82,Q11063|Q170790|Q201788|Q333634|Q4964182|Q901402,,,55,,,,,,,same-person relation inferred from aliases; verify source,yes,yes,yes,yes,yes,,https://www.wikidata.org/wiki/Q9038,aligned_google_en_to_hi_plus_manual_verification,hindi_converted_601,google_en_to_hi,,82.14,59.46,0
q3528791,Q3528791,घोलम नौशेर,Gholam Nousher,घोलम मोहम्मद नौशेर,Gholam Mohammad Nousher,hi,3,alias_observed,google_en_to_hi,alias,FALSE,86.36,Q12299841,Q843|Q902,,72,,,,,,,same-person relation inferred from aliases; verify source,yes,yes,yes,yes,yes,,https://www.wikidata.org/wiki/Q3528791,aligned_google_en_to_hi_plus_manual_verification,hindi_converted_601,google_en_to_hi,label,81.48,76.47,0
q2480608,Q2480608,अजंता मेंडिस,Ajantha Mendis,बालापुवादुगे अजंता विंसलो मेंडिस,Balapuwaduge Ajantha Winslo Mendis,hi,3,alias_observed,google_en_to_hi,alias,FALSE,85.71,Q12299841|Q47064,Q854,,50,,,,,,,same-person relation inferred from aliases; verify source,yes,yes,yes,yes,yes,,https://www.wikidata.org/wiki/Q2480608,aligned_google_en_to_hi_plus_manual_verification,hindi_converted_601,google_en_to_hi,label,81.48,59.09,0
q380623,Q380623,गो-त्सुचिमिकाडो,Go-Tsuchimikado,त्सुचिमिकाडो द्वितीय,Tsuchimikado II,hi,3,alias_observed,manual,alias,FALSE,81.48,Q1097498,Q1154406|Q17,,92.86,,,,,,,A and B may be only spelling variants rather than distinct aliases; same-person relation inferred from aliases; verify source,yes,yes,yes,yes,yes,,https://www.wikidata.org/wiki/Q380623,aligned_google_en_to_hi_plus_manual_verification,hindi_converted_601,google_en_to_hi,label,96.3,85.71,0
q41223,Q41223,बोरिस पास्टर्नक,Boris Pasternak,बोरिस लियोनिदोविच पास्टर्नक,Boris Leonidovich Pasternak,hi,3,alias_observed,google_en_to_hi,alias,FALSE,81.48,Q12144794|Q135216826|Q214917|Q28389|Q333634|Q36180|Q36834|Q486748|Q49757|Q6625963|Q8178443,Q15180|Q34266,,71.79,,,,,,,same-person relation inferred from aliases; verify source,yes,yes,yes,yes,yes,,https://www.wikidata.org/wiki/Q41223,aligned_google_en_to_hi_plus_manual_verification,hindi_converted_601,google_en_to_hi,,83.87,71.79,0
q3532470,Q3532470,दलीप समरवीरा,Dulip Samaraweera,दलीप प्रसन्ना समरवीरा,Dulip Prasanna Samaraweera,hi,3,alias_observed,google_en_to_hi,alias,FALSE,87.5,Q12299841,Q854,,75,,,,,,,same-person relation inferred from aliases; verify source,yes,yes,yes,yes,yes,,https://www.wikidata.org/wiki/Q3532470,aligned_google_en_to_hi_plus_manual_verification,hindi_converted_601,google_en_to_hi,label,81.25,80,0
q191957,Q191957,इग्नेसी पाडेरेवस्की,Ignacy Paderewski,इग्नेसी जान पाडेरेवस्की,Ignacy Jan Paderewski,hi,3,alias_observed,google_en_to_hi,label,FALSE,82.05,Q14915627|Q16145150|Q193391|Q21680663|Q2285706|Q36834|Q486748|Q7330070|Q82955,Q145|Q212|Q30|Q36,,92.31,,,,,,,A and B may be only spelling variants rather than distinct aliases; same-person relation inferred from aliases; verify source,yes,yes,yes,yes,yes,,https://www.wikidata.org/wiki/Q191957,aligned_google_en_to_hi_plus_manual_verification,hindi_converted_601,google_en_to_hi,alias,81.25,91.43,0
q9488,Q9488,सचिन तेंदुलकर,Sachin Tendulkar,सचिन रमेश तेंदुलकर,Sachin Ramesh Tendulkar,hi,3,alias_observed,google_en_to_hi,alias,FALSE,81.82,Q12299841|Q82955,Q668,,78.57,,,,,,,same-person relation inferred from aliases; verify source,yes,yes,yes,yes,yes,,https://www.wikidata.org/wiki/Q9488,aligned_google_en_to_hi_plus_manual_verification,hindi_converted_601,google_en_to_hi,,81.25,83.33,0
q3345580,Q3345580,तमीम इक़बाल,Tamim Iqbal,तमीम इक़बाल खान,Tamim Iqbal Khan,hi,3,alias_observed,google_en_to_hi,alias,FALSE,81.25,Q12299841,Q902,,81.82,,,,,,,same-person relation inferred from aliases; verify source,yes,yes,yes,yes,yes,,https://www.wikidata.org/wiki/Q3345580,aligned_google_en_to_hi_plus_manual_verification,hindi_converted_601,google_en_to_hi,label,81.82,83.33,0
q6913044,Q6913044,मोर्ने एंगेलब्रेक्ट,Morne Engelbrecht,मोर्ने इंगेल्ब्रेच्ट,Morné Engelbrecht,hi,3,alias_observed,manual,label,FALSE,81.25,Q12299841,Q258,,86.49,,,,,,,same-person relation inferred from aliases; verify source,yes,yes,yes,yes,yes,,https://www.wikidata.org/wiki/Q6913044,aligned_google_en_to_hi_plus_manual_verification,hindi_converted_601,manual,alias,82.35,93.75,0
q3529369,Q3529369,जयंता अमरसिंघे,Jayantha Amerasinghe,अमरसिंघे मुदालिगे जयंथा गामिनी अमरसिंघे,Amerasinghe Mudalige Jayantha Gamini Amerasinghe,hi,3,alias_observed,google_en_to_hi,alias,FALSE,87.36,Q12299841,Q854,,53.33,,,,,,,same-person relation inferred from aliases; verify source,yes,yes,yes,yes,yes,,https://www.wikidata.org/wiki/Q3529369,aligned_google_en_to_hi_plus_manual_verification,hindi_converted_601,google_en_to_hi,label,81.08,60.32,0
q315626,Q315626,मैनुअल एविला कैमाचो,Manuel Ávila Camacho,मैनुअल अविला कैमाचो,Manuel Avila Camacho,hi,3,alias_observed,google_en_to_hi,alias,FALSE,86.49,Q4991371|Q82955,Q96,,94.44,,,,,,,A and B may be only spelling variants rather than distinct aliases; same-person relation inferred from aliases; verify source,yes,yes,yes,yes,yes,,https://www.wikidata.org/wiki/Q315626,aligned_google_en_to_hi_plus_manual_verification,hindi_converted_601,google_en_to_hi,label,81.08,94.44,0
q57559,Q57559,अन्ना-लेना ग्रोनफेल्ड,Anna-Lena Grönefeld,अन्ना-लेना ग्रोएनफेल्ड,Anna-Lena Groenefeld,hi,3,alias_observed,google_en_to_hi,alias,FALSE,81.08,Q10833314,Q183,,86.49,,,,,,,same-person relation inferred from aliases; verify source,yes,yes,yes,yes,yes,,https://www.wikidata.org/wiki/Q57559,aligned_google_en_to_hi_plus_manual_verification,hindi_converted_601,google_en_to_hi,,81.08,91.43,0
q315665,Q315665,रिकार्डो ओसोरियो,Ricardo Osorio,रिकार्डो ओसोरियो मेंडोज़ा,Ricardo Osorio Mendoza,hi,3,alias_observed,google_en_to_hi,alias,FALSE,80.95,Q937857,Q96,,81.08,,,,,,,same-person relation inferred from aliases; verify source,yes,yes,yes,yes,yes,,https://www.wikidata.org/wiki/Q315665,aligned_google_en_to_hi_plus_manual_verification,hindi_converted_601,google_en_to_hi,,88.89,78.79,0
q487768,Q487768,अनातोली लार्किन,Anatoly Larkin,अनातोली इवानोविच लार्किन,Anatoly Ivanovich Larkin,hi,3,alias_observed,google_en_to_hi,alias,FALSE,80.85,Q16742096|Q169470,Q15180|Q159|Q30,,68.42,,,,,,,same-person relation inferred from aliases; verify source,yes,yes,yes,yes,yes,,https://www.wikidata.org/wiki/Q487768,aligned_google_en_to_hi_plus_manual_verification,hindi_converted_601,google_en_to_hi,label,84.62,74.29,0
q55744,Q55744,विजय तेंदुलकर,Vijay Tendulkar,विजय धोंडोपंत तेंडुलकर,Vijay Dhondopant Tendulkar,hi,3,alias_observed,google_en_to_hi,alias,FALSE,80.77,Q14467526|Q1930187|Q28389|Q333634|Q36180,Q129286|Q1775277|Q668,,68.75,,,,,,,same-person relation inferred from aliases; verify source,yes,yes,yes,yes,yes,,https://www.wikidata.org/wiki/Q55744,aligned_google_en_to_hi_plus_manual_verification,hindi_converted_601,google_en_to_hi,,83.87,73.68,0
q159059,Q159059,ग्रेफ़ाइट,Grafite,एडिनाल्डो बतिस्ता लिबैनियो,Edinaldo Batista Libanio,hi,3,alias_observed,google_en_to_hi,alias,FALSE,97.78,Q937857,Q155,,18.75,,,,,,,same-person relation inferred from aliases; verify source,yes,yes,yes,yes,yes,,https://www.wikidata.org/wiki/Q159059,aligned_google_en_to_hi_plus_manual_verification,hindi_converted_601,google_en_to_hi,label,80,20.69,0
q1652493,Q1652493,सुषमा स्वराज,Sushma Swaraj,सुषमा शर्मा,Sushama Sharma,hi,3,alias_observed,google_en_to_hi,alias,FALSE,91.67,Q185351|Q40348|Q7330070|Q82955,Q668,,66.67,,,,,,,same-person relation inferred from aliases; verify source,yes,yes,yes,yes,yes,,https://www.wikidata.org/wiki/Q1652493,aligned_google_en_to_hi_plus_manual_verification,hindi_converted_601,google_en_to_hi,label,80,80,0
q3518308,Q3518308,मोर्ने मोर्केल,Morné Morkel,मॉर्ने मोर्केल,Morne Morkel,hi,3,alias_observed,manual,alias,FALSE,88,Q12299841,Q258,,84.62,,,,,,,same-person relation inferred from aliases; verify source,yes,yes,yes,yes,yes,,https://www.wikidata.org/wiki/Q3518308,aligned_google_en_to_hi_plus_manual_verification,hindi_converted_601,manual,label,80,90.91,0
q55745,Q55745,गोविंदराव टेम्बे,Govindrao Tembe,गोविंद सदाशिव टेम्बे,Govind Sadashiv Tembe,hi,3,alias_observed,google_en_to_hi,alias,FALSE,87.18,Q10800557|Q2516866|Q28389|Q33999|Q36180|Q36834,Q129286|Q1775277|Q668,,83.87,,,,,,,same-person relation inferred from aliases; verify source,yes,yes,yes,yes,yes,,https://www.wikidata.org/wiki/Q55745,aligned_google_en_to_hi_plus_manual_verification,hindi_converted_601,google_en_to_hi,,80,72.73,0
q3534041,Q3534041,रसेल अर्नोल्ड,Russel Arnold,रसेल प्रेमकुमारन अर्नोल्ड,Russel Premakumaran Arnold,hi,3,alias_observed,google_en_to_hi,alias,FALSE,86.27,Q12299841,Q854,,61.11,,,,,,,same-person relation inferred from aliases; verify source,yes,yes,yes,yes,yes,,https://www.wikidata.org/wiki/Q3534041,aligned_google_en_to_hi_plus_manual_verification,hindi_converted_601,google_en_to_hi,label,80,66.67,0
q179871,Q179871,ईसाकु सातो,Eisaku Satō,ईसाकु सातौ,Eisaku Satou,hi,3,alias_observed,google_en_to_hi,alias,FALSE,85.71,Q82955,Q17,,88.89,,,,,,,same-person relation inferred from aliases; verify source,yes,yes,yes,yes,yes,,https://www.wikidata.org/wiki/Q179871,aligned_google_en_to_hi_plus_manual_verification,hindi_converted_601,google_en_to_hi,label,80,85.71,0
q200812,Q200812,डिओडोरो दा फोंसेका,Deodoro da Fonseca,मैनुअल डेओडोरो दा फोंसेका,Manuel Deodoro da Fonseca,hi,3,alias_observed,google_en_to_hi,alias,FALSE,83.33,Q47064|Q82955,Q155,,87.18,,,,,,,same-person relation inferred from aliases; verify source,yes,yes,yes,yes,yes,,https://www.wikidata.org/wiki/Q200812,aligned_google_en_to_hi_plus_manual_verification,hindi_converted_601,google_en_to_hi,label,80,84.21,0
q34661,Q34661,गुस्ताव क्लिम्ट,Gustav Klimt,गुस्त. क्लिम्ट,Gust. Klimt,hi,3,alias_observed,manual,alias,FALSE,81.82,Q1028181|Q107212688|Q15296811|Q1925963|Q2079935|Q20857490|Q5322166,Q131964|Q40|Q533534,,85.71,,,,,,,same-person relation inferred from aliases; verify source,yes,yes,yes,yes,yes,,https://www.wikidata.org/wiki/Q34661,aligned_google_en_to_hi_plus_manual_verification,hindi_converted_601,google_en_to_hi,,80,90,0
q3531214,Q3531214,रवि रामपॉल,Ravi Rampaul,रवीन्द्रनाथ रामपॉल,Ravindranath Rampaul,hi,3,alias_observed,google_en_to_hi,alias,FALSE,80.95,Q12299841,Q668,,72,,,,,,,same-person relation inferred from aliases; verify source,yes,yes,yes,yes,yes,,https://www.wikidata.org/wiki/Q3531214,aligned_google_en_to_hi_plus_manual_verification,hindi_converted_601,google_en_to_hi,,80,73.33,0
q133267,Q133267,लेव लैंडौ,Lev Landau,लेव डेविडोविच लैंडौ,Lev Davidovich Landau,hi,3,alias_observed,google_en_to_hi,alias,FALSE,80,Q15980158|Q1622272|Q169470|Q170790|Q19350898|Q205375,Q15180|Q206411|Q34266,,64.52,,,,,,,same-person relation inferred from aliases; verify source,yes,yes,yes,yes,yes,,https://www.wikidata.org/wiki/Q133267,aligned_google_en_to_hi_plus_manual_verification,hindi_converted_601,google_en_to_hi,,84.21,64.29,0
q163225,Q163225,सोनिया गांधी,Soniya Gandhi,एंटोनिया एडविगे अल्बिना माइनो,Antonia Edvige Albina Maino,hi,3,alias_observed,google_en_to_hi,alias,FALSE,80,Q82955,Q38|Q668,,25.64,,,,,,,same-person relation inferred from aliases; verify source,yes,yes,yes,yes,yes,,https://www.wikidata.org/wiki/Q163225,aligned_google_en_to_hi_plus_manual_verification,hindi_converted_601,google_en_to_hi,alias,91.67,44.44,0
q188120,Q188120,योईचिरो नांबू,Yoichiro Nambu,योइचिरो नाम्बु,Yōichirō Nambu,hi,3,alias_observed,manual,alias,FALSE,80,Q121594|Q1650915|Q169470|Q19350898,Q17|Q30,,84.62,,,,,,,same-person relation inferred from aliases; verify source,yes,yes,yes,yes,yes,,https://www.wikidata.org/wiki/Q188120,aligned_google_en_to_hi_plus_manual_verification,hindi_converted_601,manual,label,96,84.62,0
q26992,Q26992,स्टुअर्ट लॉ,Stuart Law,स्टुअर्ट ग्रांट लॉ,Stuart Grant Law,hi,3,alias_observed,manual,alias,FALSE,80,Q12299841,Q408,,80,,,,,,,same-person relation inferred from aliases; verify source,yes,yes,yes,yes,yes,,https://www.wikidata.org/wiki/Q26992,aligned_google_en_to_hi_plus_manual_verification,hindi_converted_601,google_en_to_hi,,80,78.26,0
q3528636,Q3528636,नजीमुद्दीन,Nazimuddin,मोहम्मद नाज़िमुद्दीन अहमद,Mohammed Nazimuddin Ahmed,hi,3,alias_observed,google_en_to_hi,alias,FALSE,80,Q12299841,Q902,,64.52,,,,,,,same-person relation inferred from aliases; verify source,yes,yes,yes,yes,yes,,https://www.wikidata.org/wiki/Q3528636,aligned_google_en_to_hi_plus_manual_verification,hindi_converted_601,google_en_to_hi,label,85.71,60.61,0
q42013,Q42013,अनवर सादात,Anwar Sadat,मुहम्मद अनवर अल-सआदत,Muhammad Anwar el-Sadat,hi,3,alias_observed,google_en_to_hi,alias,FALSE,80,Q1402561|Q189290|Q193391|Q30461|Q372436|Q42178|Q6051619|Q82955,Q124943|Q170468|Q3087763|Q370173|Q79,,59.26,,,,,,,same-person relation inferred from aliases; verify source,yes,yes,yes,yes,yes,,https://www.wikidata.org/wiki/Q42013,aligned_google_en_to_hi_plus_manual_verification,hindi_converted_601,google_en_to_hi,label,81.82,66.67,0
q60429,Q60429,चन्द्रशेखर वेंकट रमन,Chandrasekhara Venkata Raman,सर सीवी रमन,Sir CV Raman,hi,3,alias_observed,google_en_to_hi,alias,FALSE,80,Q15142825|Q1622272|Q169470,Q129286|Q1775277|Q668,,32,,,,,,,same-person relation inferred from aliases; verify source,yes,yes,yes,yes,yes,,https://www.wikidata.org/wiki/Q60429,aligned_google_en_to_hi_plus_manual_verification,hindi_converted_601,google_en_to_hi,,88.46,44.44,0
q9570,Q9570,अमिताभ बच्चन,Amitabh Bachchan,बिग बी,Big B,hi,3,alias_observed,verified_hindi,alias,FALSE,80,Q10798782|Q10800557|Q177220|Q3282637|Q33999|Q36180,Q145|Q668,,25,,,,,,,same-person relation inferred from aliases; verify source,yes,yes,yes,yes,yes,,https://www.wikidata.org/wiki/Q9570,aligned_google_en_to_hi_plus_manual_verification,hindi_converted_601,verified_hindi,,86.67,21.05,0
q128999,Q128999,जोस बस्टामांटे वाई रिवेरो,Jose Bustamante y Rivero,जोस लुइस बुस्टामांटे वाई रिवेरो,Jose Luis Bustamante y Rivero,hi,3,alias_observed,google_en_to_hi,alias,FALSE,80.77,Q1622272|Q16533|Q193391|Q40348|Q82955,Q419,,92.31,,,,,,,A and B may be only spelling variants rather than distinct aliases; same-person relation inferred from aliases; verify source,yes,yes,yes,yes,yes,,https://www.wikidata.org/wiki/Q128999,aligned_google_en_to_hi_plus_manual_verification,hindi_converted_601,google_en_to_hi,alias,79.07,91.3,0
q3529819,Q3529819,एलिजा ओटीनो असोयो,Elijah Otieno Asoyo,एलिजा ओटीनो,Elijah Otieno,hi,3,alias_observed,google_en_to_hi,label,FALSE,90.91,Q12299841,Q114,,48.28,,,,,,,same-person relation inferred from aliases; verify source,yes,yes,yes,yes,yes,,https://www.wikidata.org/wiki/Q3529819,aligned_google_en_to_hi_plus_manual_verification,hindi_converted_601,google_en_to_hi,alias,78.95,82.76,0
q201866,Q201866,अलेक्जेंडर केर्जाकोव,Aleksandr Kerzhakov,अलेक्जेंडर अनातोलीयेविच केर्जाकोव,Aleksandr Anatolyevich Kerzhakov,hi,3,alias_observed,google_en_to_hi,alias,FALSE,80,Q628099|Q937857,Q159,,79.17,,,,,,,same-person relation inferred from aliases; verify source,yes,yes,yes,yes,yes,,https://www.wikidata.org/wiki/Q201866,aligned_google_en_to_hi_plus_manual_verification,hindi_converted_601,google_en_to_hi,label,78.95,75,0
q312722,Q312722,हेरोल्ड होल्ट,Harold Holt,हेरोल्ड एडवर्ड होल्ट,Harold Edward Holt,hi,3,alias_observed,google_en_to_hi,alias,FALSE,78.95,Q2285706|Q40348|Q82955,Q408,,80,,,,,,,same-person relation inferred from aliases; verify source,yes,yes,yes,yes,yes,,https://www.wikidata.org/wiki/Q312722,aligned_google_en_to_hi_plus_manual_verification,hindi_converted_601,google_en_to_hi,label,83.33,76.92,0
q234814,Q234814,खालिदा जिया,Khaleda Zia,बेगम खालिदा जिया,Begum Khaleda Zia,hi,3,alias_observed,google_en_to_hi,alias,FALSE,78.79,Q82955,Q129286|Q843|Q902,,83.33,,,,,,,same-person relation inferred from aliases; verify source,yes,yes,yes,yes,yes,,https://www.wikidata.org/wiki/Q234814,aligned_google_en_to_hi_plus_manual_verification,hindi_converted_601,google_en_to_hi,label,81.82,80,0
q3506475,Q3506475,राजनाथ,Rajnath,राजनाथ देव सिंह,Rajnath Dev Singh,hi,3,alias_observed,google_en_to_hi,alias,FALSE,78.79,Q169470|Q82955,Q668,,63.16,,,,,,,same-person relation inferred from aliases; verify source,yes,yes,yes,yes,yes,,https://www.wikidata.org/wiki/Q3506475,aligned_google_en_to_hi_plus_manual_verification,hindi_converted_601,google_en_to_hi,alias,87.5,63.64,0
q191123,Q191123,लेवी शकोलनिक,Levi Shkolnik,लेवी एशकोल,Levi Eshkol,hi,3,alias_observed,google_en_to_hi,label,FALSE,90,Q82955,Q801,,58.33,,,,,,,same-person relation inferred from aliases; verify source,yes,yes,yes,yes,yes,,https://www.wikidata.org/wiki/Q191123,aligned_google_en_to_hi_plus_manual_verification,hindi_converted_601,google_en_to_hi,alias,78.57,81.82,0
q219970,Q219970,मिखाइल यूज़नी,Mikhail Youzhny,मिखाइल मिखाइलोविच युज़नी,Mikhail Mikhaylovich Yuzhny,hi,3,alias_observed,google_en_to_hi,alias,FALSE,82.35,Q10833314,Q159,,70.59,,,,,,,same-person relation inferred from aliases; verify source,yes,yes,yes,yes,yes,,https://www.wikidata.org/wiki/Q219970,aligned_google_en_to_hi_plus_manual_verification,hindi_converted_601,google_en_to_hi,label,78.57,71.79,0
q349516,Q349516,एडम गिलक्रिस्ट,Adam Gilchrist,गिल्ली,Gilly,hi,3,alias_observed,google_en_to_hi,alias,FALSE,80,Q12299841,Q408,,42.11,,,,,,,same-person relation inferred from aliases; verify source,yes,yes,yes,yes,yes,,https://www.wikidata.org/wiki/Q349516,aligned_google_en_to_hi_plus_manual_verification,hindi_converted_601,google_en_to_hi,label,78.57,33.33,0
q57655,Q57655,मोहम्मद बिन राशिद अल मकतूम,Mohammed bin Rashid Al Maktoum,शेख मोहम्मद,Sheikh Mohammed,hi,3,alias_observed,google_en_to_hi,alias,FALSE,78.57,Q43845|Q49757|Q82955,Q1852345|Q878,,43.75,,,,,,,same-person relation inferred from aliases; verify source,yes,yes,yes,yes,yes,,https://www.wikidata.org/wiki/Q57655,aligned_google_en_to_hi_plus_manual_verification,hindi_converted_601,google_en_to_hi,,83.64,40,0
q2737023,Q2737023,चमिंडा वास,Chaminda Vaas,वार्नाकुलसुरिया पटाबेंडिगे उशांथा जोसेफ चामिंडा वास,Warnakulasuriya Patabendige Ushantha Joseph Chaminda Vaas,hi,3,alias_observed,google_en_to_hi,alias,FALSE,85.15,Q12299841,Q854,,36.73,,,,,,,same-person relation inferred from aliases; verify source,yes,yes,yes,yes,yes,,https://www.wikidata.org/wiki/Q2737023,aligned_google_en_to_hi_plus_manual_verification,hindi_converted_601,google_en_to_hi,label,78.26,37.5,0
q55753,Q55753,शांता शेल्के,Shanta Shelke,शांता जनार्दन शेल्के,Shanta Janardan Shelke,hi,3,alias_observed,google_en_to_hi,alias,FALSE,85,Q333634|Q36180|Q49757,Q1775277|Q668,,74.07,,,,,,,same-person relation inferred from aliases; verify source,yes,yes,yes,yes,yes,,https://www.wikidata.org/wiki/Q55753,aligned_google_en_to_hi_plus_manual_verification,hindi_converted_601,google_en_to_hi,,78.26,75,0
q184261,Q184261,यूरी झिरकोव,Yuri Zhirkov,यूरी जिर्कोव,Yury Zhirkov,hi,3,alias_observed,manual,alias,FALSE,78.26,Q937857,Q159,,66.67,,,,,,,same-person relation inferred from aliases; verify source,yes,yes,yes,yes,yes,,https://www.wikidata.org/wiki/Q184261,aligned_google_en_to_hi_plus_manual_verification,hindi_converted_601,manual,label,86.96,90.91,0
q208104,Q208104,ज़ाबी अलोंसो,Xabi Alonso,ज़ेबियर अलोंसो,Xabier Alonso,hi,3,alias_observed,google_en_to_hi,alias,FALSE,78.26,Q628099|Q937857,Q29,,81.82,,,,,,,same-person relation inferred from aliases; verify source,yes,yes,yes,yes,yes,,https://www.wikidata.org/wiki/Q208104,aligned_google_en_to_hi_plus_manual_verification,hindi_converted_601,google_en_to_hi,label,80,90.91,0
q3529948,Q3529948,सलिया अहंगमा,Saliya Ahangama,फ्रैंकलिन सलिया अहंगमा,Franklyn Saliya Ahangama,hi,3,alias_observed,google_en_to_hi,alias,FALSE,78.26,Q12299841,Q854,,75,,,,,,,same-person relation inferred from aliases; verify source,yes,yes,yes,yes,yes,,https://www.wikidata.org/wiki/Q3529948,aligned_google_en_to_hi_plus_manual_verification,hindi_converted_601,google_en_to_hi,label,92.86,77.78,0
q212801,Q212801,सुजाना अरुंधति रॉय,Suzanna Arundhati Roy,अरुंधति रॉय,Arundhati Roy,hi,3,alias_observed,google_en_to_hi,label,FALSE,88.89,Q10800557|Q11499147|Q11774202|Q15253558|Q1930187|Q28389|Q33999|Q36180|Q6625963|Q69423232|Q73306227,Q668,,66.67,,,,,,,same-person relation inferred from aliases; verify source,yes,yes,yes,yes,yes,,https://www.wikidata.org/wiki/Q212801,aligned_google_en_to_hi_plus_manual_verification,hindi_converted_601,google_en_to_hi,alias,78.05,77.42,0
q6653212,Q6653212,लिटन दास,Liton Das,लिटन,Liton,hi,3,alias_observed,google_en_to_hi,alias,FALSE,90.91,Q12299841,Q902,,66.67,,,,,,,same-person relation inferred from aliases; verify source,yes,yes,yes,yes,yes,,https://www.wikidata.org/wiki/Q6653212,aligned_google_en_to_hi_plus_manual_verification,hindi_converted_601,google_en_to_hi,alias,77.78,76.92,0
q635,Q635,क्लिओपात्रा,Cleopatra,क्लियोपैत्रा,Kleopatra,hi,3,alias_observed,manual,alias,FALSE,80,Q116|Q2304859,Q2320005,,78.26,,,,,,,same-person relation inferred from aliases; verify source,yes,yes,yes,yes,yes,,https://www.wikidata.org/wiki/Q635,aligned_google_en_to_hi_plus_manual_verification,hindi_converted_601,manual,,77.78,88.89,0
q132345,Q132345,शिंज़ो अबे,Shinzou Abe,शिंजो आबे,Shinzo Abe,hi,3,alias_observed,google_en_to_hi,alias,FALSE,77.78,Q82955,Q17,,88.89,,,,,,,same-person relation inferred from aliases; verify source,yes,yes,yes,yes,yes,,https://www.wikidata.org/wiki/Q132345,aligned_google_en_to_hi_plus_manual_verification,hindi_converted_601,google_en_to_hi,alias,77.78,94.74,0
q207352,Q207352,अग्निज़्का रदवांस्का,Agnieszka Radwanska,अग्निज़्का राडवांस्का,Agnieszka Radwańska,hi,3,alias_observed,google_en_to_hi,label,FALSE,77.78,Q10833314,Q36,,93.33,,,,,,,A and B may be only spelling variants rather than distinct aliases; same-person relation inferred from aliases; verify source,yes,yes,yes,yes,yes,,https://www.wikidata.org/wiki/Q207352,aligned_google_en_to_hi_plus_manual_verification,hindi_converted_601,google_en_to_hi,alias,81.08,94.44,0
q310328,Q310328,एंड्री यरमोलेंको,Andriy Yarmolenko,एंड्री मायकोलायोविच यरमोलेंको,Andriy Mykolayovych Yarmolenko,hi,3,alias_observed,google_en_to_hi,alias,FALSE,77.78,Q937857,Q212,,80,,,,,,,same-person relation inferred from aliases; verify source,yes,yes,yes,yes,yes,,https://www.wikidata.org/wiki/Q310328,aligned_google_en_to_hi_plus_manual_verification,hindi_converted_601,google_en_to_hi,label,87.5,72.73,0
q332157,Q332157,शंकर दयाल शर्मा,Shankar Dayal Sharma,शेंकर दयाल शर्मा,Shanker Dayal Sharma,hi,3,alias_observed,manual,alias,FALSE,77.78,Q40348|Q82955,Q129286|Q1775277|Q668,,92.31,,,,,,,A and B may be only spelling variants rather than distinct aliases; same-person relation inferred from aliases; verify source,yes,yes,yes,yes,yes,,https://www.wikidata.org/wiki/Q332157,aligned_google_en_to_hi_plus_manual_verification,hindi_converted_601,manual,label,83.33,94.44,0
q3348218,Q3348218,हबीबुल बशर,Habibul Bashar,क़ाज़ी हबीबुल बशर,Qazi Habibul Bashar,hi,3,alias_observed,google_en_to_hi,alias,FALSE,77.78,Q12299841,Q902,,81.82,,,,,,,same-person relation inferred from aliases; verify source,yes,yes,yes,yes,yes,,https://www.wikidata.org/wiki/Q3348218,aligned_google_en_to_hi_plus_manual_verification,hindi_converted_601,google_en_to_hi,label,88.89,86.67,0
q173540,Q173540,मार्गरेट मिशेल,Margaret Mitchell,मार्गरेट मुन्नेरलिन मिशेल,Margaret Munnerlyn Mitchell,hi,3,alias_observed,google_en_to_hi,alias,FALSE,77.55,Q12144794|Q1930187|Q28389|Q36180|Q6625963,Q30,,77.78,,,,,,,same-person relation inferred from aliases; verify source,yes,yes,yes,yes,yes,,https://www.wikidata.org/wiki/Q173540,aligned_google_en_to_hi_plus_manual_verification,hindi_converted_601,google_en_to_hi,,83.87,78.05,0
q295713,Q295713,लियाकत अली खान,Liaquat Ali Khan,"नवाबजादा लियाकत अली खान,","Nawabzada Liaquat Ali Khan,",hi,3,alias_observed,google_en_to_hi,alias,FALSE,77.55,Q193391|Q40348|Q82955,Q129286|Q843,,75,,,,,,,same-person relation inferred from aliases; verify source,yes,yes,yes,yes,yes,,https://www.wikidata.org/wiki/Q295713,aligned_google_en_to_hi_plus_manual_verification,hindi_converted_601,google_en_to_hi,label,80,75.68,0
q3351844,Q3351844,रिची रिचर्डसन,Richie Richardson,रिचर्ड बेंजामिन रिचर्डसन,Richard Benjamin Richardson,hi,3,alias_observed,google_en_to_hi,alias,FALSE,84.62,Q12299841,Q258,,62.86,,,,,,,same-person relation inferred from aliases; verify source,yes,yes,yes,yes,yes,,https://www.wikidata.org/wiki/Q3351844,aligned_google_en_to_hi_plus_manual_verification,hindi_converted_601,google_en_to_hi,label,77.42,73.17,0
q8581,Q8581,सलादीन,Saladin,सलादीन अय्यूबिद,Saladin Ayyūbid,hi,3,alias_observed,google_en_to_hi,alias,FALSE,77.42,Q132050|Q166382|Q43292|Q47064,,,41.67,,,,,,,same-person relation inferred from aliases; verify source,yes,yes,yes,yes,yes,,https://www.wikidata.org/wiki/Q8581,aligned_google_en_to_hi_plus_manual_verification,hindi_converted_601,google_en_to_hi,,93.33,66.67,0
q3525505,Q3525505,रॉबर्ट हार्वे,Robert Harvey,रॉबर्ट ल्योन हार्वे,Robert Lyon Harvey,hi,3,alias_observed,google_en_to_hi,alias,FALSE,80,Q12299841,Q258,,82.76,,,,,,,same-person relation inferred from aliases; verify source,yes,yes,yes,yes,yes,,https://www.wikidata.org/wiki/Q3525505,aligned_google_en_to_hi_plus_manual_verification,hindi_converted_601,google_en_to_hi,label,76.92,85.71,0
q109397,Q109397,क्लाउडियो पिजारो,Claudio Pizarro,क्लाउडियो मिगुएल पिजारो बोसियो,Claudio Miguel Pizarro Bosio,hi,3,alias_observed,google_en_to_hi,alias,FALSE,76.92,Q937857,Q183|Q38|Q419,,57.14,,,,,,,same-person relation inferred from aliases; verify source,yes,yes,yes,yes,yes,,https://www.wikidata.org/wiki/Q109397,aligned_google_en_to_hi_plus_manual_verification,hindi_converted_601,google_en_to_hi,label,82.76,71.79,0
q19364,Q19364,एंड्रेस गार्डाडो,Andres Guardado,एन्ड्रेस गार्डाडो,Andrés Guardado,hi,3,alias_observed,google_en_to_hi,label,FALSE,76.92,Q937857,Q29|Q96,,41.38,,,,,,,same-person relation inferred from aliases; verify source,yes,yes,yes,yes,yes,,https://www.wikidata.org/wiki/Q19364,aligned_google_en_to_hi_plus_manual_verification,hindi_converted_601,google_en_to_hi,alias,82.76,92.86,0
q3058207,Q3058207,मोहम्मद यूसुफ,Mohammad Yousuf,यूसुफ योहाना,yousuf Youhana,hi,3,alias_observed,google_en_to_hi,alias,FALSE,76.92,Q12299841,Q843,,43.48,,,,,,,same-person relation inferred from aliases; verify source,yes,yes,yes,yes,yes,,https://www.wikidata.org/wiki/Q3058207,aligned_google_en_to_hi_plus_manual_verification,hindi_converted_601,google_en_to_hi,label,80,44.44,0
q319824,Q319824,चौधुरी चरण सिंह,Chaudhuri Charan Singh,चौधरी चरण सिंह,Chaudhary Charan Singh,hi,3,alias_observed,manual,alias,FALSE,76.92,Q2285706|Q82955,Q129286|Q1775277|Q668,,91.67,,,,,,,A and B may be only spelling variants rather than distinct aliases; same-person relation inferred from aliases; verify source,yes,yes,yes,yes,yes,,https://www.wikidata.org/wiki/Q319824,aligned_google_en_to_hi_plus_manual_verification,hindi_converted_601,manual,alias,76.92,90,0
q462445,Q462445,मार्कोस डैनियल,Marcos Daniel,मार्कोस डिनिज़ डैनियल,Marcos Diniz Daniel,hi,3,alias_observed,google_en_to_hi,alias,FALSE,76.92,Q10833314,Q155,,84.85,,,,,,,same-person relation inferred from aliases; verify source,yes,yes,yes,yes,yes,,https://www.wikidata.org/wiki/Q462445,aligned_google_en_to_hi_plus_manual_verification,hindi_converted_601,google_en_to_hi,label,81.48,82.76,0
q55757,Q55757,शिवाजी सावंत,Shivaji Sawant,शिवाजी गोविंद सावंत,Shivaji Govind Sawant,hi,3,alias_observed,google_en_to_hi,alias,FALSE,76.92,Q214917|Q36180|Q6625963,Q129286|Q1775277|Q668,,78.57,,,,,,,same-person relation inferred from aliases; verify source,yes,yes,yes,yes,yes,,https://www.wikidata.org/wiki/Q55757,aligned_google_en_to_hi_plus_manual_verification,hindi_converted_601,google_en_to_hi,,76.92,81.25,0
q334818,Q334818,काजी नजरूल इस्लाम,Kazi Nazrul Islam,दुखु मिया,Dukhu Mia,hi,3,alias_observed,google_en_to_hi,alias,FALSE,94.12,Q15949613|Q177220|Q333634|Q36180|Q49757|Q4991371,Q129286|Q1775277|Q668|Q902,,8.7,,,,,,,same-person relation inferred from aliases; verify source,yes,yes,yes,yes,yes,,https://www.wikidata.org/wiki/Q334818,aligned_google_en_to_hi_plus_manual_verification,hindi_converted_601,google_en_to_hi,label,76.47,34.78,0
q52183,Q52183,शेख हसीना वाजेद,Sheikh Hasina Wazed,शेख़ हसीना,Sheikh Hasina,hi,3,alias_observed,google_en_to_hi,label,FALSE,86.96,Q185351|Q36180|Q82955,Q843|Q902,,76.19,,,,,,,same-person relation inferred from aliases; verify source,yes,yes,yes,yes,yes,,https://www.wikidata.org/wiki/Q52183,aligned_google_en_to_hi_plus_manual_verification,hindi_converted_601,google_en_to_hi,alias,76.47,82.76,0
q152052,Q152052,युसुफ रज़ा गिलानी,Yusuf Raza Gilani,यूसुफ रज़ा गिलानी,Yousuf Raza Gillani,hi,3,alias_observed,manual,alias,FALSE,76.47,Q1930187|Q82955,Q843,,89.66,,,,,,,same-person relation inferred from aliases; verify source,yes,yes,yes,yes,yes,,https://www.wikidata.org/wiki/Q152052,aligned_google_en_to_hi_plus_manual_verification,hindi_converted_601,manual,label,78.79,93.75,0
q160518,Q160518,गुस्ताफ डेलेन,Gustaf Dalen,निल्स गुस्ताफ डेलेन,Nils Gustaf Dalén,hi,3,alias_observed,google_en_to_hi,label,FALSE,76.47,Q131524|Q169470|Q205375|Q2961975|Q593644|Q6606110|Q81096,Q34,,82.76,,,,,,,same-person relation inferred from aliases; verify source,yes,yes,yes,yes,yes,,https://www.wikidata.org/wiki/Q160518,aligned_google_en_to_hi_plus_manual_verification,hindi_converted_601,google_en_to_hi,alias,80,76.92,0
q313956,Q313956,अनिल कपूर,Anil Kapoor,अनिल,anil,hi,3,alias_observed,google_en_to_hi,alias,FALSE,88.89,Q10800557|Q28389|Q3282637|Q33999|Q47541952,Q668,,66.67,,,,,,,same-person relation inferred from aliases; verify source,yes,yes,yes,yes,yes,,https://www.wikidata.org/wiki/Q313956,aligned_google_en_to_hi_plus_manual_verification,hindi_converted_601,google_en_to_hi,label,76.19,57.14,0
q3348250,Q3348250,नईम इस्लाम,Naeem Islam,मोहम्मद नईम इस्लाम,Mohammad Naeem Islam,hi,3,alias_observed,google_en_to_hi,alias,FALSE,84.21,Q12299841,Q902,,72,,,,,,,same-person relation inferred from aliases; verify source,yes,yes,yes,yes,yes,,https://www.wikidata.org/wiki/Q3348250,aligned_google_en_to_hi_plus_manual_verification,hindi_converted_601,google_en_to_hi,label,76.19,71.43,0
q3528877,Q3528877,परवेज़ मीर,Parvez Mir,परवेज़ जमील मीर,Parvez Jamil Mir,hi,3,alias_observed,google_en_to_hi,alias,FALSE,81.25,Q12299841,Q843,,80,,,,,,,same-person relation inferred from aliases; verify source,yes,yes,yes,yes,yes,,https://www.wikidata.org/wiki/Q3528877,aligned_google_en_to_hi_plus_manual_verification,hindi_converted_601,google_en_to_hi,alias,76.19,78.26,0
q3348182,Q3348182,इमरुल कायेस,Imrul Kayes,इमरुल कयाश,Imrul Kayash,hi,3,alias_observed,google_en_to_hi,alias,FALSE,78.26,Q12299841,Q902,,63.16,,,,,,,same-person relation inferred from aliases; verify source,yes,yes,yes,yes,yes,,https://www.wikidata.org/wiki/Q3348182,aligned_google_en_to_hi_plus_manual_verification,hindi_converted_601,google_en_to_hi,label,76.19,85.71,0
q188939,Q188939,एमिलियो एगुइनाल्डो,Emilio Aguinaldo,एमिलियो एगुइनाल्डो वाई फ़ैमी,Emilio Aguinaldo y Famy,hi,3,alias_observed,google_en_to_hi,alias,FALSE,76.19,Q18814623|Q3242115|Q47064|Q82955,Q928,,87.8,,,,,,,same-person relation inferred from aliases; verify source,yes,yes,yes,yes,yes,,https://www.wikidata.org/wiki/Q188939,aligned_google_en_to_hi_plus_manual_verification,hindi_converted_601,google_en_to_hi,label,90.32,85.71,0
q3531141,Q3531141,मॉरिस ओउमा,Morris Ouma,मौरिस ओउमा,Maurice Ouma,hi,3,alias_observed,google_en_to_hi,alias,FALSE,76.19,Q12299841,Q114,,87.5,,,,,,,same-person relation inferred from aliases; verify source,yes,yes,yes,yes,yes,,https://www.wikidata.org/wiki/Q3531141,aligned_google_en_to_hi_plus_manual_verification,hindi_converted_601,google_en_to_hi,label,76.19,66.67,0
q179266,Q179266,जिद्दू कृष्णमूर्ति,Jiddu Krishnamurti,जिद्दू कृष्णमूर्थी,Jiddu Krishnamurthy,hi,3,alias_observed,manual,alias,FALSE,84.85,Q36180|Q4964182,Q129286|Q1775277|Q668,,80,,,,,,,same-person relation inferred from aliases; verify source,yes,yes,yes,yes,yes,,https://www.wikidata.org/wiki/Q179266,aligned_google_en_to_hi_plus_manual_verification,hindi_converted_601,manual,,75.86,91.43,0
q28614,Q28614,गैरी कास्पारोव,Garry Kasparov,गैरी किमोविच कास्पारोव,Garry Kimovich Kasparov,hi,3,alias_observed,google_en_to_hi,alias,FALSE,80,Q105269|Q10873124|Q1930187|Q2066131|Q36180|Q6430706|Q82955,Q15180|Q159|Q224,,81.08,,,,,,,same-person relation inferred from aliases; verify source,yes,yes,yes,yes,yes,,https://www.wikidata.org/wiki/Q28614,aligned_google_en_to_hi_plus_manual_verification,hindi_converted_601,google_en_to_hi,,75.86,76.47,0
q350379,Q350379,सरप्राइज़ मोरीरी,Surprise Moriri,सरप्राइज़ मोहलोमोलेंग मोरीरी,Surprise Mohlomolleng Moriri,hi,3,alias_observed,manual,alias,FALSE,76.36,Q937857,Q258,,63.41,,,,,,,same-person relation inferred from aliases; verify source,yes,yes,yes,yes,yes,,https://www.wikidata.org/wiki/Q350379,aligned_google_en_to_hi_plus_manual_verification,hindi_converted_601,manual,label,75.86,70,0
q41244,Q41244,एंड्री शेवचेंको,Andriy Shevchenko,एंड्री मायकोलायोविच शेवचेंको,Andriy Mykolayovych Shevchenko,hi,3,alias_observed,google_en_to_hi,alias,FALSE,76.36,Q10800557|Q111398859|Q628099|Q937857,Q212,,71.43,,,,,,,same-person relation inferred from aliases; verify source,yes,yes,yes,yes,yes,,https://www.wikidata.org/wiki/Q41244,aligned_google_en_to_hi_plus_manual_verification,hindi_converted_601,google_en_to_hi,,75.86,72.73,0
q472623,Q472623,अरी बेहन,Ari Behn,अरी मिकेल बेहन,Ari Mikael Behn,hi,3,alias_observed,google_en_to_hi,alias,FALSE,75.86,Q1028181|Q15949613|Q36180|Q483501,Q20|Q756617,,72.73,,,,,,,same-person relation inferred from aliases; verify source,yes,yes,yes,yes,yes,,https://www.wikidata.org/wiki/Q472623,aligned_google_en_to_hi_plus_manual_verification,hindi_converted_601,google_en_to_hi,label,93.33,70,0
q314714,Q314714,सियाबोंगा नोमवेथे,Siyabonga Nomvethe,सियाबोंगा यूजीन नोमवेथे,Siyabonga Eugene Nomvethe,hi,3,alias_observed,google_en_to_hi,alias,FALSE,75.56,Q628099|Q937857,Q258,,83.33,,,,,,,same-person relation inferred from aliases; verify source,yes,yes,yes,yes,yes,,https://www.wikidata.org/wiki/Q314714,aligned_google_en_to_hi_plus_manual_verification,hindi_converted_601,google_en_to_hi,label,90.91,85,0
q1459699,Q1459699,विक्टर युशचेंको,Viktor Yushchenko,विक्टर एंड्रीओविच युशचेंको,Viktor Andriiovych Yushchenko,hi,3,alias_observed,google_en_to_hi,alias,FALSE,75.47,Q188094|Q32947888|Q806798|Q82955,Q15180|Q212,,76.6,,,,,,,same-person relation inferred from aliases; verify source,yes,yes,yes,yes,yes,,https://www.wikidata.org/wiki/Q1459699,aligned_google_en_to_hi_plus_manual_verification,hindi_converted_601,google_en_to_hi,,81.25,74.42,0
q96012890,Q96012890,मामुनुल हक,Mamunul Haque,अल्लामा मामुनुल हक,Allama Mamunul Haq,hi,3,alias_observed,google_en_to_hi,alias,FALSE,88.24,Q12859263|Q1607826|Q1622272|Q189459|Q82955,Q902,,72,,,,,,,same-person relation inferred from aliases; verify source,yes,yes,yes,yes,yes,,https://www.wikidata.org/wiki/Q96012890,aligned_google_en_to_hi_plus_manual_verification,hindi_converted_601,google_en_to_hi,label,75,71.43,0
q160206,Q160206,एर्नान क्रेस्पो,Hernán Crespo,हेर्नान क्रेस्पो,Hernan Crespo,hi,3,alias_observed,manual,alias,FALSE,88,Q628099|Q937857,Q38|Q414,,89.66,,,,,,,same-person relation inferred from aliases; verify source,yes,yes,yes,yes,yes,,https://www.wikidata.org/wiki/Q160206,aligned_google_en_to_hi_plus_manual_verification,hindi_converted_601,manual,,75,91.67,0
q47059,Q47059,ऐश्वर्या राय,Aishwarya Rai,ऐश्वर्या राय बच्चन,Aishwarya Rai Bachchan,hi,3,alias_observed,google_en_to_hi,alias,FALSE,76.92,Q10800557|Q18581305|Q33999|Q4610556,Q668,,81.48,,,,,,,same-person relation inferred from aliases; verify source,yes,yes,yes,yes,yes,,https://www.wikidata.org/wiki/Q47059,aligned_google_en_to_hi_plus_manual_verification,hindi_converted_601,google_en_to_hi,,75,75,0
q130873,Q130873,मेनाहेम बेगिन,Menahem Begin,मेनकेम वोल्फोविच बिगिन,Menachem Volfovich Begin,hi,3,alias_observed,google_en_to_hi,alias,FALSE,75,Q82955,Q34266|Q36|Q801,,72.73,,,,,,,same-person relation inferred from aliases; verify source,yes,yes,yes,yes,yes,,https://www.wikidata.org/wiki/Q130873,aligned_google_en_to_hi_plus_manual_verification,hindi_converted_601,manual,alias,84.62,70.59,0
q193768,Q193768,सुलेमान अली मुंतरी,Suleyman Ali Muntari,सुले मुंटारी,Sulley Muntari,hi,3,alias_observed,google_en_to_hi,label,FALSE,75,Q937857,Q117,,78.57,,,,,,,same-person relation inferred from aliases; verify source,yes,yes,yes,yes,yes,,https://www.wikidata.org/wiki/Q193768,aligned_google_en_to_hi_plus_manual_verification,hindi_converted_601,google_en_to_hi,alias,88.89,77.42,0
q3348174,Q3348174,मुश्फिकुर रहीम,Mushfiqur Rahim,मुश्फिक,Mushfiq,hi,3,alias_observed,google_en_to_hi,alias,FALSE,75,Q12299841,Q902,,63.16,,,,,,,same-person relation inferred from aliases; verify source,yes,yes,yes,yes,yes,,https://www.wikidata.org/wiki/Q3348174,aligned_google_en_to_hi_plus_manual_verification,hindi_converted_601,google_en_to_hi,label,77.42,66.67,0
q5522870,Q5522870,गैरेथ हॉपकिंस,Gareth Hopkins,गैरेथ जेम्स हॉपकिंस,Gareth James Hopkins,hi,3,alias_observed,google_en_to_hi,alias,FALSE,74.42,Q12299841,Q664,,83.87,,,,,,,manually check B cross-script lexical equivalence; same-person relation inferred from aliases; verify source,yes,yes,yes,yes,yes,,https://www.wikidata.org/wiki/Q5522870,aligned_google_en_to_hi_plus_manual_verification,hindi_converted_601,google_en_to_hi,label,78.79,83.87,0
q379157,Q379157,धर्मेन्द्र,Dharmendra,धर्मेंद्र सिंह देयोल,Dharmendra Singh Deol,hi,3,alias_observed,google_en_to_hi,alias,FALSE,74.29,Q10798782|Q10800557|Q2526255|Q3282637|Q33999|Q82955,Q129286|Q668,,57.14,,,,,,,manually check B cross-script lexical equivalence; same-person relation inferred from aliases; verify source,yes,yes,yes,yes,yes,,https://www.wikidata.org/wiki/Q379157,aligned_google_en_to_hi_plus_manual_verification,hindi_converted_601,google_en_to_hi,label,90,68.97,0
q4800982,Q4800982,आर्टी डिक,Artie Dick,आर्थर एडवर्ड डिक,Arthur Edward Dick,hi,3,alias_observed,google_en_to_hi,alias,FALSE,74.29,Q12299841,Q664,,54.55,,,,,,,manually check B cross-script lexical equivalence; same-person relation inferred from aliases; verify source,yes,yes,yes,yes,yes,,https://www.wikidata.org/wiki/Q4800982,aligned_google_en_to_hi_plus_manual_verification,hindi_converted_601,google_en_to_hi,label,82.35,64,0
q192207,Q192207,अरबिंदो घोष,Aurobindo Ghosh,महर्षि अरविंद बाबू,Maharshi Aravind Babu,hi,3,alias_observed,google_en_to_hi,alias,FALSE,89.47,Q116798465|Q11774202|Q121594|Q14467526|Q1607826|Q212238|Q2901587|Q3242115|Q333634|Q36180|Q4263842|Q484260|Q4964182|Q49757|Q7245047|Q82955,Q129286|Q1775277|Q668,,38.46,,,,,,,manually check A cross-script lexical equivalence; same-person relation inferred from aliases; verify source,yes,yes,yes,yes,yes,,https://www.wikidata.org/wiki/Q192207,aligned_google_en_to_hi_plus_manual_verification,hindi_converted_601,google_en_to_hi,label,74.07,30.3,0
q3530745,Q3530745,गयान विजेकून,Gayan Wijekoon,विजेकून मुदियानसेलगे गयान राम्याकुमारा,Wijekoon Mudiyanselage Gayan Ramyakumara,hi,3,alias_observed,google_en_to_hi,alias,FALSE,88,Q12299841,Q854,,31.11,,,,,,,manually check A cross-script lexical equivalence; same-person relation inferred from aliases; verify source,yes,yes,yes,yes,yes,,https://www.wikidata.org/wiki/Q3530745,aligned_google_en_to_hi_plus_manual_verification,hindi_converted_601,google_en_to_hi,label,74.07,32,0
q3530538,Q3530538,सजीवा डी सिल्वा,Sajeewa de Silva,करुणाकालगे सजीवा चनाका डी सिल्वा,Karunakalage Sajeewa Chanaka de Silva,hi,3,alias_observed,google_en_to_hi,alias,FALSE,87.5,Q12299841,Q854,,68.57,,,,,,,manually check A cross-script lexical equivalence; same-person relation inferred from aliases; verify source,yes,yes,yes,yes,yes,,https://www.wikidata.org/wiki/Q3530538,aligned_google_en_to_hi_plus_manual_verification,hindi_converted_601,google_en_to_hi,label,74.07,59.57,0
q7193054,Q7193054,मौरिस ओडुम्बे,Maurice Odumbe,मौरिस ओमोंडी ओडुम्बे,Maurice Omondi Odumbe,hi,3,alias_observed,google_en_to_hi,alias,FALSE,82.05,Q12299841,Q114,,77.42,,,,,,,manually check A cross-script lexical equivalence; same-person relation inferred from aliases; verify source,yes,yes,yes,yes,yes,,https://www.wikidata.org/wiki/Q7193054,aligned_google_en_to_hi_plus_manual_verification,hindi_converted_601,google_en_to_hi,label,74.07,81.25,0
q365020,Q365020,एडोल्फ़ो बॉतिस्ता,Adolfo Bautista,बोफो बॉतिस्ता,Bofo Bautista,hi,3,alias_observed,google_en_to_hi,alias,FALSE,74.07,Q937857,Q96,,62.07,,,,,,,manually check B cross-script lexical equivalence; same-person relation inferred from aliases; verify source,yes,yes,yes,yes,yes,,https://www.wikidata.org/wiki/Q365020,aligned_google_en_to_hi_plus_manual_verification,hindi_converted_601,google_en_to_hi,label,80,84.62,0
q43729,Q43729,एन्ड्रेस इनिएस्ता लुजान,Andrés Iniesta Luján,एन्ड्रेस इनिएस्ता,Andrés Iniesta,hi,3,alias_observed,google_en_to_hi,label,FALSE,88.89,Q937857,Q29,,72.22,,,,,,,manually check A cross-script lexical equivalence; same-person relation inferred from aliases; verify source,yes,yes,yes,yes,yes,,https://www.wikidata.org/wiki/Q43729,aligned_google_en_to_hi_plus_manual_verification,hindi_converted_601,google_en_to_hi,alias,73.68,83.87,0
q26825,Q26825,हेरोडोटस,Herodotus,हेरोडोटोस,Herodotos,hi,3,alias_observed,google_en_to_hi,alias,FALSE,84.21,Q1371378|Q201788|Q36180|Q82955|Q901402,Q5843680,,87.5,,,,,,,manually check A cross-script lexical equivalence; same-person relation inferred from aliases; verify source,yes,yes,yes,yes,yes,,https://www.wikidata.org/wiki/Q26825,aligned_google_en_to_hi_plus_manual_verification,hindi_converted_601,google_en_to_hi,,73.68,88.89,0
q35314,Q35314,निकिता ख्रुश्चेव,Nikita Khrushchev,ख्रुश्चोव,Khrushchov,hi,3,alias_observed,google_en_to_hi,alias,FALSE,73.68,Q3242115|Q47064|Q82955,Q15180|Q2305208|Q34266,,69.23,,,,,,,manually check B cross-script lexical equivalence; same-person relation inferred from aliases; verify source,yes,yes,yes,yes,yes,,https://www.wikidata.org/wiki/Q35314,aligned_google_en_to_hi_plus_manual_verification,hindi_converted_601,google_en_to_hi,,87.5,69.23,0
q207647,Q207647,सिफिवे तशबालाला,Siphiwe Tshabalala,लॉरेंस सिफिवे तशबालाला,Lawrence Siphiwe Tshabalala,hi,3,alias_observed,google_en_to_hi,alias,FALSE,73.47,Q937857,Q258,,76.92,,,,,,,manually check B cross-script lexical equivalence; same-person relation inferred from aliases; verify source,yes,yes,yes,yes,yes,,https://www.wikidata.org/wiki/Q207647,aligned_google_en_to_hi_plus_manual_verification,hindi_converted_601,google_en_to_hi,label,87.5,80.95,0
q57155,Q57155,एडॉल्फ एंडरसन,Adolf Anderssen,कार्ल अर्न्स्ट एडॉल्फ एंडरसन,Karl Ernst Adolf Anderssen,hi,3,alias_observed,google_en_to_hi,alias,FALSE,76,Q10873124|Q15980158|Q170790|Q2627699,Q27306,,69.77,,,,,,,manually check A cross-script lexical equivalence; same-person relation inferred from aliases; verify source,yes,yes,yes,yes,yes,,https://www.wikidata.org/wiki/Q57155,aligned_google_en_to_hi_plus_manual_verification,hindi_converted_601,google_en_to_hi,,73.33,75.68,0
q3525425,Q3525425,हेनरी प्रोमनिट्ज़,Henry Promnitz,हेनरी लुई अर्नेस्ट प्रोमनिट्ज़,Henry Louis Ernest Promnitz,hi,3,alias_observed,google_en_to_hi,alias,FALSE,74.51,Q12299841,Q258,,75.56,,,,,,,manually check A cross-script lexical equivalence; manually check B cross-script lexical equivalence; same-person relation inferred from aliases; verify source,yes,yes,yes,yes,yes,,https://www.wikidata.org/wiki/Q3525425,aligned_google_en_to_hi_plus_manual_verification,hindi_converted_601,google_en_to_hi,label,73.33,70.27,0
q3525177,Q3525177,अलविरो पीटरसन,Alviro Petersen,अलविरो नाथन पीटरसन,Alviro Nathan Petersen,hi,3,alias_observed,google_en_to_hi,alias,FALSE,74.42,Q12299841,Q258,,86.67,,,,,,,manually check A cross-script lexical equivalence; manually check B cross-script lexical equivalence; same-person relation inferred from aliases; verify source,yes,yes,yes,yes,yes,,https://www.wikidata.org/wiki/Q3525177,aligned_google_en_to_hi_plus_manual_verification,hindi_converted_601,google_en_to_hi,label,73.33,82.35,0
q313870,Q313870,सकुरामाची,Sakuramachi,सम्राट सकुरामाची,Emperor Sakuramachi,hi,3,alias_observed,manual,alias,FALSE,73.33,Q2304859,Q17|Q205662,,90.91,,,,,,,manually check B cross-script lexical equivalence; A and B may be only spelling variants rather than distinct aliases; same-person relation inferred from aliases; verify source,yes,yes,yes,yes,yes,,https://www.wikidata.org/wiki/Q313870,aligned_google_en_to_hi_plus_manual_verification,hindi_converted_601,google_en_to_hi,label,95.24,75.86,0
q464932,Q464932,जया बच्चन,Jaya Bachchan,जया भादुड़ी बच्चन,Jaya Bhaduri Bachchan,hi,3,alias_observed,google_en_to_hi,alias,FALSE,73.33,Q10800557|Q33999|Q82955,Q668,,33.33,,,,,,,manually check B cross-script lexical equivalence; same-person relation inferred from aliases; verify source,yes,yes,yes,yes,yes,,https://www.wikidata.org/wiki/Q464932,aligned_google_en_to_hi_plus_manual_verification,hindi_converted_601,google_en_to_hi,label,86.96,77.42,0
q810026,Q810026,बेसिल डी'ओलिवेरा,Basil D'Oliveira,बेसिल लुईस डी'ओलिवेरा,Basil Lewis D'Oliveira,hi,3,alias_observed,google_en_to_hi,alias,FALSE,73.17,Q12299841,Q145|Q258,,88.89,,,,,,,manually check B cross-script lexical equivalence; same-person relation inferred from aliases; verify source,yes,yes,yes,yes,yes,,https://www.wikidata.org/wiki/Q810026,aligned_google_en_to_hi_plus_manual_verification,hindi_converted_601,google_en_to_hi,label,77.42,84.85,0
q13116449,Q13116449,कासिम शेख,Qasim Sheikh,मोहम्मद कासिम शेख,Mohammad Qasim Sheikh,hi,3,alias_observed,google_en_to_hi,alias,FALSE,82.05,Q12299841,Q843,,69.57,,,,,,,manually check A cross-script lexical equivalence; same-person relation inferred from aliases; verify source,yes,yes,yes,yes,yes,,https://www.wikidata.org/wiki/Q13116449,aligned_google_en_to_hi_plus_manual_verification,hindi_converted_601,google_en_to_hi,label,72.73,73.33,0
q360927,Q360927,इरफ़ान खान,Irfan Khan,साहबज़ादे इरफ़ान अली खान,Sahabzade Irfan Ali Khan,hi,3,alias_observed,google_en_to_hi,alias,FALSE,80.85,Q10798782|Q10800557|Q2259451|Q33999,Q668,,59.26,,,,,,,manually check A cross-script lexical equivalence; same-person relation inferred from aliases; verify source,yes,yes,yes,yes,yes,,https://www.wikidata.org/wiki/Q360927,aligned_google_en_to_hi_plus_manual_verification,hindi_converted_601,google_en_to_hi,alias,72.73,60,0
q191799,Q191799,अलेक्जेंडर पोपोव,Aleksandr Popov,अलेक्जेंडर स्टेपानोविच पोपोव,Aleksandr Stepanovich Popov,hi,3,alias_observed,google_en_to_hi,alias,FALSE,80,Q1231865|Q169470|Q205375|Q81096,Q159|Q34266,,75.56,,,,,,,manually check A cross-script lexical equivalence; same-person relation inferred from aliases; verify source,yes,yes,yes,yes,yes,,https://www.wikidata.org/wiki/Q191799,aligned_google_en_to_hi_plus_manual_verification,hindi_converted_601,google_en_to_hi,label,72.73,71.79,0
q1459658,Q1459658,विक्टर यानुकोविच,Viktor Yanukovych,विक्टर फेडोरोविच यानुकोविच,Viktor Fedorovych Yanukovych,hi,3,alias_observed,google_en_to_hi,alias,FALSE,72.73,Q1569495|Q185351|Q188094|Q193391|Q81096|Q82955,Q15180|Q159|Q212,,73.91,,,,,,,manually check B cross-script lexical equivalence; same-person relation inferred from aliases; verify source,yes,yes,yes,yes,yes,,https://www.wikidata.org/wiki/Q1459658,aligned_google_en_to_hi_plus_manual_verification,hindi_converted_601,google_en_to_hi,,80,76.19,0
q3525482,Q3525482,एल्बी मोर्कल,Albie Morkel,जोहान्स अल्बर्टस मोर्कल,Johannes Albertus Morkel,hi,3,alias_observed,google_en_to_hi,alias,FALSE,72.34,Q12299841,Q258,,58.82,,,,,,,manually check B cross-script lexical equivalence; same-person relation inferred from aliases; verify source,yes,yes,yes,yes,yes,,https://www.wikidata.org/wiki/Q3525482,aligned_google_en_to_hi_plus_manual_verification,hindi_converted_601,google_en_to_hi,label,83.33,60.61,0
q4802486,Q4802486,अरविंद कंडप्पा,Arvind Kandappah,अरविन्दह लक्ष्मण कंदप्पा,Arvindah Luxman Kandappah,hi,3,alias_observed,google_en_to_hi,alias,FALSE,72.34,Q12299841,Q16|Q854,,78.79,,,,,,,manually check B cross-script lexical equivalence; same-person relation inferred from aliases; verify source,yes,yes,yes,yes,yes,,https://www.wikidata.org/wiki/Q4802486,aligned_google_en_to_hi_plus_manual_verification,hindi_converted_601,google_en_to_hi,label,77.42,78.95,0
q33168,Q33168,के. चन्द्रशेखर राव,K. Chandrashekar Rao,कल्वाकुंतला चन्द्रशेखर राव,Kalvakuntla Chandrashekhar Rao,hi,3,alias_observed,google_en_to_hi,alias,FALSE,79.31,Q482980|Q82955,Q668,,74.29,,,,,,,manually check A cross-script lexical equivalence; same-person relation inferred from aliases; verify source,yes,yes,yes,yes,yes,,https://www.wikidata.org/wiki/Q33168,aligned_google_en_to_hi_plus_manual_verification,hindi_converted_601,google_en_to_hi,,72.22,75.56,0
q48410,Q48410,रिचर्ड गेरे,Richard Gere,रिचर्ड टिफ़नी गेरे,Richard Tiffany Gere,hi,3,alias_observed,google_en_to_hi,alias,FALSE,72.22,Q10798782|Q10800557|Q1476215|Q2259451|Q2405480|Q2526255|Q3282637|Q33231|Q33999,Q30,,78.26,,,,,,,manually check B cross-script lexical equivalence; same-person relation inferred from aliases; verify source,yes,yes,yes,yes,yes,,https://www.wikidata.org/wiki/Q48410,aligned_google_en_to_hi_plus_manual_verification,hindi_converted_601,google_en_to_hi,,81.82,75.86,0
q134068,Q134068,मियां मुहम्मद नवाज़ शरीफ़,Mian Muhammad Nawaz Sharif,नवाज़ शरीफ़,Nawaz Sharif,hi,3,alias_observed,google_en_to_hi,label,FALSE,78.26,Q12299841|Q131524|Q2285706|Q40348|Q82955,Q145|Q843,,46.67,,,,,,,manually check A cross-script lexical equivalence; same-person relation inferred from aliases; verify source,yes,yes,yes,yes,yes,,https://www.wikidata.org/wiki/Q134068,aligned_google_en_to_hi_plus_manual_verification,hindi_converted_601,google_en_to_hi,alias,72,64.71,0
q3519211,Q3519211,केविन ओ'ब्रायन,Kevin O'Brien,केविन जोसेफ ओ'ब्रायन,Kevin Joseph O'Brien,hi,3,alias_observed,google_en_to_hi,alias,FALSE,76.92,Q12299841,Q664,,77.42,,,,,,,manually check A cross-script lexical equivalence; same-person relation inferred from aliases; verify source,yes,yes,yes,yes,yes,,https://www.wikidata.org/wiki/Q3519211,aligned_google_en_to_hi_plus_manual_verification,hindi_converted_601,google_en_to_hi,label,72,78.57,0
q184885,Q184885,करीना कपूर,Kareena Kapoor,करीना कपूर खान,Kareena Kapoor Khan,hi,3,alias_observed,google_en_to_hi,alias,FALSE,76.47,Q10800557|Q33999|Q4610556|Q5716684,Q668,,85.71,,,,,,,manually check A cross-script lexical equivalence; same-person relation inferred from aliases; verify source,yes,yes,yes,yes,yes,,https://www.wikidata.org/wiki/Q184885,aligned_google_en_to_hi_plus_manual_verification,hindi_converted_601,google_en_to_hi,label,72,86.67,0
q485946,Q485946,इतामार फ्रेंको,Itamar Franco,इतामार ऑगस्टो कॉटिएरो फ्रेंको,Itamar Augusto Cautiero Franco,hi,3,alias_observed,google_en_to_hi,alias,FALSE,73.68,Q193391|Q82955,Q155,,59.46,,,,,,,manually check A cross-script lexical equivalence; manually check B cross-script lexical equivalence; same-person relation inferred from aliases; verify source,yes,yes,yes,yes,yes,,https://www.wikidata.org/wiki/Q485946,aligned_google_en_to_hi_plus_manual_verification,hindi_converted_601,google_en_to_hi,label,72,61.54,0
q189008,Q189008,कॉन्स्टेंटिन ज़िर्यानोव,Konstantin Zyryanov,कॉन्स्टेंटिन ज़िरियानोव,Konstantin ZYRIANOV,hi,3,alias_observed,google_en_to_hi,alias,FALSE,75.68,Q628099|Q937857,Q159,,46.51,,,,,,,manually check A cross-script lexical equivalence; same-person relation inferred from aliases; verify source,yes,yes,yes,yes,yes,,https://www.wikidata.org/wiki/Q189008,aligned_google_en_to_hi_plus_manual_verification,hindi_converted_601,google_en_to_hi,label,71.79,94.44,0
q34448,Q34448,महमूद अहमदीनेजाद,Mahmoud Ahmadinejad,महमूद अहमदीनेजहाद,Mahmūd Ahmadinezhād,hi,3,alias_observed,google_en_to_hi,alias,FALSE,71.79,Q1622272|Q48352|Q81096|Q82955,Q794,,93.33,,,,,,,manually check B cross-script lexical equivalence; A and B may be only spelling variants rather than distinct aliases; same-person relation inferred from aliases; verify source,yes,yes,yes,yes,yes,,https://www.wikidata.org/wiki/Q34448,aligned_google_en_to_hi_plus_manual_verification,hindi_converted_601,google_en_to_hi,label,87.18,77.78,0
q4961182,Q4961182,ब्रेंडन जूलियन,Brendon Julian,ब्रेंडन पॉल जूलियन,Brendon Paul Julian,hi,3,alias_observed,google_en_to_hi,alias,FALSE,71.79,Q12299841,Q408|Q664,,89.66,,,,,,,manually check B cross-script lexical equivalence; same-person relation inferred from aliases; verify source,yes,yes,yes,yes,yes,,https://www.wikidata.org/wiki/Q4961182,aligned_google_en_to_hi_plus_manual_verification,hindi_converted_601,google_en_to_hi,label,75.86,86.67,0
q312505,Q312505,हेक्टर बाल्दासी,Héctor Baldassi,हेक्टर बाल्डासी,Hector Baldassi,hi,3,alias_observed,manual,alias,FALSE,78.57,Q82955|Q859528,Q414,,92.86,,,,,,,manually check A cross-script lexical equivalence; A and B may be only spelling variants rather than distinct aliases; same-person relation inferred from aliases; verify source,yes,yes,yes,yes,yes,,https://www.wikidata.org/wiki/Q312505,aligned_google_en_to_hi_plus_manual_verification,hindi_converted_601,manual,label,71.43,92.86,0
q3527993,Q3527993,परवेज़ सज्जाद,Pervez Sajjad,परवेज़ सज्जाद हसन,Pervez Sajjad Hasan,hi,3,alias_observed,google_en_to_hi,alias,FALSE,76.92,Q12299841,Q129286|Q843,,88,,,,,,,manually check A cross-script lexical equivalence; same-person relation inferred from aliases; verify source,yes,yes,yes,yes,yes,,https://www.wikidata.org/wiki/Q3527993,aligned_google_en_to_hi_plus_manual_verification,hindi_converted_601,google_en_to_hi,label,71.43,82.76,0
q203690,Q203690,ब्रायन एपस्टीन,Brian Epstein,ब्रायन सैमुअल एपस्टीन,Brian Samuel Epstein,hi,3,alias_observed,google_en_to_hi,alias,FALSE,72.73,Q131524|Q1320883|Q13235160|Q1344174|Q183945|Q3089940|Q43845|Q943995,Q145,,77.78,,,,,,,manually check A cross-script lexical equivalence; manually check B cross-script lexical equivalence; same-person relation inferred from aliases; verify source,yes,yes,yes,yes,yes,,https://www.wikidata.org/wiki/Q203690,aligned_google_en_to_hi_plus_manual_verification,hindi_converted_601,google_en_to_hi,,71.43,80,0
q1392178,Q1392178,ग्लेन मैकग्राथ,Glenn McGrath,ग्लेन डोनाल्ड मैकग्राथ,Glenn Donald McGrath,hi,3,alias_observed,google_en_to_hi,alias,FALSE,71.79,Q12299841,Q408,,72.73,,,,,,,manually check A cross-script lexical equivalence; manually check B cross-script lexical equivalence; same-person relation inferred from aliases; verify source,yes,yes,yes,yes,yes,,https://www.wikidata.org/wiki/Q1392178,aligned_google_en_to_hi_plus_manual_verification,hindi_converted_601,google_en_to_hi,label,71.43,80,0
q189542,Q189542,स्टीफन एडबर्ग,Stefan Edberg,स्टीफन बेंग्ट एडबर्ग,Stefan Bengt Edberg,hi,3,alias_observed,google_en_to_hi,alias,FALSE,71.79,Q10833314|Q16278103,Q34,,81.25,,,,,,,manually check A cross-script lexical equivalence; manually check B cross-script lexical equivalence; same-person relation inferred from aliases; verify source,yes,yes,yes,yes,yes,,https://www.wikidata.org/wiki/Q189542,aligned_google_en_to_hi_plus_manual_verification,hindi_converted_601,google_en_to_hi,label,71.43,82.76,0
q236503,Q236503,फर्नांडो कोलोर डी मेलो,Fernando Collor de Mello,फर्नांडो अफोंसो कोलोर डी मेलो,Fernando Affonso Collor de Mello,hi,3,alias_observed,google_en_to_hi,alias,FALSE,71.43,Q36180|Q82955,Q155,,85.11,,,,,,,manually check A cross-script lexical equivalence; manually check B cross-script lexical equivalence; same-person relation inferred from aliases; verify source,yes,yes,yes,yes,yes,,https://www.wikidata.org/wiki/Q236503,aligned_google_en_to_hi_plus_manual_verification,hindi_converted_601,google_en_to_hi,label,71.43,85.71,0
q103774,Q103774,पंडित रविशंकर,Pandit Ravi Shankar,रविशंकर,Ravi Shankar,hi,3,alias_observed,google_en_to_hi,label,FALSE,81.82,Q158852|Q177220|Q2526255|Q36834|Q51679083|Q639669|Q82955,Q129286|Q1775277|Q668,,87.5,,,,,,,manually check A cross-script lexical equivalence; same-person relation inferred from aliases; verify source,yes,yes,yes,yes,yes,,https://www.wikidata.org/wiki/Q103774,aligned_google_en_to_hi_plus_manual_verification,hindi_converted_601,google_en_to_hi,alias,70.97,78.57,0
q32927,Q32927,वालेरी लियोन्टीव,Valery Leontiev,वालेरी याकोवलेविच लियोन्टीव,Valery Yakovlevich Leontiev,hi,3,alias_observed,google_en_to_hi,alias,FALSE,81.63,Q10798782|Q10800557|Q177220|Q33999|Q36834|Q49757|Q5716684,Q15180|Q159|Q30,,55.56,,,,,,,manually check A cross-script lexical equivalence; same-person relation inferred from aliases; verify source,yes,yes,yes,yes,yes,,https://www.wikidata.org/wiki/Q32927,aligned_google_en_to_hi_plus_manual_verification,hindi_converted_601,google_en_to_hi,,70.97,71.79,0
q193492,Q193492,डैनियल अरैप मोई,Daniel arap Moi,डैनियल टोरोटिच अरैप मोई,Daniel Torotich arap Moi,hi,3,alias_observed,google_en_to_hi,alias,FALSE,73.91,Q82955|Q83307,Q114,,82.35,,,,,,,manually check A cross-script lexical equivalence; manually check B cross-script lexical equivalence; same-person relation inferred from aliases; verify source,yes,yes,yes,yes,yes,,https://www.wikidata.org/wiki/Q193492,aligned_google_en_to_hi_plus_manual_verification,hindi_converted_601,google_en_to_hi,label,70.97,76.47,0
q3525834,Q3525834,जोडी फील्ड्स,Jodie Fields,जोडी मैरी फील्ड्स,Jodie Maree Fields,hi,3,alias_observed,google_en_to_hi,alias,FALSE,70.97,Q12299841,Q408,,88,,,,,,,manually check A cross-script lexical equivalence; manually check B cross-script lexical equivalence; same-person relation inferred from aliases; verify source,yes,yes,yes,yes,yes,,https://www.wikidata.org/wiki/Q3525834,aligned_google_en_to_hi_plus_manual_verification,hindi_converted_601,google_en_to_hi,label,72.73,81.48,0
q3348235,Q3348235,इयान स्मिथ,Ian Smith,इयान डेविड स्टॉकली स्मिथ,Ian David Stockley Smith,hi,3,alias_observed,google_en_to_hi,alias,FALSE,70.83,Q12299841,Q664,,56.25,,,,,,,manually check B cross-script lexical equivalence; same-person relation inferred from aliases; verify source,yes,yes,yes,yes,yes,,https://www.wikidata.org/wiki/Q3348235,aligned_google_en_to_hi_plus_manual_verification,hindi_converted_601,google_en_to_hi,label,84.21,55.17,0
q41914,Q41914,डॉ. मनमोहन सिंह,Dr Manmohan Singh,मनमोहन सिंह,Manmohan Singh,hi,3,alias_observed,google_en_to_hi,label,FALSE,82.76,Q1622272|Q188094|Q212238|Q806798|Q82955,Q129286|Q668,,81.82,,,,,,,manually check A cross-script lexical equivalence; same-person relation inferred from aliases; verify source,yes,yes,yes,yes,yes,,https://www.wikidata.org/wiki/Q41914,aligned_google_en_to_hi_plus_manual_verification,hindi_converted_601,google_en_to_hi,alias,70.59,92.86,0
q185225,Q185225,सैंटी कैज़ोर्ला,Santi Cazorla,सैंटियागो कैज़ोरला गोंज़ालेज़,Santiago Cazorla Gonzalez,hi,3,alias_observed,google_en_to_hi,alias,FALSE,70.59,Q937857,Q29,,50,,,,,,,manually check B cross-script lexical equivalence; same-person relation inferred from aliases; verify source,yes,yes,yes,yes,yes,,https://www.wikidata.org/wiki/Q185225,aligned_google_en_to_hi_plus_manual_verification,hindi_converted_601,google_en_to_hi,label,83.33,68.57,0
q3530761,Q3530761,हामिश बेनेट,Hamish Bennett,हामिश काइल बेनेट,Hamish Kyle Bennett,hi,3,alias_observed,google_en_to_hi,alias,FALSE,70.59,Q12299841,Q664,,76.92,,,,,,,manually check B cross-script lexical equivalence; same-person relation inferred from aliases; verify source,yes,yes,yes,yes,yes,,https://www.wikidata.org/wiki/Q3530761,aligned_google_en_to_hi_plus_manual_verification,hindi_converted_601,google_en_to_hi,label,84.62,86.67,0
q192689,Q192689,बर्ट्राम ब्रॉकहाउस,Bertram Brockhouse,बर्ट्रम नेविल ब्रॉकहाउस,Bertram Neville Brockhouse,hi,3,alias_observed,google_en_to_hi,alias,FALSE,70.59,Q1622272|Q16742096|Q169470,Q16,,82.93,,,,,,,manually check A cross-script lexical equivalence; manually check B cross-script lexical equivalence; same-person relation inferred from aliases; verify source,yes,yes,yes,yes,yes,,https://www.wikidata.org/wiki/Q192689,aligned_google_en_to_hi_plus_manual_verification,hindi_converted_601,google_en_to_hi,label,70.27,82.93,0
q2038289,Q2038289,टोनी ग्रेग,Tony Greig,एंथोनी विलियम ग्रेग,Anthony William Greig,hi,3,alias_observed,google_en_to_hi,alias,FALSE,70.27,Q12299841,Q258,,61.54,,,,,,,manually check B cross-script lexical equivalence; same-person relation inferred from aliases; verify source,yes,yes,yes,yes,yes,,https://www.wikidata.org/wiki/Q2038289,aligned_google_en_to_hi_plus_manual_verification,hindi_converted_601,google_en_to_hi,label,77.78,64.29,0
q3526896,Q3526896,अल्बर्ट ट्रॉट,Albert Trott,अल्बर्ट एडविन ट्रॉट,Albert Edwin Trott,hi,3,alias_observed,google_en_to_hi,alias,FALSE,70.27,Q12299841,Q408|Q664,,82.76,,,,,,,manually check A cross-script lexical equivalence; manually check B cross-script lexical equivalence; same-person relation inferred from aliases; verify source,yes,yes,yes,yes,yes,,https://www.wikidata.org/wiki/Q3526896,aligned_google_en_to_hi_plus_manual_verification,hindi_converted_601,google_en_to_hi,label,72,81.48,0
q954720,Q954720,जोहान सेबेस्टियन वेलहेवन,Johan Sebastian Welhaven,जोहान सेबेस्टियन कैमरमेयर वेलहेवन,Johan Sebastian Cammermeyer Welhaven,hi,3,alias_observed,google_en_to_hi,alias,FALSE,70.27,Q13570226|Q1622272|Q214917|Q36180|Q4263842|Q4964182|Q49757,Q20,,85.19,,,,,,,manually check B cross-script lexical equivalence; same-person relation inferred from aliases; verify source,yes,yes,yes,yes,yes,,https://www.wikidata.org/wiki/Q954720,aligned_google_en_to_hi_plus_manual_verification,hindi_converted_601,google_en_to_hi,label,81.63,80,0
q58292,Q58292,एस एम कृष्णा,S. M. Krishna,सोमनहल्ली मल्ला कृष्णा,Somanahalli Mallaiah Krishna,hi,3,alias_observed,verified_hindi,alias,FALSE,89.36,Q40348|Q82955,Q129286|Q668,,53.33,,,,,,,manually check A cross-script lexical equivalence; same-person relation inferred from aliases; verify source,yes,yes,yes,yes,yes,,https://www.wikidata.org/wiki/Q58292,aligned_google_en_to_hi_plus_manual_verification,hindi_converted_601,verified_hindi,,70,51.43,0
q5526073,Q5526073,गैरी ट्रूप,Gary Troup,गैरी बर्ट्राम ट्रूप,Gary Bertram Troup,hi,3,alias_observed,google_en_to_hi,alias,FALSE,74.29,Q10547393|Q12299841,Q664,,69.23,,,,,,,manually check A cross-script lexical equivalence; manually check B cross-script lexical equivalence; same-person relation inferred from aliases; verify source,yes,yes,yes,yes,yes,,https://www.wikidata.org/wiki/Q5526073,aligned_google_en_to_hi_plus_manual_verification,hindi_converted_601,google_en_to_hi,label,70,72,0
q52157472,Q52157472,एरिक बोवेन,Eric Bowen,एरिक ह्यूबर्ट बोवेन,Eric Hubert Bowen,hi,3,alias_observed,google_en_to_hi,alias,FALSE,70.59,Q483501,Q1775277|Q20|Q668,,69.23,,,,,,,manually check A cross-script lexical equivalence; manually check B cross-script lexical equivalence; same-person relation inferred from aliases; verify source,yes,yes,yes,yes,yes,,https://www.wikidata.org/wiki/Q52157472,aligned_google_en_to_hi_plus_manual_verification,hindi_converted_601,google_en_to_hi,label,70,75,0
q3529779,Q3529779,टिमोथी ग्रांट साउथी,Timothy Grant Southee,टिम साउथी,Tim Southee,hi,3,alias_observed,google_en_to_hi,label,FALSE,70,Q12299841,Q664,,58.33,,,,,,,manually check B cross-script lexical equivalence; same-person relation inferred from aliases; verify source,yes,yes,yes,yes,yes,,https://www.wikidata.org/wiki/Q3529779,aligned_google_en_to_hi_plus_manual_verification,hindi_converted_601,google_en_to_hi,alias,75.68,68.97,0
q36226,Q36226,एम्बर रेने,Amber Rayne,एम्बर रायन,Amber Ryane,hi,3,alias_observed,google_en_to_hi,alias,FALSE,70,Q10800557|Q4610556|Q488111|Q8193763,Q30,,88.89,,,,,,,manually check B cross-script lexical equivalence; same-person relation inferred from aliases; verify source,yes,yes,yes,yes,yes,,https://www.wikidata.org/wiki/Q36226,aligned_google_en_to_hi_plus_manual_verification,hindi_converted_601,google_en_to_hi,,76.19,90,0
q131355,Q131355,ज़ुल्फ़िकार अली भुट्टो,Zulfikar Ali Bhutto,शहीद ज़ुल्फ़िकार अली भुट्टो,Shaheed Zulfiqar Ali Bhutto,hi,3,alias_observed,google_en_to_hi,alias,FALSE,69.77,Q193391|Q40348|Q82955,Q129286|Q843,,91.89,,,,,,,manually check B cross-script lexical equivalence; A and B may be only spelling variants rather than distinct aliases; same-person relation inferred from aliases; verify source,yes,yes,yes,yes,yes,,https://www.wikidata.org/wiki/Q131355,aligned_google_en_to_hi_plus_manual_verification,hindi_converted_601,google_en_to_hi,label,81.08,78.05,0
q1766640,Q1766640,वकार यूनिस,Waqar Younis,वकार यूनिस मैतला,Waqar Younis Maitla,hi,3,alias_observed,google_en_to_hi,alias,FALSE,77.78,Q12299841|Q2066131,Q843,,78.26,,,,,,,manually check A cross-script lexical equivalence; same-person relation inferred from aliases; verify source,yes,yes,yes,yes,yes,,https://www.wikidata.org/wiki/Q1766640,aligned_google_en_to_hi_plus_manual_verification,hindi_converted_601,google_en_to_hi,label,69.57,78.57,0
q29328,Q29328,ब्रायन लार्सन,Brianne Larson,ब्री लार्सन,Brie Larson,hi,3,alias_observed,manual,label,FALSE,76.19,Q10798782|Q10800557|Q177220|Q2526255|Q28389|Q3282637|Q33999|Q3455803|Q578109,Q16|Q30,,94.74,,,,,,,manually check A cross-script lexical equivalence; A and B may be only spelling variants rather than distinct aliases; same-person relation inferred from aliases; verify source,yes,yes,yes,yes,yes,,https://www.wikidata.org/wiki/Q29328,aligned_google_en_to_hi_plus_manual_verification,hindi_converted_601,manual,alias,69.57,86.96,0
q5106066,Q5106066,क्रिस केर्न्स,Chris Cairns,क्रिस्टोफर लांस केर्न्स,Christopher Lance Cairns,hi,3,alias_observed,google_en_to_hi,alias,FALSE,71.11,Q12299841,Q664,,70.59,,,,,,,manually check A cross-script lexical equivalence; manually check B cross-script lexical equivalence; same-person relation inferred from aliases; verify source,yes,yes,yes,yes,yes,,https://www.wikidata.org/wiki/Q5106066,aligned_google_en_to_hi_plus_manual_verification,hindi_converted_601,google_en_to_hi,label,69.57,66.67,0
q313903,Q313903,बाल्थाज़ार जोहान्स वोर्स्टर,Balthazar Johannes Vorster,बी. जे. वोर्स्टर,B. J. Vorster,hi,3,alias_observed,google_en_to_hi,label,FALSE,69.57,Q82955|Q83307,Q258,,50,,,,,,,manually check A cross-script lexical equivalence; manually check B cross-script lexical equivalence; same-person relation inferred from aliases; verify source,yes,yes,yes,yes,yes,,https://www.wikidata.org/wiki/Q313903,aligned_google_en_to_hi_plus_manual_verification,hindi_converted_601,google_en_to_hi,alias,73.08,54.55,0
q193871,Q193871,मार्शल मैकलुहान,Marshall MacLuhan,हर्बर्ट मार्शल मैकलुहान,Herbert Marshall McLuhan,hi,3,alias_observed,google_en_to_hi,alias,FALSE,69.39,Q1622272|Q17167049|Q2306091|Q36180|Q361809|Q4263842|Q4964182|Q6051619|Q6386271|Q846430,Q16,,80,,,,,,,manually check A cross-script lexical equivalence; manually check B cross-script lexical equivalence; same-person relation inferred from aliases; verify source,yes,yes,yes,yes,yes,,https://www.wikidata.org/wiki/Q193871,aligned_google_en_to_hi_plus_manual_verification,hindi_converted_601,google_en_to_hi,alias,74.29,78.95,0
q5262385,Q5262385,डेरेक स्टर्लिंग,Derek Stirling,डेरेक अलेक्जेंडर स्टर्लिंग,Derek Alexander Stirling,hi,3,alias_observed,google_en_to_hi,alias,FALSE,69.39,Q12299841,Q664,,73.68,,,,,,,manually check B cross-script lexical equivalence; same-person relation inferred from aliases; verify source,yes,yes,yes,yes,yes,,https://www.wikidata.org/wiki/Q5262385,aligned_google_en_to_hi_plus_manual_verification,hindi_converted_601,google_en_to_hi,label,78.57,74.29,0
q81960,Q81960,रॉबर्ट बर्न्स,Robert Burns,रॉबी बर्न्स,Robbie Burns,hi,3,alias_observed,google_en_to_hi,alias,FALSE,69.57,Q131512|Q14915627|Q36180|Q49757|Q753110|Q8178443,Q161885,,81.82,,,,,,,manually check A cross-script lexical equivalence; manually check B cross-script lexical equivalence; same-person relation inferred from aliases; verify source,yes,yes,yes,yes,yes,,https://www.wikidata.org/wiki/Q81960,aligned_google_en_to_hi_plus_manual_verification,hindi_converted_601,google_en_to_hi,,69.23,81.82,0
q181369,Q181369,चेन-निंग यांग,Chen-ning Yang,यांग चेन-निंग,Yang Chen-ning,hi,3,alias_observed,google_en_to_hi,alias,FALSE,69.23,Q1622272|Q169470|Q19350898,Q13426199|Q148|Q30|Q865,,63.64,,,,,,,manually check A cross-script lexical equivalence; manually check B cross-script lexical equivalence; same-person relation inferred from aliases; verify source,yes,yes,yes,yes,yes,,https://www.wikidata.org/wiki/Q181369,aligned_google_en_to_hi_plus_manual_verification,hindi_converted_601,google_en_to_hi,label,69.23,66.67,0
q201885,Q201885,थियोफ़ानिस गेकास,Theofanis Gekas,फ़ैनिस गेकास,Fanis Gekas,hi,3,alias_observed,google_en_to_hi,alias,FALSE,69.23,Q628099|Q937857,Q41,,80,,,,,,,manually check B cross-script lexical equivalence; same-person relation inferred from aliases; verify source,yes,yes,yes,yes,yes,,https://www.wikidata.org/wiki/Q201885,aligned_google_en_to_hi_plus_manual_verification,hindi_converted_601,google_en_to_hi,,81.25,83.33,0
q2725608,Q2725608,एरिक टिंडिल,Eric Tindill,एरिक विलियम थॉमस टिंडिल,Eric William Thomas Tindill,hi,3,alias_observed,google_en_to_hi,alias,FALSE,69.23,Q12299841|Q14089670|Q2143894|Q2859671,Q664,,66.67,,,,,,,manually check A cross-script lexical equivalence; manually check B cross-script lexical equivalence; same-person relation inferred from aliases; verify source,yes,yes,yes,yes,yes,,https://www.wikidata.org/wiki/Q2725608,aligned_google_en_to_hi_plus_manual_verification,hindi_converted_601,google_en_to_hi,label,69.57,62.86,0
q151364,Q151364,विडकुन क्विस्लिंग,Vidkun Qvisling,विदकुन अब्राहम लॉरिट्ज़ जोंसन क्विस्लिंग,Vidkun Abraham Lauritz Jonssøn Quisling,hi,3,alias_observed,google_en_to_hi,alias,FALSE,69.14,Q102249165|Q189290|Q4991371|Q82955,Q20,,60.71,,,,,,,manually check B cross-script lexical equivalence; same-person relation inferred from aliases; verify source,yes,yes,yes,yes,yes,,https://www.wikidata.org/wiki/Q151364,aligned_google_en_to_hi_plus_manual_verification,hindi_converted_601,google_en_to_hi,alias,75,53.06,0
q3525755,Q3525755,क्लाइव हाल्से,Clive Halse,क्लाइव ग्रे हेल्से,Clive Gray Halse,hi,3,alias_observed,google_en_to_hi,alias,FALSE,68.97,Q12299841,Q258,,87.5,,,,,,,manually check A cross-script lexical equivalence; manually check B cross-script lexical equivalence; same-person relation inferred from aliases; verify source,yes,yes,yes,yes,yes,,https://www.wikidata.org/wiki/Q3525755,aligned_google_en_to_hi_plus_manual_verification,hindi_converted_601,google_en_to_hi,label,72.73,83.33,0
q57079,Q57079,जुर्गन क्लिंसमैन,Jürgen Klinsmann,जुएर्गेन क्लिंसमैन,Juergen Klinsmann,hi,3,alias_observed,google_en_to_hi,alias,FALSE,70.59,Q628099|Q937857,Q183|Q30|Q713750,,78.79,,,,,,,manually check A cross-script lexical equivalence; manually check B cross-script lexical equivalence; same-person relation inferred from aliases; verify source,yes,yes,yes,yes,yes,,https://www.wikidata.org/wiki/Q57079,aligned_google_en_to_hi_plus_manual_verification,hindi_converted_601,google_en_to_hi,,68.75,90.32,0
q161933,Q161933,अल्बर्तो मोराविया,Alberto Moravia,अल्बर्तो पिंकेरली,Alberto Pincherle,hi,3,alias_observed,verified_hindi,alias,FALSE,68.75,Q1930187|Q214917|Q2526255|Q28389|Q36180|Q49757|Q6430706|Q6625963|Q82955,Q38,,45.71,,,,,,,manually check B cross-script lexical equivalence; same-person relation inferred from aliases; verify source,yes,yes,yes,yes,yes,,https://www.wikidata.org/wiki/Q161933,aligned_google_en_to_hi_plus_manual_verification,hindi_converted_601,verified_hindi,,93.33,53.33,0
q4679585,Q4679585,एडम पारोर,Adam Parore,एडम क्रेग पारोर,Adam Craig Parore,hi,3,alias_observed,google_en_to_hi,alias,FALSE,68.75,Q12299841,Q664,,69.57,,,,,,,manually check B cross-script lexical equivalence; same-person relation inferred from aliases; verify source,yes,yes,yes,yes,yes,,https://www.wikidata.org/wiki/Q4679585,aligned_google_en_to_hi_plus_manual_verification,hindi_converted_601,google_en_to_hi,label,90,80,0
q3527828,Q3527828,मार्टिन डेविड क्रो,Martin David Crowe,मार्टिन क्रो,Martin Crowe,hi,3,alias_observed,google_en_to_hi,label,FALSE,76.19,Q12299841,Q664,,66.67,,,,,,,manually check A cross-script lexical equivalence; same-person relation inferred from aliases; verify source,yes,yes,yes,yes,yes,,https://www.wikidata.org/wiki/Q3527828,aligned_google_en_to_hi_plus_manual_verification,hindi_converted_601,google_en_to_hi,alias,68.57,81.48,0
q4757536,Q4757536,एंड्रयू जोन्स,Andrew Jones,एंड्रयू हॉवर्ड जोन्स,Andrew Howard Jones,hi,3,alias_observed,google_en_to_hi,alias,FALSE,68.57,Q12299841,Q664,,78.57,,,,,,,manually check A cross-script lexical equivalence; manually check B cross-script lexical equivalence; same-person relation inferred from aliases; verify source,yes,yes,yes,yes,yes,,https://www.wikidata.org/wiki/Q4757536,aligned_google_en_to_hi_plus_manual_verification,hindi_converted_601,google_en_to_hi,label,70,78.57,0
q4980488,Q4980488,ब्रायन युइले,Bryan Yuile,ब्रायन विलियम युइले,Bryan William Yuile,hi,3,alias_observed,google_en_to_hi,alias,FALSE,68.57,Q12299841,Q664,,76.92,,,,,,,manually check B cross-script lexical equivalence; same-person relation inferred from aliases; verify source,yes,yes,yes,yes,yes,,https://www.wikidata.org/wiki/Q4980488,aligned_google_en_to_hi_plus_manual_verification,hindi_converted_601,google_en_to_hi,label,76.19,74.07,0
q3531169,Q3531169,जेसी डैनियल राइडर,Jesse Daniel Ryder,जेसी राइडर,Jesse Ryder,hi,3,alias_observed,google_en_to_hi,label,FALSE,69.57,Q12299841,Q664,,66.67,,,,,,,manually check A cross-script lexical equivalence; manually check B cross-script lexical equivalence; same-person relation inferred from aliases; verify source,yes,yes,yes,yes,yes,,https://www.wikidata.org/wiki/Q3531169,aligned_google_en_to_hi_plus_manual_verification,hindi_converted_601,google_en_to_hi,alias,68.42,76.92,0
q62891,Q62891,हेइके कामेरलिंग ओन्नेस,Heike Kamerlingh Onnes,एच. कामेरलिंग ओन्स,H. Kamerlingh Onnes,hi,3,alias_observed,google_en_to_hi,alias,FALSE,68.42,Q1622272|Q169470|Q205375|Q901,Q29999,,88.24,,,,,,,manually check A cross-script lexical equivalence; manually check B cross-script lexical equivalence; same-person relation inferred from aliases; verify source,yes,yes,yes,yes,yes,,https://www.wikidata.org/wiki/Q62891,aligned_google_en_to_hi_plus_manual_verification,hindi_converted_601,google_en_to_hi,,72.73,88.89,0
q57077,Q57077,कार्ल फर्डिनेंड ब्रौन,Karl Ferdinand Braun,फर्डिनेंड ब्रौन,Ferdinand Braun,hi,3,alias_observed,google_en_to_hi,alias,FALSE,77.42,Q1622272|Q169470|Q205375,Q27306|Q529605,,64.71,,,,,,,manually check A cross-script lexical equivalence; same-person relation inferred from aliases; verify source,yes,yes,yes,yes,yes,,https://www.wikidata.org/wiki/Q57077,aligned_google_en_to_hi_plus_manual_verification,hindi_converted_601,google_en_to_hi,,68.29,87.5,0
q5386369,Q5386369,एरिक डेम्पस्टर,Eric Dempster,एरिक विलियम डेम्पस्टर,Eric William Dempster,hi,3,alias_observed,google_en_to_hi,alias,FALSE,68.29,Q12299841|Q2143894,Q664,,81.25,,,,,,,manually check A cross-script lexical equivalence; manually check B cross-script lexical equivalence; same-person relation inferred from aliases; verify source,yes,yes,yes,yes,yes,,https://www.wikidata.org/wiki/Q5386369,aligned_google_en_to_hi_plus_manual_verification,hindi_converted_601,google_en_to_hi,label,74.07,77.42,0
q7453101,Q7453101,सेरेन वाटर्स,Seren Waters,सेरेन रॉबर्ट वाटर्स,Seren Robert Waters,hi,3,alias_observed,google_en_to_hi,alias,FALSE,68.29,Q12299841,Q114,,78.57,,,,,,,manually check A cross-script lexical equivalence; manually check B cross-script lexical equivalence; same-person relation inferred from aliases; verify source,yes,yes,yes,yes,yes,,https://www.wikidata.org/wiki/Q7453101,aligned_google_en_to_hi_plus_manual_verification,hindi_converted_601,google_en_to_hi,label,69.23,78.57,0
q57284,Q57284,ओलाफुर राग्नर ग्रिम्सन,Ólafur Ragnar Grímsson,ओलाफुर रगनार ग्रिम्सन,Olafur Ragnar Grimsson,hi,3,alias_observed,google_en_to_hi,alias,FALSE,77.27,Q1238570|Q1622272|Q82955,Q189,,90,,,,,,,manually check A cross-script lexical equivalence; A and B may be only spelling variants rather than distinct aliases; same-person relation inferred from aliases; verify source,yes,yes,yes,yes,yes,,https://www.wikidata.org/wiki/Q57284,aligned_google_en_to_hi_plus_manual_verification,hindi_converted_601,google_en_to_hi,,68.18,90,0
q297000,Q297000,हेंड्रिक वेरवोर्ड,Hendrik Verwoerd,हेंड्रिक फ़्रेंच वेरवोर्ड,Hendrik Frensch Verwoerd,hi,3,alias_observed,google_en_to_hi,label,FALSE,68.09,Q1622272|Q212980|Q2285706|Q82955,Q258,,86.36,,,,,,,manually check B cross-script lexical equivalence; same-person relation inferred from aliases; verify source,yes,yes,yes,yes,yes,,https://www.wikidata.org/wiki/Q297000,aligned_google_en_to_hi_plus_manual_verification,hindi_converted_601,google_en_to_hi,alias,78.79,81.08,0
q3525850,Q3525850,हेरोल्ड बॉमगार्टनर,Harold Baumgartner,हेरोल्ड वेन बॉमगार्टनर,Harold Vane Baumgartner,hi,3,alias_observed,google_en_to_hi,alias,FALSE,68,Q12299841,Q258,,87.18,,,,,,,manually check A cross-script lexical equivalence; manually check B cross-script lexical equivalence; same-person relation inferred from aliases; verify source,yes,yes,yes,yes,yes,,https://www.wikidata.org/wiki/Q3525850,aligned_google_en_to_hi_plus_manual_verification,hindi_converted_601,google_en_to_hi,label,73.17,89.47,0
q55691,Q55691,शिरीष अत्रे-पै,Shirish Atre-Pai,शिरीष पई,Shirish Pai,hi,3,alias_observed,google_en_to_hi,alias,FALSE,84.21,Q36180|Q49757|Q7019111,Q129286|Q1775277|Q668,,63.64,,,,,,,manually check A cross-script lexical equivalence; same-person relation inferred from aliases; verify source,yes,yes,yes,yes,yes,,https://www.wikidata.org/wiki/Q55691,aligned_google_en_to_hi_plus_manual_verification,hindi_converted_601,google_en_to_hi,,66.67,83.33,0
q167281,Q167281,तोतो दी नटले,Totò Di Natale,एंटोनियो डि नटले,Antonio Di Natale,hi,3,alias_observed,google_en_to_hi,label,FALSE,83.87,Q628099|Q937857,Q38,,92.86,,,,,,,manually check A cross-script lexical equivalence; A and B may be only spelling variants rather than distinct aliases; same-person relation inferred from aliases; verify source,yes,yes,yes,yes,yes,,https://www.wikidata.org/wiki/Q167281,aligned_google_en_to_hi_plus_manual_verification,hindi_converted_601,google_en_to_hi,alias,66.67,74.07,0
q40262,Q40262,डेविड ग्रॉस,David Gross,डेविड जोनाथन ग्रॉस,David Jonathan Gross,hi,3,alias_observed,google_en_to_hi,alias,FALSE,82.05,Q118313857|Q1622272|Q169470|Q19350898,Q30,,73.33,,,,,,,manually check A cross-script lexical equivalence; same-person relation inferred from aliases; verify source,yes,yes,yes,yes,yes,,https://www.wikidata.org/wiki/Q40262,aligned_google_en_to_hi_plus_manual_verification,hindi_converted_601,google_en_to_hi,,66.67,71.43,0
q215522,Q215522,मेमो ओचोआ,Memo Ochoa,गुइलेर्मो ओचोआ,Guillermo Ochoa,hi,3,alias_observed,google_en_to_hi,label,FALSE,80,Q937857,Q96,,53.85,,,,,,,manually check A cross-script lexical equivalence; same-person relation inferred from aliases; verify source,yes,yes,yes,yes,yes,,https://www.wikidata.org/wiki/Q215522,aligned_google_en_to_hi_plus_manual_verification,hindi_converted_601,google_en_to_hi,alias,66.67,69.57,0
q79983,Q79983,होसे मोरिन्हो,José Mourinho,जोस मोरिन्हो,Jose Mourinho,hi,3,alias_observed,manual,alias,FALSE,80,Q193391|Q628099|Q937857,Q45,,75,,,,,,,manually check A cross-script lexical equivalence; same-person relation inferred from aliases; verify source,yes,yes,yes,yes,yes,,https://www.wikidata.org/wiki/Q79983,aligned_google_en_to_hi_plus_manual_verification,hindi_converted_601,manual,,66.67,91.67,0
q483145,Q483145,लुइस फिगो,Luís Figo,लुईस फिगो,Luis Figo,hi,3,alias_observed,manual,alias,FALSE,77.78,Q937857,Q45,,87.5,,,,,,,manually check A cross-script lexical equivalence; same-person relation inferred from aliases; verify source,yes,yes,yes,yes,yes,,https://www.wikidata.org/wiki/Q483145,aligned_google_en_to_hi_plus_manual_verification,hindi_converted_601,manual,,66.67,87.5,0
q6983527,Q6983527,नजमुल हुसैन,Nazmul Hossain,मोहम्मद नजमुल हुसैन,Mohammad Nazmul Hossain,hi,3,alias_observed,google_en_to_hi,alias,FALSE,77.27,Q12299841,Q902,,77.42,,,,,,,manually check A cross-script lexical equivalence; same-person relation inferred from aliases; verify source,yes,yes,yes,yes,yes,,https://www.wikidata.org/wiki/Q6983527,aligned_google_en_to_hi_plus_manual_verification,hindi_converted_601,google_en_to_hi,label,66.67,76.47,0
q3527698,Q3527698,खंडू रंगनेकर,Khandu Rangnekar,खंडेराव मोरेश्वर रंगनेकर,Khanderao Moreshwar Rangnekar,hi,3,alias_observed,google_en_to_hi,alias,FALSE,77.19,Q12299841,Q129286|Q1775277|Q668,,78.95,,,,,,,manually check A cross-script lexical equivalence; same-person relation inferred from aliases; verify source,yes,yes,yes,yes,yes,,https://www.wikidata.org/wiki/Q3527698,aligned_google_en_to_hi_plus_manual_verification,hindi_converted_601,google_en_to_hi,,66.67,66.67,0
q80137,Q80137,एमिली ब्रोंटी,Emily Brontë,एमिली ब्रोंटे,Emily Bronte,hi,3,alias_observed,manual,alias,FALSE,76.19,Q1540278|Q36180|Q37226|Q49757|Q6625963|Q8178443,Q174193,,91.67,,,,,,,manually check A cross-script lexical equivalence; A and B may be only spelling variants rather than distinct aliases; same-person relation inferred from aliases; verify source,yes,yes,yes,yes,yes,,https://www.wikidata.org/wiki/Q80137,aligned_google_en_to_hi_plus_manual_verification,hindi_converted_601,manual,,66.67,90.91,0
q5273218,Q5273218,डिक मोट्ज़,Dick Motz,रिचर्ड चार्ल्स मोट्ज़,Richard Charles Motz,hi,3,alias_observed,google_en_to_hi,alias,FALSE,75.68,Q12299841|Q14089670,Q664,,46.15,,,,,,,manually check A cross-script lexical equivalence; same-person relation inferred from aliases; verify source,yes,yes,yes,yes,yes,,https://www.wikidata.org/wiki/Q5273218,aligned_google_en_to_hi_plus_manual_verification,hindi_converted_601,google_en_to_hi,label,66.67,46.15,0
q57811,Q57811,राजा परवेज़ अशरफ,Raja Pervez Ashraf,राजा परवाइज़ अशरफ,Raja Pervaiz Ashraf,hi,3,alias_observed,manual,alias,FALSE,72.22,Q131524|Q82955,Q843,,82.76,,,,,,,manually check A cross-script lexical equivalence; manually check B cross-script lexical equivalence; same-person relation inferred from aliases; verify source,yes,yes,yes,yes,yes,,https://www.wikidata.org/wiki/Q57811,aligned_google_en_to_hi_plus_manual_verification,hindi_converted_601,manual,,66.67,90.91,0
q5673,Q5673,हंस क्रिश्चियन एंडरसन,Hans Christian Andersen,हंस एंडरसन,Hans Andersen,hi,3,alias_observed,google_en_to_hi,alias,FALSE,71.43,Q117442841|Q12356615|Q15949613|Q18814623|Q1930187|Q214917|Q3455803|Q36180|Q482980|Q4853732|Q49757|Q55400155|Q6625963|Q8178443,Q62651|Q756617,,54.55,,,,,,,manually check A cross-script lexical equivalence; manually check B cross-script lexical equivalence; same-person relation inferred from aliases; verify source,yes,yes,yes,yes,yes,,https://www.wikidata.org/wiki/Q5673,aligned_google_en_to_hi_plus_manual_verification,hindi_converted_601,google_en_to_hi,,66.67,72.73,0
q7437332,Q7437332,स्कॉट स्टायरिस,Scott Styris,स्कॉट बर्नार्ड स्टायरिस,Scott Bernard Styris,hi,3,alias_observed,google_en_to_hi,alias,FALSE,71.43,Q12299841,Q664,,76.47,,,,,,,manually check A cross-script lexical equivalence; manually check B cross-script lexical equivalence; same-person relation inferred from aliases; verify source,yes,yes,yes,yes,yes,,https://www.wikidata.org/wiki/Q7437332,aligned_google_en_to_hi_plus_manual_verification,hindi_converted_601,google_en_to_hi,label,66.67,75.86,0
q80732,Q80732,तेन्जिंग नॉरगे,Tenzing Norgay,शेरपा तेनजिंग,Sherpa Tenzing,hi,3,alias_observed,verified_hindi,alias,FALSE,71.43,Q11900058|Q18814623|Q819677|Q9149093,Q668|Q837,,46.15,,,,,,,manually check A cross-script lexical equivalence; manually check B cross-script lexical equivalence; same-person relation inferred from aliases; verify source,yes,yes,yes,yes,yes,,https://www.wikidata.org/wiki/Q80732,aligned_google_en_to_hi_plus_manual_verification,hindi_converted_601,verified_hindi,label,66.67,53.85,0
q7822480,Q7822480,टोनी ग्रे,Tony Gray,एंथोनी हॉलिस ग्रे,Anthony Hollis Gray,hi,3,alias_observed,google_en_to_hi,alias,FALSE,70.59,Q12299841,Q258,,60.87,,,,,,,manually check A cross-script lexical equivalence; manually check B cross-script lexical equivalence; same-person relation inferred from aliases; verify source,yes,yes,yes,yes,yes,,https://www.wikidata.org/wiki/Q7822480,aligned_google_en_to_hi_plus_manual_verification,hindi_converted_601,google_en_to_hi,label,66.67,64,0
q335533,Q335533,अडोल्फो लोपेज़ माटेओस,Adolfo López Mateos,एडोल्फो लोपेज़ माटेओस,Adolfo Lopez Mateos,hi,3,alias_observed,manual,alias,FALSE,70.27,Q40348|Q82955,Q96,,85.71,,,,,,,manually check A cross-script lexical equivalence; manually check B cross-script lexical equivalence; same-person relation inferred from aliases; verify source,yes,yes,yes,yes,yes,,https://www.wikidata.org/wiki/Q335533,aligned_google_en_to_hi_plus_manual_verification,hindi_converted_601,manual,label,66.67,94.12,0
q30547,Q30547,मदर टेरेसा,Mother Teresa,एग्नेस गोंक्सा बोजाक्सिउ,Agnes Gonxha Bojaxhiu,hi,3,alias_observed,google_en_to_hi,alias,FALSE,69.77,Q191808|Q219477|Q2450226|Q28146366|Q55631411|Q639669|Q8178443,Q12560|Q1775277|Q222|Q30|Q668,,20.69,,,,,,,manually check A cross-script lexical equivalence; manually check B cross-script lexical equivalence; same-person relation inferred from aliases; verify source,yes,yes,yes,yes,yes,,https://www.wikidata.org/wiki/Q30547,aligned_google_en_to_hi_plus_manual_verification,hindi_converted_601,google_en_to_hi,,66.67,19.35,0
q167211,Q167211,ऐलन गार्सिया,Alan García,एलन गार्सिया,Alan Garcia,hi,3,alias_observed,manual,alias,FALSE,69.57,Q185351|Q2306091|Q36180|Q40348|Q82955,Q419,,86.96,,,,,,,manually check A cross-script lexical equivalence; manually check B cross-script lexical equivalence; same-person relation inferred from aliases; verify source,yes,yes,yes,yes,yes,,https://www.wikidata.org/wiki/Q167211,aligned_google_en_to_hi_plus_manual_verification,hindi_converted_601,manual,label,66.67,90,0
q3525889,Q3525889,एशलिन किलोवन,Ashlyn Kilowan,एशलिन पेट्रो कार्लाइल किलोवन,Ashlyn Petro Carlyle Kilowan,hi,3,alias_observed,google_en_to_hi,alias,FALSE,69.09,Q12299841,Q258,,65,,,,,,,manually check A cross-script lexical equivalence; manually check B cross-script lexical equivalence; same-person relation inferred from aliases; verify source,yes,yes,yes,yes,yes,,https://www.wikidata.org/wiki/Q3525889,aligned_google_en_to_hi_plus_manual_verification,hindi_converted_601,google_en_to_hi,label,66.67,68.42,0
q3242942,Q3242942,शॉन मार्श,Shaun Marsh,शॉन एडवर्ड मार्श,Shaun Edward Marsh,hi,3,alias_observed,google_en_to_hi,alias,FALSE,68.57,Q12299841,Q408,,72.73,,,,,,,manually check A cross-script lexical equivalence; manually check B cross-script lexical equivalence; same-person relation inferred from aliases; verify source,yes,yes,yes,yes,yes,,https://www.wikidata.org/wiki/Q3242942,aligned_google_en_to_hi_plus_manual_verification,hindi_converted_601,google_en_to_hi,,66.67,76.92,0
q5284,Q5284,बिल गेट्स,Bill Gates,"विलियम हेनरी ""बिल"" गेट्स","William Henry ""Bill"" Gates",hi,3,alias_observed,google_en_to_hi,alias,FALSE,68.18,Q12362622|Q131524|Q133253419|Q15472169|Q18437198|Q36180|Q4479442|Q5482740|Q557880|Q82594|Q911554,Q30,,59.26,,,,,,,manually check A cross-script lexical equivalence; manually check B cross-script lexical equivalence; same-person relation inferred from aliases; verify source,yes,yes,yes,yes,yes,,https://www.wikidata.org/wiki/Q5284,aligned_google_en_to_hi_plus_manual_verification,hindi_converted_601,google_en_to_hi,,66.67,60,0
q2047162,Q2047162,अब्दुल कारदार,Abdul Kardar,अब्दुल हफ़ीज़ कारदार,Abdul Hafeez Kardar,hi,3,alias_observed,google_en_to_hi,label,FALSE,66.67,Q12299841|Q193391|Q82955,Q129286|Q843,,85.71,,,,,,,manually check B cross-script lexical equivalence; same-person relation inferred from aliases; verify source,yes,yes,yes,yes,yes,,https://www.wikidata.org/wiki/Q2047162,aligned_google_en_to_hi_plus_manual_verification,hindi_converted_601,google_en_to_hi,alias,88,78.57,0
q229087,Q229087,शुआई पेंग,Shuai Peng,पेंग शुआई,Peng Shuai,hi,3,alias_observed,google_en_to_hi,label,FALSE,66.67,Q10833314,Q148,,55.56,,,,,,,manually check A cross-script lexical equivalence; manually check B cross-script lexical equivalence; same-person relation inferred from aliases; verify source,yes,yes,yes,yes,yes,,https://www.wikidata.org/wiki/Q229087,aligned_google_en_to_hi_plus_manual_verification,hindi_converted_601,google_en_to_hi,alias,66.67,55.56,0
q311425,Q311425,ग्वाडालूप विक्टोरिया,Guadalupe Victoria,जोस मिगुएल रेमन एडाक्टो फर्नांडीज वाई फेलिक्स,Jose Miguel Ramon Adaucto Fernandez y Felix,hi,3,alias_observed,manual,alias,FALSE,66.67,Q40348|Q4991371|Q82955,Q170603|Q96,,26.67,,,,,,,manually check B cross-script lexical equivalence; same-person relation inferred from aliases; verify source,yes,yes,yes,yes,yes,,https://www.wikidata.org/wiki/Q311425,aligned_google_en_to_hi_plus_manual_verification,hindi_converted_601,google_en_to_hi,label,83.33,40.74,0
q3522047,Q3522047,जेसन क्रेज़ा,Jason Krejza,जेसन जॉन क्रेज़ा,Jason John Krejza,hi,3,alias_observed,google_en_to_hi,alias,FALSE,66.67,Q12299841,Q36|Q408,,86.96,,,,,,,manually check A cross-script lexical equivalence; manually check B cross-script lexical equivalence; same-person relation inferred from aliases; verify source,yes,yes,yes,yes,yes,,https://www.wikidata.org/wiki/Q3522047,aligned_google_en_to_hi_plus_manual_verification,hindi_converted_601,google_en_to_hi,label,69.57,84.62,0
q3526352,Q3526352,जैक रिचर्ड्स,Jack Richards,क्लिफ्टन जेम्स रिचर्ड्स,Clifton James Richards,hi,3,alias_observed,google_en_to_hi,alias,FALSE,66.67,Q12299841|Q2826107|Q41583,Q145,,56.25,,,,,,,manually check B cross-script lexical equivalence; same-person relation inferred from aliases; verify source,yes,yes,yes,yes,yes,,https://www.wikidata.org/wiki/Q3526352,aligned_google_en_to_hi_plus_manual_verification,hindi_converted_601,google_en_to_hi,,76.92,62.5,0
q3531354,Q3531354,टोनी हिल,Tony Hill,एंथोनी लॉयड हिल,Anthony Lloyd Hill,hi,3,alias_observed,google_en_to_hi,alias,FALSE,66.67,Q12299841|Q2143894,Q664,,60,,,,,,,manually check B cross-script lexical equivalence; same-person relation inferred from aliases; verify source,yes,yes,yes,yes,yes,,https://www.wikidata.org/wiki/Q3531354,aligned_google_en_to_hi_plus_manual_verification,hindi_converted_601,google_en_to_hi,label,75,66.67,0
q382919,Q382919,मैनुअल फ़राज़ डी कैम्पोस सेल्स,Manuel Ferraz de Campos Sales,मैनोएल फ़राज़ डी कैम्पोस सैलेस,Manoel Ferraz de Campos Salles,hi,3,alias_observed,google_en_to_hi,alias,FALSE,66.67,Q131512|Q40348|Q82955,Q155,,91.67,,,,,,,manually check A cross-script lexical equivalence; manually check B cross-script lexical equivalence; A and B may be only spelling variants rather than distinct aliases; same-person relation inferred from aliases; verify source,yes,yes,yes,yes,yes,,https://www.wikidata.org/wiki/Q382919,aligned_google_en_to_hi_plus_manual_verification,hindi_converted_601,google_en_to_hi,label,66.67,94.12,0
q41523,Q41523,प्लूटार्क,Plutarch,प्लूटार्कस,Plutarchus,hi,3,alias_observed,manual,alias,FALSE,66.67,Q11774202|Q201788|Q36180|Q42603|Q4594605|Q4964182|Q864380,Q1747689,,88.89,,,,,,,manually check B cross-script lexical equivalence; same-person relation inferred from aliases; verify source,yes,yes,yes,yes,yes,,https://www.wikidata.org/wiki/Q41523,aligned_google_en_to_hi_plus_manual_verification,hindi_converted_601,manual,,75,88.89,0
q46502,Q46502,हुआन सेबास्टियन वेरोन,Juan Sebastián Verón,जुआन सेबेस्टियन वेरोन,Juan Sebastian Veron,hi,3,alias_observed,manual,alias,FALSE,66.67,Q937857,Q414,,65,,,,,,,manually check A cross-script lexical equivalence; manually check B cross-script lexical equivalence; same-person relation inferred from aliases; verify source,yes,yes,yes,yes,yes,,https://www.wikidata.org/wiki/Q46502,aligned_google_en_to_hi_plus_manual_verification,hindi_converted_601,manual,,69.77,88.89,0
q485547,Q485547,औरंगजेब,Aurangzeb,औरंगज़ेबे,Aurungzebe,hi,3,alias_observed,google_en_to_hi,alias,FALSE,66.67,Q116,,,80,,,,,,,manually check A cross-script lexical equivalence; manually check B cross-script lexical equivalence; same-person relation inferred from aliases; verify source,yes,yes,yes,yes,yes,,https://www.wikidata.org/wiki/Q485547,aligned_google_en_to_hi_plus_manual_verification,hindi_converted_601,google_en_to_hi,,70,84.21,0
q4899341,Q4899341,बेवन कांगडन,Bevan Congdon,बेवन अर्नेस्ट कांगडन,Bevan Ernest Congdon,hi,3,alias_observed,google_en_to_hi,alias,FALSE,66.67,Q12299841,Q664,,70.59,,,,,,,manually check A cross-script lexical equivalence; manually check B cross-script lexical equivalence; same-person relation inferred from aliases; verify source,yes,yes,yes,yes,yes,,https://www.wikidata.org/wiki/Q4899341,aligned_google_en_to_hi_plus_manual_verification,hindi_converted_601,google_en_to_hi,label,71.43,80,0
q50020,Q50020,जॉन स्टुअर्ट मिल,John Stuart Mill,जे.एस. मिल,J. S. Mill,hi,3,alias_observed,verified_hindi,alias,FALSE,66.67,Q1227195|Q16611574|Q188094|Q18814623|Q188958|Q2083925|Q27532437|Q36180|Q4964182|Q738142|Q82955,Q174193,,47.62,,,,,,,manually check B cross-script lexical equivalence; same-person relation inferred from aliases; verify source,yes,yes,yes,yes,yes,,https://www.wikidata.org/wiki/Q50020,aligned_google_en_to_hi_plus_manual_verification,hindi_converted_601,verified_hindi,,77.42,60,0
q508255,Q508255,डैनियल अग्यी,Daniel Agyei,डैनियल यॉ अग्यी,Daniel Yaw Agyei,hi,3,alias_observed,manual,alias,FALSE,66.67,Q937857,Q117|Q29999,,85.71,,,,,,,manually check B cross-script lexical equivalence; same-person relation inferred from aliases; verify source,yes,yes,yes,yes,yes,,https://www.wikidata.org/wiki/Q508255,aligned_google_en_to_hi_plus_manual_verification,hindi_converted_601,google_en_to_hi,label,76.92,88,0
q5639010,Q5639010,हैडी टिफ़न,Haidee Tiffen,हैडी मैरी टिफ़न,Haidee Maree Tiffen,hi,3,alias_observed,google_en_to_hi,alias,FALSE,66.67,Q12299841,Q664,,85.71,,,,,,,manually check A cross-script lexical equivalence; manually check B cross-script lexical equivalence; same-person relation inferred from aliases; verify source,yes,yes,yes,yes,yes,,https://www.wikidata.org/wiki/Q5639010,aligned_google_en_to_hi_plus_manual_verification,hindi_converted_601,google_en_to_hi,label,66.67,82.76,0
q57072,Q57072,ओटो स्टर्न,Otto Stern,ओ. स्टर्न,O. Stern,hi,3,alias_observed,google_en_to_hi,alias,FALSE,66.67,Q1622272|Q169470|Q593644,Q183|Q30,,80,,,,,,,manually check B cross-script lexical equivalence; same-person relation inferred from aliases; verify source,yes,yes,yes,yes,yes,,https://www.wikidata.org/wiki/Q57072,aligned_google_en_to_hi_plus_manual_verification,hindi_converted_601,google_en_to_hi,,80,80,0
q681723,Q681723,हैन्सी क्रोनिये,Hansie Cronje,वेसल जोहान्स क्रोन्ये,Wessel Johannes Cronje,hi,3,alias_observed,verified_hindi,alias,FALSE,66.67,Q12299841,Q258,,78.79,,,,,,,manually check B cross-script lexical equivalence; same-person relation inferred from aliases; verify source,yes,yes,yes,yes,yes,,https://www.wikidata.org/wiki/Q681723,aligned_google_en_to_hi_plus_manual_verification,hindi_converted_601,verified_hindi,label,78.26,62.5,0
q33817,Q33817,सर एडमंड पर्सीवल हिलेरी,Sir Edmund Percival Hillary,एडमंड हिलेरी,Edmund Hillary,hi,3,alias_observed,google_en_to_hi,label,FALSE,81.48,Q11900058|Q12362622|Q18814623|Q193391|Q852389|Q9149093,Q664,,47.06,,,,,,,manually check A cross-script lexical equivalence; same-person relation inferred from aliases; verify source,yes,yes,yes,yes,yes,,https://www.wikidata.org/wiki/Q33817,aligned_google_en_to_hi_plus_manual_verification,hindi_converted_601,google_en_to_hi,alias,65.38,70.27,0
q296183,Q296183,इगोर वेलेरिविच एंड्रीव,Igor Valeryevich Andreev,इगोर एंड्रीव,Igor Andreev,hi,3,alias_observed,google_en_to_hi,label,FALSE,78.26,Q10833314,Q159,,52.94,,,,,,,manually check A cross-script lexical equivalence; same-person relation inferred from aliases; verify source,yes,yes,yes,yes,yes,,https://www.wikidata.org/wiki/Q296183,aligned_google_en_to_hi_plus_manual_verification,hindi_converted_601,google_en_to_hi,alias,65.31,66.67,0
q3520021,Q3520021,केपलर वेसल्स,Kepler Wessels,केप्लर क्रिस्टोफ़ेल वेसल्स,Kepler Christoffel Wessels,hi,3,alias_observed,google_en_to_hi,alias,FALSE,65.31,Q12299841,Q258|Q408,,68.57,,,,,,,manually check A cross-script lexical equivalence; manually check B cross-script lexical equivalence; same-person relation inferred from aliases; verify source,yes,yes,yes,yes,yes,,https://www.wikidata.org/wiki/Q3520021,aligned_google_en_to_hi_plus_manual_verification,hindi_converted_601,google_en_to_hi,label,66.67,70.27,0
q160852,Q160852,विलियम इवार्ट ग्लैडस्टोन,William Ewart Gladstone,विलियम ग्लैडस्टोन,William Gladstone,hi,3,alias_observed,google_en_to_hi,alias,FALSE,68.57,Q193391|Q2285706|Q2732142|Q36180|Q82955,Q145|Q174193,,84.21,,,,,,,manually check A cross-script lexical equivalence; manually check B cross-script lexical equivalence; same-person relation inferred from aliases; verify source,yes,yes,yes,yes,yes,,https://www.wikidata.org/wiki/Q160852,aligned_google_en_to_hi_plus_manual_verification,hindi_converted_601,google_en_to_hi,,65.22,86.49,0
q192245,Q192245,सुसान बी. एंथनी,Susan B. Anthony,सुसान ब्राउननेल एंथनी,Susan Brownell Anthony,hi,3,alias_observed,verified_hindi,alias,FALSE,65.12,Q1021386|Q12526417|Q1476215|Q27532437|Q28692502|Q34074720|Q36180,Q30,,45.16,,,,,,,manually check A cross-script lexical equivalence; manually check B cross-script lexical equivalence; same-person relation inferred from aliases; verify source,yes,yes,yes,yes,yes,,https://www.wikidata.org/wiki/Q192245,aligned_google_en_to_hi_plus_manual_verification,hindi_converted_601,verified_hindi,,71.43,78.79,0
q313140,Q313140,क्विंसी ओवसु-अबेई,Quincy Owusu-Abeyie,क्विंसी जेम्स ओवसु-अबेई,Quincy James Owusu-Abeyie,hi,3,alias_observed,google_en_to_hi,alias,FALSE,65.12,Q937857,Q117|Q29999,,87.8,,,,,,,manually check A cross-script lexical equivalence; manually check B cross-script lexical equivalence; same-person relation inferred from aliases; verify source,yes,yes,yes,yes,yes,,https://www.wikidata.org/wiki/Q313140,aligned_google_en_to_hi_plus_manual_verification,hindi_converted_601,google_en_to_hi,label,66.67,87.18,0
q7421708,Q7421708,सारा जेड मैकग्लाशन,Sara Jade McGlashan,सारा मैकग्लाशन,Sara McGlashan,hi,3,alias_observed,google_en_to_hi,label,FALSE,73.33,Q12299841,Q664,,83.87,,,,,,,manually check A cross-script lexical equivalence; manually check B cross-script lexical equivalence; same-person relation inferred from aliases; verify source,yes,yes,yes,yes,yes,,https://www.wikidata.org/wiki/Q7421708,aligned_google_en_to_hi_plus_manual_verification,hindi_converted_601,google_en_to_hi,alias,65,86.67,0
q157578,Q157578,अलेक्जेंडर आर्किपेंको,Alexander Archipenko,अलेक्जेंडर पोर्फिरेविक आर्किपेंको,Aleksandr Porfirevic Archipenko,hi,3,alias_observed,google_en_to_hi,alias,FALSE,72.13,Q1028181|Q1281618|Q2079935|Q22343478|Q33231|Q5322166|Q627325|Q644687,Q30|Q34266,,66.67,,,,,,,manually check A cross-script lexical equivalence; manually check B cross-script lexical equivalence; same-person relation inferred from aliases; verify source,yes,yes,yes,yes,yes,,https://www.wikidata.org/wiki/Q157578,aligned_google_en_to_hi_plus_manual_verification,hindi_converted_601,google_en_to_hi,,65,70.83,0
q370568,Q370568,एल्डर्सन उवा एचीजिले,Elderson Uwa Echiejile,एल्डर्सन उवा एचीजीले,Elderson Uwa Echiéjilé,hi,3,alias_observed,manual,alias,FALSE,65,Q937857,Q1033,,85.71,,,,,,,manually check A cross-script lexical equivalence; manually check B cross-script lexical equivalence; same-person relation inferred from aliases; verify source,yes,yes,yes,yes,yes,,https://www.wikidata.org/wiki/Q370568,aligned_google_en_to_hi_plus_manual_verification,hindi_converted_601,manual,alias,73.17,90,0
