fact_id,qid,name_a_dev,name_a_lat,name_b_dev,name_b_lat,dev_lang,relation_tier,relation_tier_num,name_b_dev_source,name_b_lat_source,generated_lat,occupation_qids,country_qids,review_method,corpus_batch,split,origin
q1001,Q1001,महात्मा गांधी,Mahatma Gandhi,बापू,Bapu,mr,explicit_plus_alias:nickname,2,P1449,alias,False,Q1021386|Q11774156|Q11774202|Q15958642|Q16003550|Q16323111|Q17351648|Q185351|Q18814623|Q1930187|Q22336956|Q30242234|Q3242115|Q36180|Q40348|Q482980|Q4964182|Q808967|Q82955,Q129286|Q1775277|Q668,manual original-corpus review,original,train,native
q101251352,Q101251352,सूरज एंगडे,Suraj Yengde,सूरज मिलिंद एंगडे,Suraj Milind Yengde,mr,explicit_observed:birth_name,1,P1477,P1477,False,Q2248623|Q482980,Q668,manual original-corpus review,original,test,native
q10218,Q10218,राहुल गांधी,Rahul Gandhi,रागा,RaGa,mr,explicit_plus_alias:nickname,2,alias,P1449,False,Q82955,Q668,manual original-corpus review,original,test,native
q104651,Q104651,जॉन सी. माथर,John C. Mather,जॉन क्रोमवेल माथर,John Cromwell Mather,mr,explicit_plus_alias:birth_name,2,alias,P1477,False,Q11063|Q1650915|Q169470|Q752129,Q30,manual original-corpus review,original,train,foreign
q1047,Q1047,जवाहरलाल नेहरू,Jawaharlal Nehru,नेहरू,Nehru,mr,alias_observed,3,alias,alias,False,Q15627169|Q18814623|Q2285706|Q30242234|Q36180|Q808967|Q82955,Q129286|Q1775277|Q668,manual original-corpus review,original,train,native
q1058,Q1058,नरेंद्र मोदी,Narendra Modi,नरेंद्रभाई दामोदरदास मोदी,Narendrabhai Damodardas Modi,mr,explicit_observed:birth_name,1,P1477,P1477,False,Q10429346|Q36180|Q7019111|Q82955,Q668,manual original-corpus review,original,train,native
q105868,Q105868,गॅब्रियेला सबातिनी,Gabriela Sabatini,गॅब्रियेला बियात्रिझ सबातिनी,Gabriela Beatriz Sabatini,mr,explicit_plus_alias:birth_name,2,alias,P1477,False,Q10833314,Q38|Q414,manual original-corpus review,original,validation,foreign
q105887,Q105887,हुगो अल्मेडा,Hugo Almeida,हुगो मिगेल परेरा दि अल्मेडा,Hugo Miguel Pereira de Almeida,mr,explicit_plus_alias:birth_name,2,alias,P1477,False,Q628099|Q937857,Q45,manual original-corpus review,original,train,foreign
q11256,Q11256,फिदेल कास्त्रो,Fidel Castro,फिदेल अलेजान्द्रो कास्त्रो रुज़,Fidel Alejandro Castro Ruz,mr,explicit_plus_alias:birth_name,2,alias,P1477,False,Q10800557|Q183318|Q185351|Q1930187|Q212948|Q3242115|Q372436|Q40348|Q48352|Q82955,Q241,manual original-corpus review,original,train,foreign
q1132040,Q1132040,निल्स फोन डार्डेल,Nils von Dardel,निल्स एलियास क्रिस्टोफर फोन डार्डेल,Nils Elias Kristofer von Dardel,mr,explicit_plus_alias:birth_name,2,alias,P1477,False,Q1028181|Q483501,Q34,manual original-corpus review,original,train,foreign
q1149,Q1149,इंदिरा गांधी,Indira Gandhi,इन्दिरा नेहरू,Indira Nehru,mr,explicit_observed:birth_name,1,P1477,P1477,False,Q36180|Q82955,Q129286|Q1775277|Q668,manual original-corpus review,original,validation,native
q116070,Q116070,स्कॉट चिपरफिल्ड,Scott Chipperfield,स्कॉट केनेथ चिपरफिल्ड,Scott Kenneth Chipperfield,mr,explicit_plus_alias:birth_name,2,alias,P1477,False,Q628099|Q937857,Q408,manual original-corpus review,original,test,foreign
q11662,Q11662,स्टेफी ग्राफ,Steffi Graf,स्टीफनी मारिया ग्राफ,Stephanie Maria Graf,mr,explicit_plus_alias:birth_name,2,alias,P1477,False,Q10833314|Q2066131|Q33999,Q183,manual original-corpus review,original,train,foreign
q116768,Q116768,के.डी. सेठना,K. D. Sethna,अमल किरण,Amal Kiran,mr,explicit_plus_alias:pseudonym,2,alias,P742,False,Q1607826|Q201788|Q36180|Q4263842|Q49757,Q129286|Q668,manual original-corpus review,original,train,native
q118351900,Q118351900,अथर्व ढेकणे,Atharva Dhekne,टॅसिटॉनिक,tacitonic,mr,explicit_plus_alias:pseudonym,2,alias,P742,False,Q128124|Q47541952|Q639669|Q6785368|Q6884071,,manual original-corpus review,original,test,foreign
q121180,Q121180,व्हादिस्वाफ रेमाँट,Władysław Reymont,व्लादिस्लॉ स्टानिस्लॉ रेमाँट,Władysław Stanisław Rejment,mr,explicit_plus_alias:birth_name,2,alias,P1477,False,Q12144794|Q28389|Q36180|Q482980|Q6625963,Q207272|Q34266,manual original-corpus review,original,train,foreign
q12897,Q12897,पेले,Pelé,एडिसन अरांटिस डो नैसिमेंटो,Edson Arantes do Nascimento,mr,explicit_plus_alias:birth_name,2,alias,P1477,False,Q10800557|Q2066131|Q33999|Q36834|Q639669|Q82955|Q937857,Q155,manual original-corpus review,original,train,foreign
q13021,Q13021,विनोबा भावे,Vinoba Bhave,विनायक नरहरि भावे,Vinayak Narahari Bhave,mr,alias_observed,3,alias,alias,False,Q1476215|Q16611574|Q36180|Q4964182|Q82955,Q129286|Q1775277|Q668,manual original-corpus review,original,validation,native
q131318,Q131318,हुआन रमोन हिमेनेझ,Juan Ramón Jiménez,हुआन रमोन हिमेनेझ मँतेकॉन,Juan Ramón Jiménez Mantecón,mr,explicit_plus_alias:birth_name,2,alias,P1477,False,Q36180|Q49757|Q8178443,Q29,manual original-corpus review,original,train,foreign
q131333,Q131333,जॉर्ज इलियट,George Eliot,मेरी ऍन इव्हान्स,Mary Anne Evans,mr,explicit_plus_alias:birth_name,2,alias,P1477,False,Q11774202|Q1607826|Q1930187|Q333634|Q36180|Q4964182|Q49757|Q6625963,Q174193,manual original-corpus review,original,train,foreign
q131660,Q131660,दॉमिनिक दि व्हियेपाँ,Dominique de Villepin,दॉमिनिक मरी फ्रांस्वा रेने गलूझू दि व्हियेपाँ,Dominique Marie François René Galouzeau de Villepin,mr,explicit_plus_alias:birth_name,2,alias,P1477,False,Q10732476|Q193391|Q20771242|Q2285706|Q36180|Q40348|Q486839|Q6501749|Q7330070|Q82955|Q83307,Q142,manual original-corpus review,original,test,foreign
q132524,Q132524,आयन रँड,Ayn Rand,अलिसा झिनोव्येव्ना रोझेनबाउम,Alisa Zinovyevna Rosenbaum,mr,explicit_plus_alias:birth_name,2,alias,P1477,False,Q11774202|Q18844224|Q1930187|Q214917|Q28389|Q36180|Q4263842|Q4964182|Q6625963,Q139319|Q15180|Q2184|Q223050|Q30|Q34266,manual original-corpus review,original,train,foreign
q133050,Q133050,सुसान सॅरेंडॉन,Susan Sarandon,सुसान ऍबिगेल टोमालिन,Susan Abigail Tomalin,mr,explicit_plus_alias:birth_name,2,alias,P1477,False,Q10798782|Q10800557|Q15253558|Q2405480|Q3282637|Q33999,Q30,manual original-corpus review,original,train,foreign
q134463226,Q134463226,फुर्की शीक्स,Furky Sheeks,फुरकान मामूर,Furkan Mamur,mr,explicit_plus_alias:birth_name,2,alias,P1477,False,Q1053574|Q2252262|Q2405480|Q266569|Q28389|Q488205|Q639669|Q7042855|Q779815,Q43,manual original-corpus review,original,train,foreign
q134741,Q134741,कामीय पिसारो,Camille Pissarro,याकोब-आब्राहम-कामीय पिसारो,Jacob Abraham Camille Pissarro,mr,explicit_plus_alias:birth_name,2,alias,P1477,False,Q1028181|Q11569986|Q16947657|Q1925963|Q2079935|Q20857490,Q142|Q756617,manual original-corpus review,original,train,foreign
q135610,Q135610,ब्रेट होलमन,Brett Holman,ब्रेट ट्रेव्हर होलमन,Brett Trevor Holman,mr,explicit_plus_alias:birth_name,2,alias,P1477,False,Q937857,Q408,manual original-corpus review,original,train,foreign
q1384896,Q1384896,मार्सेल-पॉल श्युत्झेनबर्गर,Marcel-Paul Schützenberger,मार्को श्युत्झेनबर्गर,Marco Schützenberger,mr,explicit_plus_alias:pseudonym,2,alias,P742,False,Q1622272|Q170790|Q2732142|Q39631|Q82594,Q142,manual original-corpus review,original,train,foreign
q1428440,Q1428440,मायकेल क्लार्क,Michael Clarke,मायकेल जॉन क्लार्क,Michael John Clarke,mr,explicit_plus_alias:birth_name,2,alias,P1477,False,Q12299841,Q408,manual original-corpus review,original,train,foreign
q146929,Q146929,अजय देवगण,Ajay Devgn,विशाल वीरू देवगन,Vishal Veeru Devgan,mr,explicit_plus_alias:birth_name,2,P1477,alias,False,Q10800557|Q2526255|Q3282637|Q33999|Q43845,Q668,manual original-corpus review,original,train,native
q147589,Q147589,कोलो तूरे,Kolo Touré,कोलो हबिब तूरे,Kolo Abib Touré,mr,explicit_plus_alias:birth_name,2,alias,P1477,False,Q628099|Q937857,Q1008,manual original-corpus review,original,test,foreign
q148285,Q148285,ओशो,Osho,चन्द्र मोहन जैन,Chandra Mohan Jain,mr,explicit_observed:birth_name,1,P1477,P1477,False,Q12328016|Q15995642|Q18814623|Q36180|Q37226|Q484260,Q129286|Q1775277|Q668,manual original-corpus review,original,train,native
q150552,Q150552,फ्रांत्स फॉन पापेन,Franz von Papen,फ्रांत्स जोसेफ हेर्मान मायकेल मरिया फॉन पापेन,Franz Joseph Hermann Michael Maria von Papen,mr,explicit_plus_alias:birth_name,2,alias,P1477,False,Q189290|Q193391|Q302691|Q47064|Q82955,Q1206012|Q183,manual original-corpus review,original,train,foreign
q150688,Q150688,पोर्फिरियो दियाझ,Porfirio Díaz,होजे दि ला क्रुझ पॉर्फिरियो दियाझ मोरी,José de la Cruz Porfirio Díaz Mori,mr,explicit_plus_alias:birth_name,2,alias,P1477,False,Q47064|Q82955,Q96,manual original-corpus review,original,test,foreign
q15081116,Q15081116,देल्सी रॉद्रिगेझ,Delcy Rodriguez,देल्सी एलोइना रॉद्रिगेझ गोमेझ,Delcy Eloína Rodríguez Gómez,mr,explicit_plus_alias:birth_name,2,alias,P1477,False,Q185351|Q193391|Q40348|Q4825937|Q82955,Q717,manual original-corpus review,original,train,foreign
q156347,Q156347,लता मंगेशकर,Lata Mangeshkar,लता जी,Lataji,mr,alias_observed,3,alias,alias,False,Q10800557|Q1415090|Q1755412|Q177220|Q3282637|Q639669,Q668,manual original-corpus review,original,train,native
q156501,Q156501,सआदत हसन मंटो,Saadat Hasan Manto,मंटो,Manto,mr,explicit_plus_alias:pseudonym,2,alias,P742,False,Q15949613|Q1930187|Q28389|Q333634|Q36180|Q6625963,Q129286|Q2006542|Q668|Q843,manual original-corpus review,original,test,native
q1615,Q1615,नील आर्मस्ट्राँग,Neil Armstrong,नील अल्डेन आर्मस्ट्रॉंग,Neil Alden Armstrong,mr,explicit_plus_alias:birth_name,2,alias,P1477,False,Q10497074|Q11631|Q1622272|Q2095549|Q730242|Q7890793,Q30,manual original-corpus review,original,train,foreign
q16382,Q16382,श्रीमद् राजचंद्र,Shrimad Rajchandra,कवि,Kavi,mr,alias_observed,3,alias,alias,False,Q4964182,Q129286,manual original-corpus review,original,test,native
q163900,Q163900,फ्रान्सिस झेवियर,Francis Xavier,गोंयचो साइब,Gõycho Saib,mr,explicit_observed:nickname,1,P1449,P1449,False,Q11900058|Q1469535|Q219477|Q36180|Q98833890,Q200262|Q217196,manual original-corpus review,original,train,foreign
q173714,Q173714,माक्स ऑय्वे,Max Euwe,माक्गियेलिस ऑय्वे,Machgielis Euwe,mr,explicit_plus_alias:birth_name,2,alias,P1477,False,Q10873124|Q15916915|Q1622272|Q170790|Q36180|Q82594,Q29999,manual original-corpus review,original,test,foreign
q180383,Q180383,हेलन क्लार्क,Helen Clark,हेलन एलिझाबेथ क्लार्क,Helen Elizabeth Clark,mr,explicit_plus_alias:birth_name,2,alias,P1477,False,Q1238570|Q1622272|Q82955,Q664,manual original-corpus review,original,train,foreign
q181383,Q181383,महातिर मोहम्मद,Mahathir Mohamad,महाथिर बिन मोहम्मद,Mahathir bin Mohamad,mr,explicit_plus_alias:birth_name,2,alias,P1477,False,Q18814623|Q2285706|Q2994387|Q3555589|Q36180|Q39631|Q61061|Q82955,Q833|Q871091,manual original-corpus review,original,train,foreign
q182870,Q182870,मारियो पुझो,Mario Puzo,मारियो जियानलुइजी पुझो,Mario Gianluigi Puzo,mr,explicit_plus_alias:birth_name,2,alias,P1477,False,Q18844224|Q193391|Q28389|Q36180|Q6625963,Q30,manual original-corpus review,original,validation,foreign
q184218,Q184218,रायन बाबेल,Ryan Babel,रायन गुनो बाबेल,Ryan Guno Babel,mr,explicit_plus_alias:birth_name,2,alias,P1477,False,Q937857,Q29999,manual original-corpus review,original,train,foreign
q184572,Q184572,मार्टिन शीन,Martin Sheen,रेमन एन्टोनिओ गेरार्डो एस्तेवेज,Ramon Antonio Gerardo Estevez,mr,explicit_plus_alias:birth_name,2,alias,P1477,False,Q10798782|Q10800557|Q15253558|Q2059704|Q2259451|Q2405480|Q2526255|Q3282637|Q33999|Q3455803|Q578109,Q27|Q30,manual original-corpus review,original,train,foreign
q193517,Q193517,एमिली ब्लंट,Emily Blunt,एमिली ओलिविया लिया ब्लंट,Emily Olivia Leah Blunt,mr,explicit_plus_alias:birth_name,2,alias,P1477,False,Q10798782|Q10800557|Q2259451|Q28389|Q33999,Q145|Q30,manual original-corpus review,original,test,foreign
q193568,Q193568,नुनो गोम्स,Nuno Gomes,नुनो मिगेल सोआरेस परेरा रिबेरो,Nuno Miguel Soares Pereira Ribeiro,mr,explicit_plus_alias:birth_name,2,alias,P1477,False,Q937857,Q45,manual original-corpus review,original,train,foreign
q19848,Q19848,लेडी गागा,Lady Gaga,स्टेफनी जोआन अँजेलिना जर्मानोटा,Stefani Joanne Angelina Germanotta,mr,explicit_plus_alias:birth_name,2,alias,P1477,False,Q10798782|Q10800557|Q12362622|Q15253558|Q177220|Q2059704|Q2405480|Q2526255|Q36834|Q488205|Q753110,Q30,manual original-corpus review,original,train,foreign
q201656,Q201656,निक जोनास,Nick Jonas,निकोलस जेरी जोनस,Nicholas Jerry Jonas,mr,explicit_plus_alias:birth_name,2,alias,P1477,False,Q102277154|Q177220|Q33999|Q36834|Q488205,Q30,manual original-corpus review,original,validation,foreign
q202237,Q202237,लँडन डोनोव्हान,Landon Donovan,लँडन टिमोथी डोनोव्हान,Landon Timothy Donovan,mr,explicit_plus_alias:birth_name,2,alias,P1477,False,Q2986228|Q628099|Q937857,Q30,manual original-corpus review,original,train,foreign
q206181,Q206181,हँक विल्यम्स,Hank Williams,लुक द ड्रिफ्टर,Luke the Drifter,mr,explicit_plus_alias:pseudonym,2,alias,P742,False,Q177220|Q21234378|Q2914170|Q36834|Q488205|Q55960555|Q66763670|Q855091,Q30,manual original-corpus review,original,train,foreign
q214903,Q214903,दियेगो गोडिन,Diego Godín,दियेगो रॉबेर्तो गोडिन लेआल,Diego Roberto Godín Leal,mr,explicit_plus_alias:birth_name,2,alias,P1477,False,Q937857,Q77,manual original-corpus review,original,train,foreign
q2153,Q2153,सुभाषचंद्र बोस,Subhas Chandra Bose,नेताजी,Netaji,mr,alias_observed,3,alias,alias,False,Q1397808|Q18814623|Q20069267|Q30242234|Q3242115|Q36180|Q82955,Q129286,manual original-corpus review,original,test,native
q219780,Q219780,हंटर एस. थॉम्पसन,Hunter S. Thompson,हंटर स्टॉक्टन थॉम्पसन,Hunter Stockton Thompson,mr,explicit_plus_alias:birth_name,2,alias,P1477,False,Q11774202|Q18814623|Q1930187|Q28389|Q33231|Q36180|Q42909|Q6625963|Q82955,Q30,manual original-corpus review,original,train,foreign
q221454,Q221454,रेने लाकोस्त,René Lacoste,ज्याँ रेने लाकोस्त,Jean René Lacoste,mr,explicit_plus_alias:birth_name,2,alias,P1477,False,Q10833314|Q131524|Q13219424|Q2066131|Q3501317|Q41583,Q142,manual original-corpus review,original,test,foreign
q223233,Q223233,सॅम मेंडेस,Sam Mendes,सॅम्युएल अलेक्झांडर मेंडेस,Samuel Alexander Mendes,mr,explicit_plus_alias:birth_name,2,alias,P1477,False,Q2059704|Q2526255|Q28389|Q3282637|Q3387717|Q3455803|Q578109,Q145,manual original-corpus review,original,train,foreign
q2263,Q2263,टॉम हँक्स,Tom Hanks,थोमस जेफ्री हैंक्स,Thomas Jeffrey Hanks,mr,explicit_plus_alias:birth_name,2,alias,P1477,False,Q1053574|Q10798782|Q10800557|Q15949613|Q2059704|Q22343421|Q2259451|Q2405480|Q245068|Q2526255|Q28389|Q3282637|Q33999|Q3455803|Q36180|Q36834|Q47541952|Q578109|Q639669|Q69423232|Q947873|Q948329,Q30|Q41,manual original-corpus review,original,train,foreign
q22686,Q22686,डॉनल्ड ट्रंप,Donald Trump,डोनाल्ड जॉन ट्रंप,Donald John Trump,mr,explicit_plus_alias:birth_name,2,alias,P1477,False,Q131524|Q215536|Q22662561|Q3282637|Q33999|Q36180|Q43845|Q484876|Q557880|Q578109|Q7301138|Q82955|Q911554,Q30,manual original-corpus review,original,validation,foreign
q230151,Q230151,रिटा मोरेनो,Rita Moreno,रोझा डोलोरेस अल्वेरीओ मार्कानो,Rosa Dolores Alverío Marcano,mr,explicit_plus_alias:birth_name,2,alias,P1477,False,Q10798782|Q10800557|Q177220|Q2259451|Q2405480|Q33999|Q5716684,Q30,manual original-corpus review,original,validation,foreign
q232785,Q232785,फादर डेमियन,Father Damien,जोझेफ डि व्यूस्टर,Jozef De Veuster,mr,explicit_plus_alias:birth_name,2,alias,P1477,False,Q219477|Q250867|Q435940,Q31,manual original-corpus review,original,validation,foreign
q2355026,Q2355026,ऐडन ॲशले,Aiden Ashley,ऐडेन ऍशले,Ayden Ashley,mr,explicit_plus_alias:pseudonym,2,alias,P742,False,Q488111,Q30,manual original-corpus review,original,validation,foreign
q23559,Q23559,बेनितो मुसोलिनी,Benito Mussolini,मुस्सोलीनी,Mussolini,mr,alias_observed,3,alias,alias,False,Q1930187|Q37226|Q82955,Q153660|Q172579,manual original-corpus review,original,validation,foreign
q24405,Q24405,बृहद्रथ मौर्य,Brihadratha Maurya,बृहद्रथ,Brhadrata,mr,alias_observed,3,alias,alias,False,Q1097498,Q62943,manual original-corpus review,original,train,foreign
q25351,Q25351,थियोडोर मोम्सेन,Theodor Mommsen,क्रिस्चियन मॅथियास थियोडोर मोम्सेन,Christian Matthias Theodor Mommsen,mr,explicit_plus_alias:birth_name,2,alias,P1477,False,Q15632632|Q15983985|Q1622272|Q185351|Q1930187|Q2004963|Q201788|Q20873384|Q2135538|Q2599593|Q36180|Q486839|Q82955,Q1206012|Q26167|Q27306|Q43287,manual original-corpus review,original,validation,foreign
q2628981,Q2628981,भारतेंदु हरिश्चंद्र,Bharatendu Harishchandra,रसा,Rasa,mr,explicit_plus_alias:pseudonym,2,alias,P742,False,Q1930187|Q214917|Q36180|Q49757|Q6051619|Q6625963,Q129286,manual original-corpus review,original,test,native
q269014,Q269014,मिल्खा सिंग,Milkha Singh,फ्लाइंग सिख,Flying Sikh,mr,explicit_plus_alias:nickname,2,alias,P1449,False,Q11513337|Q2066131,Q129286|Q1775277|Q668,manual original-corpus review,original,test,native
q26923245,Q26923245,मिकी मॅडिसन,Mikey Madison,मिकाएला मैडिसन रोसबर्ग,Mikaela Madison Rosberg,mr,explicit_plus_alias:birth_name,2,alias,P1477,False,Q10798782|Q10800557|Q2405480|Q33999,Q30,manual original-corpus review,original,train,foreign
q2808,Q2808,एल्टन जॉन,Elton John,रेजिनाल्ड केनेथ ड्वाइट,Reginald Kenneth Dwight,mr,explicit_plus_alias:birth_name,2,alias,P1477,False,Q10800557|Q177220|Q36834|Q486748|Q55960555|Q639669|Q822146|Q96034777,Q145,manual original-corpus review,original,train,foreign
q28189,Q28189,अब्दुस सलाम,Abdus Salam,मोहम्मद अब्दुस सलाम,Mohammad Abdus Salam,mr,alias_observed,3,alias,alias,False,Q1622272|Q169470|Q19350898,Q129286|Q843,manual original-corpus review,original,test,native
q29021,Q29021,मौनो कोइव्हिस्टो,Mauno Koivisto,मौनो हेन्रिक कोइव्हिस्टो,Mauno Henrik Koivisto,mr,explicit_plus_alias:birth_name,2,alias,P1477,False,Q188094|Q32947888|Q82955,Q33,manual original-corpus review,original,validation,foreign
q29110,Q29110,पाव्हो लिप्पोनेन,Paavo Lipponen,पाव्हो टापियो लिप्पोनेन,Paavo Tapio Lipponen,mr,explicit_plus_alias:birth_name,2,alias,P1477,False,Q36180|Q82955,Q33,manual original-corpus review,original,train,foreign
q29213,Q29213,तार्या हेलोनेन,Tarja Halonen,तार्या कारिना हेलोनेन,Tarja Kaarina Halonen,mr,explicit_plus_alias:birth_name,2,alias,P1477,False,Q40348|Q82955,Q33,manual original-corpus review,original,validation,foreign
q29230,Q29230,मार्टी अह्तीसारी,Martti Ahtisaari,मार्टी ऑइव्हा कलेव्ही अह्तीसारी,Martti Oiva Kalevi Ahtisaari,mr,explicit_plus_alias:birth_name,2,alias,P1477,False,Q193391|Q37226|Q82955,Q33,manual original-corpus review,original,train,foreign
q297142,Q297142,ज्यो डिमाजियो,Joe DiMaggio,ज्युसेप्पे पाओलो डिमाजियो,Giuseppe Paolo DiMaggio,mr,explicit_plus_alias:birth_name,2,alias,P1477,False,Q10871364,Q30,manual original-corpus review,original,train,foreign
q302,Q302,येशू ख्रिस्त,Jesus Christ,येशुआ,Yeshua,mr,alias_observed,3,alias,alias,False,Q133485|Q1349880|Q154549|Q15995642|Q2142783|Q2518689|Q352507|Q37226|Q42857|Q432386|Q51626|Q7695510|Q972672,Q16000109,manual original-corpus review,original,test,foreign
q3052772,Q3052772,इमॅन्युएल मॅक्राँ,Emmanuel Macron,एमानुएल जाँ-मिशेल फ़्रेदेरिक माक्रों,Emmanuel Jean-Michel Frédéric Macron,mr,explicit_plus_alias:birth_name,2,alias,P1477,False,Q1238570|Q2883465|Q372436|Q4964182|Q599151|Q806798|Q82955,Q142,manual original-corpus review,original,train,foreign
q30875,Q30875,ऑस्कर वाइल्ड,Oscar Wilde,ऑस्कर फिंगल ओ'फ्लॅहर्टी विल्स वाइल्ड,Oscar Fingal O’Flahertie Wills Wilde,mr,explicit_plus_alias:birth_name,2,alias,P1477,False,Q11774202|Q12144794|Q15949613|Q214917|Q28389|Q3064032|Q36180|Q482980|Q4853732|Q49757|Q6051619|Q6625963|Q8178443,Q142|Q145|Q174193|Q27,manual original-corpus review,original,test,foreign
q311523,Q311523,अमेरिको,Américo,दॉमिंगो जॉन्ही व्हेगा उर्झुआ,Domingo Johnny Vega Urzúa,mr,explicit_plus_alias:birth_name,2,alias,P1477,False,Q177220|Q753110,Q298,manual original-corpus review,original,validation,foreign
q315500,Q315500,पुष्पकमल दाहाल,Pushpa Kamal Dahal,प्रचंड,Prachanda,mr,explicit_plus_alias:nickname,2,alias,P1449,False,Q47064|Q82955,Q837,manual original-corpus review,original,validation,foreign
q31564,Q31564,हाकान बाल्टा,Hakan Balta,हकन कादिर बल्टा,Hakan Kadir Balta,mr,alias_observed,3,alias,alias,False,Q937857,Q43,manual original-corpus review,original,test,foreign
q3284484,Q3284484,पी.टी. उषा,P. T. Usha,पय्योली एक्स्प्रेस,Payyoli Express,mr,explicit_plus_alias:nickname,2,alias,P1449,False,Q11513337,Q668,manual original-corpus review,original,train,native
q32923,Q32923,रितुपर्णो घोष,Rituparno Ghosh,रितु,Ritu,mr,alias_observed,3,alias,alias,False,Q2526255|Q28389|Q33999|Q3455803|Q36180,Q668,manual original-corpus review,original,train,native
q33228,Q33228,नादिया कोमानेची,Nadia Comăneci,नादिया एलेना कोमानेची,Nadia Elena Comăneci,mr,explicit_plus_alias:birth_name,2,alias,P1477,False,Q13381572|Q2066131,Q218|Q30,manual original-corpus review,original,validation,foreign
q33391,Q33391,लेऑन ट्रॉट्स्की,Leon Trotsky,लेओन ट्रोट्स्की,Leon Trotski,mr,alias_observed,3,alias,alias,False,Q18814623|Q1930187|Q193391|Q201788|Q28528560|Q3242115|Q36180|Q47064|Q4964182|Q82955,Q133356|Q15180|Q2305208|Q34266|Q96,manual original-corpus review,original,validation,foreign
q334252,Q334252,आर. के. नारायण,R. K. Narayan,रासीपुरम् कृष्णस्वामी नारायण,Rasipuram Krishnaswami Narayan,mr,alias_observed,3,alias,alias,False,Q1930187|Q28389|Q36180|Q37226|Q6625963|Q82955,Q129286|Q1775277|Q668,manual original-corpus review,original,train,native
q3346448,Q3346448,शान,Shaan,शांतनु मुखर्जी,Shantanu Mukherjee,mr,explicit_plus_alias:birth_name,2,alias,P1477,False,Q177220|Q33999|Q36834|Q639669|Q947873,Q668,manual original-corpus review,original,train,native
q3351160,Q3351160,राहुल देव बर्मन,Rahul Dev Burman,पंचम,Pancham,mr,explicit_plus_alias:pseudonym,2,alias,P742,False,Q1415090|Q33999|Q3455803|Q36834|Q55960555|Q639669,Q129286|Q1775277|Q668,manual original-corpus review,original,validation,native
q33760,Q33760,बर्ट्रांड रसेल,Bertrand Russell,बर्ट्रान्ड आर्थर विल्यम रसेल,Bertrand Arthur William Russell,mr,explicit_plus_alias:birth_name,2,alias,P1477,False,Q11774202|Q1231865|Q14565331|Q15632482|Q15978337|Q16003550|Q1622272|Q16323111|Q16389557|Q16743941|Q170790|Q18814623|Q18844224|Q18930236|Q18930418|Q1930187|Q36180|Q4964182|Q82955,Q145|Q174193,manual original-corpus review,original,train,foreign
q33977,Q33977,जूल वेर्न,Jules Verne,जूल गाब्रिए वेर्न,Jules Gabriel Verne,mr,explicit_plus_alias:birth_name,2,alias,P1477,False,Q18844224|Q214917|Q36180|Q4853732|Q49757|Q6625963|Q846430|Q860918,Q142,manual original-corpus review,original,train,foreign
q34253,Q34253,लीनस तोरवाल्ड्स,Linus Torvalds,लिनस बेनेडिक्ट तोरवाल्ड्स,Linus Benedict Torvalds,mr,explicit_plus_alias:birth_name,2,alias,P1477,False,Q183888|Q205375|Q36180|Q43845|Q5482740|Q81096|Q8246794|Q82594,Q30|Q33,manual original-corpus review,original,train,foreign
q34436,Q34436,स्कार्लेट योहान्सन,Scarlett Johansson,स्कारलेट इंग्रिड जोहानसन,Scarlett Ingrid Johansson,mr,explicit_plus_alias:birth_name,2,alias,P1477,False,Q10800557|Q177220|Q2259451|Q2405480|Q2526255|Q33999|Q4610556|Q55960555,Q30,manual original-corpus review,original,train,foreign
q34453,Q34453,बोरिस येल्त्सिन,Boris Yeltsin,बोरिस निकोलायेविच येल्त्सिन,Boris Nikolayevich Yeltsin,mr,alias_observed,3,alias,alias,False,Q1340643|Q13582652|Q81096|Q82955,Q15180|Q159,manual original-corpus review,original,test,foreign
q34460,Q34460,ग्वेनेथ पॅल्ट्रो,Gwyneth Paltrow,ग्वेनेथ केट पॅल्ट्रॉ,Gwyneth Kate Paltrow,mr,explicit_plus_alias:birth_name,2,alias,P1477,False,Q10798782|Q10800557|Q134826510|Q177220|Q2259451|Q2526255|Q28389|Q33999|Q43845|Q578109|Q639669|Q753110,Q30,manual original-corpus review,original,validation,foreign
q34660,Q34660,जे.के. रोलिंग,J. K. Rowling,जोआन रोलिंग,Joanne Rowling,mr,explicit_plus_alias:birth_name,2,alias,P1477,False,Q111597957|Q28389|Q3282637|Q36180|Q37226|Q482980|Q4853732|Q6625963,Q145,manual original-corpus review,original,train,foreign
q346708,Q346708,हाविये बाल्बोआ,Javier Balboa,हाविये एंजेल बाल्बोआ ओसा,Javier Ángel Balboa Osa,mr,explicit_plus_alias:birth_name,2,alias,P1477,False,Q937857,Q29|Q983,manual original-corpus review,original,train,foreign
q34836,Q34836,युलिसिस एस. ग्रँट,Ulysses S. Grant,हायराम युलिसिस ग्रँट,Hiram Ulysses Grant,mr,explicit_plus_alias:birth_name,2,alias,P1477,False,Q11900058|Q36180|Q372436|Q38239859|Q47064|Q82955,Q30,manual original-corpus review,original,validation,foreign
q34851,Q34851,एलिझाबेथ टेलर,Elizabeth Taylor,एलिझाबेथ रोझमंड टेलर,Elizabeth Rosemond Taylor,mr,explicit_plus_alias:birth_name,2,alias,P1477,False,Q10732476|Q10798782|Q10800557|Q12362622|Q18814623|Q2259451|Q3282637|Q33999|Q36180|Q96034777,Q145|Q30,manual original-corpus review,original,train,foreign
q35171,Q35171,ग्रोव्हर क्लीव्हलँड,Grover Cleveland,स्टीफन ग्रोव्हर क्लीव्हलँड,Stephen Grover Cleveland,mr,explicit_plus_alias:birth_name,2,alias,P1477,False,Q132050|Q207651|Q30185|Q36180|Q372436|Q40348|Q578478|Q82955,Q30,manual original-corpus review,original,test,foreign
q3520045,Q3520045,रोहित शर्मा,Rohit Sharma,रोहित गुरूनाथ शर्मा,Rohit Gurunath Sharma,mr,explicit_plus_alias:birth_name,2,P1477,alias,False,Q12299841,Q668,manual original-corpus review,original,train,native
q35236,Q35236,हर्बर्ट हूवर,Herbert Hoover,हर्बर्ट क्लार्क हूवर,Herbert Clark Hoover,mr,explicit_plus_alias:birth_name,2,alias,P1477,False,Q18524075|Q36180|Q372436|Q43845|Q482980|Q520549|Q81096|Q82955|Q83307,Q30,manual original-corpus review,original,test,foreign
q35332,Q35332,ब्रॅड पिट,Brad Pitt,विल्यम ब्रॅडली पिट,William Bradley Pitt,mr,explicit_plus_alias:birth_name,2,alias,P1477,False,Q1053574|Q10798782|Q10800557|Q2405480|Q3282637|Q33999|Q578109,Q30,manual original-corpus review,original,test,foreign
q35498,Q35498,चेस्टर ए. आर्थर,Chester A. Arthur,चेस्टर एलान अर्थर,Chester Alan Arthur,mr,explicit_plus_alias:birth_name,2,alias,P1477,False,Q189290|Q372436|Q40348|Q82955|Q974144,Q30,manual original-corpus review,original,train,foreign
q35610,Q35610,आर्थर कोनन डॉयल,Arthur Conan Doyle,आर्थर इग्नॅशियस कॉनन डॉयल,Arthur Ignatius Conan Doyle,mr,explicit_plus_alias:birth_name,2,alias,P1477,False,Q10297252|Q11774202|Q15949613|Q18844224|Q201788|Q214917|Q28389|Q36180|Q39631|Q4853732|Q551835|Q6625963,Q145|Q174193,manual original-corpus review,original,train,foreign
q35686,Q35686,रदरफोर्ड बी. हेस,Rutherford B. Hayes,रदरफोर्ड बर्चर्ड हेस,Rutherford Birchard Hayes,mr,explicit_plus_alias:birth_name,2,alias,P1477,False,Q132050|Q157148|Q189290|Q372436|Q40348|Q82955,Q30,manual original-corpus review,original,validation,foreign
q35900,Q35900,उमर खय्याम,Omar Khayyám,ओमर खय्याम,Omar Khayyam,mr,alias_observed,3,alias,alias,False,Q11063|Q155647|Q169470|Q170790|Q36180|Q4964182|Q49757|Q639669|Q822146,Q3708094,manual original-corpus review,original,test,foreign
q35912,Q35912,एमी रॉसम,Emmy Rossum,एमॅन्युएल ग्रे रॉसम,Emmanuelle Grey Rossum,mr,explicit_plus_alias:birth_name,2,alias,P1477,False,Q10798782|Q10800557|Q177220|Q33999,Q30,manual original-corpus review,original,train,foreign
q36014,Q36014,हो चि मिन्ह,Ho Chi Minh,हो ची मिन्ह,Hồ Chí Minh,mr,explicit_plus_alias:pseudonym,2,alias,P742,False,Q1930187|Q36180|Q47064|Q49757|Q82955,Q172640|Q185682,manual original-corpus review,original,train,foreign
q36268,Q36268,ब्रिजिट बार्दो,Brigitte Bardot,ब्रिजिट ऍन-मरी बार्दो,Brigitte Anne-Marie Bardot,mr,explicit_plus_alias:birth_name,2,alias,P1477,False,Q10800557|Q11966252|Q15253558|Q177220|Q18814623|Q23672693|Q3357567|Q33999|Q36180|Q4610556|Q55960555|Q5716684|Q662729,Q142,manual original-corpus review,original,train,foreign
q3634230,Q3634230,के.के.,KK,कृष्णकुमार कन्नथ,Krishna Kumar Kunnath,mr,explicit_plus_alias:birth_name,2,alias,P1477,False,Q177220|Q753110,Q668,manual original-corpus review,original,train,native
q36661,Q36661,हेन्‍रिक इब्सेन,Henrik Ibsen,हेनरिक जोहान इब्सन,Henrik Johan Ibsen,mr,explicit_plus_alias:birth_name,2,alias,P1477,False,Q214917|Q3455803|Q36180|Q49757|Q8178443,Q20,manual original-corpus review,original,train,foreign
q37030,Q37030,थॉमस मान,Thomas Mann,पॉल थॉमस मान,Paul Thomas Mann,mr,explicit_plus_alias:birth_name,2,alias,P1477,False,Q11774202|Q15949613|Q15978337|Q1622272|Q18814623|Q18939491|Q28389|Q36180|Q49757|Q639669|Q6625963,Q1206012|Q30|Q33946,manual original-corpus review,original,validation,foreign
q37767,Q37767,टी.एस. इलियट,T. S. Eliot,थॉमस स्टर्न्स इलियट,Thomas Stearns Eliot,mr,explicit_plus_alias:birth_name,2,alias,P1477,False,Q115784320|Q11774202|Q15949613|Q15978337|Q1622272|Q214917|Q28389|Q36180|Q4263842|Q4853732|Q49757|Q806805|Q822146,Q145|Q30,manual original-corpus review,original,test,foreign
q37876,Q37876,नॅटली पोर्टमन,Natalie Portman,नताली हर्शलैग,Natalie Herschlag,mr,explicit_plus_alias:birth_name,2,alias,P1477,False,Q10798782|Q10800557|Q2259451|Q2526255|Q28389|Q3282637|Q33999,Q30|Q801,manual original-corpus review,original,test,foreign
q38082,Q38082,लुईस कॅरोल,Lewis Carroll,चार्ल्स लुटविज डॉजसन,Charles Lutwidge Dodgson,mr,explicit_plus_alias:birth_name,2,alias,P1477,False,Q14565331|Q161944|Q170790|Q18814623|Q18939491|Q33231|Q36180|Q4853732|Q4964182|Q49757|Q6625963|Q8178443,Q174193,manual original-corpus review,original,test,foreign
q38111,Q38111,लिओनार्डो डिकॅप्रियो,Leonardo DiCaprio,लिओनार्डो विल्हेम डिकॅप्रियो,Leonardo Wilhelm DiCaprio,mr,explicit_plus_alias:birth_name,2,alias,P1477,False,Q10798782|Q10800557|Q2259451|Q28389|Q3282637|Q33999|Q3578589,Q30,manual original-corpus review,original,train,foreign
q38203,Q38203,हेलन केलर,Helen Keller,हेलन ऍडम्स केलर,Helen Adams Keller,mr,explicit_plus_alias:birth_name,2,alias,P1477,False,Q11499147|Q11774202|Q12859263|Q14467526|Q15627169|Q16323111|Q18814623|Q322170|Q36180,Q30,manual original-corpus review,original,train,foreign
q38823,Q38823,रुहोल्ला खोमेनी,Ruhollah Khomeini,आयातोल्ला खोमेनी,Ayatollah Khomeini,mr,alias_observed,3,alias,alias,False,Q189459|Q19641|Q1999841|Q3242115|Q432386|Q4964182|Q49757|Q82955,Q794,manual original-corpus review,original,train,foreign
q392,Q392,बॉब डिलन,Bob Dylan,रोबर्ट एलन ज़िमरमन,Robert Allen Zimmerman,mr,explicit_plus_alias:birth_name,2,alias,P1477,False,Q1028181|Q10800557|Q130857|Q177220|Q183945|Q18814623|Q2526255|Q2722764|Q28389|Q33999|Q3455803|Q36180|Q36834|Q482980|Q483501|Q486748|Q49757|Q5322166|Q639669|Q753110|Q822146|Q855091,Q30,manual original-corpus review,original,validation,foreign
q39476,Q39476,एम्मा वॉटसन,Emma Watson,एम्मा शार्लट डुएरे वॉटसन,Emma Charlotte Duerre Watson,mr,explicit_plus_alias:birth_name,2,alias,P1477,False,Q10800557|Q15253558|Q2259451|Q2405480|Q2526255|Q3357567|Q33999|Q4610556|Q970153,Q145,manual original-corpus review,original,validation,foreign
q39831738,Q39831738,तुरागा जानकी राणी,Turaga Janaki Rani,रेडियो अक्कय्या,Radio Akkayya,mr,explicit_plus_alias:nickname,2,alias,P1449,False,Q135301631|Q15253558|Q24702769|Q36180,Q129286|Q1775277|Q668,manual original-corpus review,original,train,native
q40523,Q40523,जुलिया रॉबर्ट्‌स,Julia Roberts,जुलिया फियोना रॉबर्टस,Julia Fiona Roberts,mr,explicit_plus_alias:birth_name,2,alias,P1477,False,Q10798782|Q10800557|Q2259451|Q2405480|Q3282637|Q33999|Q4610556,Q30,manual original-corpus review,original,train,foreign
q40791,Q40791,सँड्रा बुलक,Sandra Bullock,सैंड्रा एनेट बुलॉक,Sandra Annette Bullock,mr,explicit_plus_alias:birth_name,2,alias,P1477,False,Q10798782|Q10800557|Q2405480|Q2526255|Q28389|Q3282637|Q33999|Q3427922|Q3455803|Q43845|Q578109,Q183|Q30|Q713750,manual original-corpus review,original,train,foreign
q41163,Q41163,अॅल पचिनो,Al Pacino,आल्फ्रेदो जेम्स पचिनो,Alfredo James Pacino,mr,explicit_plus_alias:birth_name,2,alias,P1477,False,Q10798782|Q10800557|Q2259451|Q2526255|Q28389|Q3282637|Q33999|Q36180|Q47541952|Q69423232,Q30,manual original-corpus review,original,validation,foreign
q41314,Q41314,बॉबी फिशर,Bobby Fischer,रॉबर्ट जेम्स फिशर,Robert James Fischer,mr,explicit_plus_alias:birth_name,2,alias,P1477,False,Q105269|Q10873124|Q205375|Q266569|Q36180,Q189|Q30,manual original-corpus review,original,train,foreign
q41351,Q41351,जोडी फॉस्टर,Jodie Foster,ऍलिशिया क्रिस्चियन फॉस्टर,Alicia Christian Foster,mr,explicit_plus_alias:birth_name,2,alias,P1477,False,Q1053574|Q10798782|Q10800557|Q1759246|Q2405480|Q2526255|Q3282637|Q33999|Q578109|Q948329,Q30,manual original-corpus review,original,train,foreign
q41533,Q41533,फ्रँक लँपार्ड,Frank Lampard,फ्रँक जेम्स लँपार्ड,Frank James Lampard,mr,explicit_plus_alias:birth_name,2,alias,P1477,False,Q628099|Q937857,Q145,manual original-corpus review,original,train,foreign
q41563,Q41563,ज्युलिया जिलार्ड,Julia Gillard,ज्युलिया आयलीन जिलार्ड,Julia Eileen Gillard,mr,explicit_plus_alias:birth_name,2,alias,P1477,False,Q40348|Q82955,Q145|Q408,manual original-corpus review,original,train,foreign
q41749,Q41749,योजेफ ग्यॉबेल्स,Joseph Goebbels,पॉल जोसेफ गोबेल्स,Paul Joseph Goebbels,mr,explicit_plus_alias:birth_name,2,alias,P1477,False,Q10264925|Q134499738|Q1685363|Q18814623|Q18939491|Q1930187|Q28389|Q36180|Q6625963|Q82955,Q183|Q7318,manual original-corpus review,original,validation,foreign
q42229,Q42229,मेल गिब्सन,Mel Gibson,मेल कॉलमसिल जरार्ड गिब्सन,Mel Colm-Cille Gerard Gibson,mr,explicit_plus_alias:birth_name,2,alias,P1477,False,Q10798782|Q10800557|Q2405480|Q2526255|Q28389|Q3282637|Q33999|Q3455803|Q36180|Q69423232,Q27|Q30,manual original-corpus review,original,train,foreign
q42247,Q42247,सली प्रुडहॉम,Sully Prudhomme,रेने-फ्रांस्वा-आर्मांड प्रुडहॉम,René Francois Armand Prudhomme,mr,explicit_plus_alias:birth_name,2,alias,P1477,False,Q11774202|Q18939491|Q36180|Q4964182|Q49757,Q142,manual original-corpus review,original,validation,foreign
q42410,Q42410,एव्हो मोरालेस,Evo Morales,हुआन एव्हो मोरालेस अय्मा,Juan Evo Morales Ayma,mr,explicit_plus_alias:birth_name,2,alias,P1477,False,Q1328323|Q15627169|Q82955|Q98833914,Q750,manual original-corpus review,original,train,foreign
q42786,Q42786,ऑड्रे हेपबर्न,Audrey Hepburn,ऑड्रे कॅथलीन रस्टन,Audrey Kathleen Ruston,mr,explicit_plus_alias:birth_name,2,alias,P1477,False,Q10800557|Q12362622|Q177220|Q22336956|Q2259451|Q33999|Q4610556|Q5716684|Q805221,Q145,manual original-corpus review,original,train,foreign
q42992,Q42992,गोल्डा मायर,Golda Meir,गोल्डा माबोविच,Golda Mabovich,mr,alias_observed,3,alias,alias,False,Q182436|Q37226|Q82955,Q15180|Q193714|Q801,manual original-corpus review,original,test,foreign
q43347,Q43347,रुमी,Rumi,जलालूदीन रूमी,Jalaluddin Rumi,mr,alias_observed,3,alias,alias,False,Q12328016|Q189459|Q1999841|Q36180|Q4964182|Q49757|Q6673651,Q794,manual original-corpus review,original,validation,foreign
q43416,Q43416,किआनू रीव्ह्स,Keanu Reeves,कियानू चार्ल्स रीव्स,Keanu Charles Reeves,mr,explicit_plus_alias:birth_name,2,alias,P1477,False,Q10798782|Q10800557|Q177220|Q2405480|Q2526255|Q3282637|Q33999|Q36180|Q482980|Q639669,Q16,manual original-corpus review,original,train,foreign
q43459,Q43459,फिरदौसी,Ferdowsi,फ़िरदोसी,Firdosi,mr,alias_observed,3,alias,alias,False,Q36180|Q49757,Q12150341|Q249578,manual original-corpus review,original,validation,foreign
q43723,Q43723,बिन्यामिन नेतान्याहू,Benjamin Netanyahu,बिबि नेत्यानाहू,Bibi Netanyahu,mr,alias_observed,3,alias,alias,False,Q1238570|Q15958642|Q188094|Q193391|Q2285706|Q372436|Q47064|Q4991371|Q82955,Q801,manual original-corpus review,original,train,foreign
q43744,Q43744,गेर्ड म्युलर,Gerd Müller,गेरहार्ड म्युलर,Gerhard Müller,mr,explicit_plus_alias:birth_name,2,alias,P1477,False,Q628099|Q937857,Q183,manual original-corpus review,original,train,foreign
q44063,Q44063,रीस विदरस्पून,Reese Witherspoon,लौरा विदरस्पून,Laura Witherspoon,mr,explicit_plus_alias:pseudonym,2,alias,P742,False,Q10800557|Q2405480|Q3282637|Q33999|Q43845|Q4610556|Q578109,Q30,manual original-corpus review,original,validation,foreign
q44461,Q44461,रिचर्ड डॉकिन्स,Richard Dawkins,क्लिंटन रिचर्ड डॉकिन्स,Clinton Richard Dawkins,mr,explicit_plus_alias:birth_name,2,alias,P1477,False,Q10798782|Q10800557|Q116695160|Q11774202|Q15143191|Q15632482|Q16063497|Q1622272|Q16270720|Q16831721|Q19356916|Q2405480|Q28389|Q3126128|Q33999|Q350979|Q36180|Q3745071|Q482980|Q69423232|Q864503,Q145,manual original-corpus review,original,test,foreign
q44482,Q44482,द ग्रेट खली,The Great Khali,दलीप सिंह राणा,Dalip Singh Rana,mr,explicit_plus_alias:birth_name,2,alias,P1477,False,Q10800557|Q11338576|Q13474373|Q23845879|Q33999,Q30|Q668,manual original-corpus review,original,train,native
q44519,Q44519,सेल्मा लॅगरल्यॉफ,Selma Lagerlöf,सेल्मा ऑट्टिलिया लोव्हिसा लॅगेर्लॉफ,Selma Ottilia Lovisa Lagerlöf,mr,explicit_plus_alias:birth_name,2,alias,P1477,False,Q12144794|Q12311797|Q18814623|Q333634|Q36180|Q37226|Q4853732|Q49757|Q6625963|Q864380,Q34,manual original-corpus review,original,train,foreign
q44593,Q44593,व्ही.एस. नायपॉल,V. S. Naipaul,विद्याधर सूरजप्रसाद नायपॉल,Vidiadhar Surajprasad Naipaul,mr,explicit_plus_alias:birth_name,2,alias,P1477,False,Q11774202|Q15949613|Q1930187|Q3579035|Q36180|Q6625963,Q145|Q754,manual original-corpus review,original,train,foreign
q44903,Q44903,लिंडसे लोहान,Lindsay Lohan,लिंडसे डी लोहान,Lindsay Dee Lohan,mr,explicit_plus_alias:birth_name,2,alias,P1477,False,Q1053574|Q10798782|Q10800557|Q177220|Q2259451|Q33999|Q4610556|Q639669,Q30,manual original-corpus review,original,train,foreign
q44980,Q44980,अॅलेक्स फर्ग्युसन,Alex Ferguson,अलेक्झांडर चॅपमन फर्ग्युसन,Alexander Chapman Ferguson,mr,explicit_plus_alias:birth_name,2,alias,P1477,False,Q18814623|Q2066131|Q2462658|Q36180|Q628099|Q937857,Q145,manual original-corpus review,original,train,foreign
q45901,Q45901,थिएरी ऑन्री,Thierry Henry,थिएरी दानियेल हेन्री,Thierry Daniel Henry,mr,explicit_plus_alias:birth_name,2,alias,P1477,False,Q2986228|Q628099|Q937857,Q142,manual original-corpus review,original,train,foreign
q464957,Q464957,नूर इनायत खान,Noor Inayat Khan,नूर-उन-निसा इनायत खान,Noor Un Nisa Inayat Khan,mr,explicit_plus_alias:birth_name,2,alias,P1477,False,Q1397808|Q36180|Q4853732|Q49757|Q4991371|Q98052424,Q129286|Q145,manual original-corpus review,original,train,native
q46696,Q46696,थियोडोसियस पहिला,Theodosius I,थियोडोसियस द ग्रेट,Theodosius the Great,mr,explicit_plus_alias:nickname,2,alias,P1449,False,Q82955,Q1747689,manual original-corpus review,original,train,foreign
q46780,Q46780,ऑरेलियन,Aurelian,लुसियस डॉमिशियस ऑरेलियानस,Lucius Domitius Aurelianus,mr,explicit_plus_alias:birth_name,2,alias,P1477,False,Q82955,Q1747689,manual original-corpus review,original,test,foreign
q47087,Q47087,आर्थर सी. क्लार्क,Arthur C. Clarke,आर्थर चार्ल्स क्लार्क,Arthur Charles Clarke,mr,explicit_plus_alias:birth_name,2,alias,P1477,False,Q11900058|Q15980158|Q169470|Q18844224|Q205375|Q28389|Q36180|Q6625963|Q846430,Q145,manual original-corpus review,original,train,foreign
q47163,Q47163,वित्रुवियस,Vitruvius,मार्क्स वित्रुवियस पॉलिओ,Marcus Vitruvius Pollio,mr,explicit_plus_alias:birth_name,2,alias,P1477,False,Q36180|Q4070283|Q42973|Q81096,Q1747689,manual original-corpus review,original,test,foreign
q47478,Q47478,स्वामी विवेकानंद,Swami Vivekananda,नरेन्द्रनाथ दत्त,Narendranath Datta,mr,explicit_plus_alias:birth_name,2,P1477,alias,False,Q11774202|Q12859263|Q177220|Q3579035|Q36180|Q37226|Q4964182|Q49757|Q64711780|Q733786|Q864380,Q129286,manual original-corpus review,original,validation,native
q47480,Q47480,पॉल डिरॅक,Paul Dirac,पॉल एड्रियन मौरिस डिराक,Paul Adrien Maurice Dirac,mr,explicit_plus_alias:birth_name,2,alias,P1477,False,Q121594|Q169470|Q170790|Q19350898|Q3400985|Q37226|Q81096|Q901|Q974144,Q145|Q39,manual original-corpus review,original,validation,foreign
q47778,Q47778,गॅरी लिनेकर,Gary Lineker,गॅरी विन्स्टन लिनेकर,Gary Winston Lineker,mr,explicit_plus_alias:birth_name,2,alias,P1477,False,Q135301631|Q1930187|Q2986228|Q937857,Q145,manual original-corpus review,original,validation,foreign
q47846,Q47846,नाओतो कान,Naoto Kan,कान नाओतो,Kan Naoto,mr,alias_observed,3,alias,alias,False,Q1622272|Q19350898|Q82955,Q17,manual original-corpus review,original,train,foreign
q48231,Q48231,ईदी अमीन,Idi Amin,ईदी अमीन दादा,Idi Amin Dada,mr,alias_observed,3,alias,alias,False,Q189290|Q47064|Q82955,Q1036|Q1097943|Q851,manual original-corpus review,original,test,foreign
q482947,Q482947,नानी,Nani,लुइस कार्लोस अल्मेडा दा कुन्हा,Luís Carlos Almeida da Cunha,mr,explicit_plus_alias:birth_name,2,alias,P1477,False,Q937857,Q45,manual original-corpus review,original,test,foreign
q492527,Q492527,व्ही.ओ. चिदंबरम पिल्लई,V. O. Chidambaram Pillai,कप्पलोतिया तामिज़न,Kappalottiya Tamilan,mr,alias_observed,3,alias,alias,False,Q15253558|Q15627169|Q30242234|Q36180|Q40348|Q43845|Q82955,Q129286,manual original-corpus review,original,train,native
q5152,Q5152,मुस्तफा कमाल अतातुर्क,Mustafa Kemal Atatürk,केमाल पाशा,Kemal Pasha,mr,alias_observed,3,alias,alias,False,Q3242115|Q36180|Q372436|Q38239859|Q82955,Q12560|Q43,manual original-corpus review,original,test,foreign
q539,Q539,ज्युझेप्पे गारिबाल्दी,Giuseppe Garibaldi,गारिबाल्दी,Garibaldi,mr,alias_observed,3,alias,alias,False,Q1397808|Q178197|Q18814623|Q30242234|Q36180|Q47064|Q82955,Q142|Q162192|Q172579|Q2577303|Q419,manual original-corpus review,original,train,foreign
q55719,Q55719,सरोजिनी वैद्य,Sarojini Vaidya,सरोजिनी शंकर वैद्य,Sarojini Shankar Vaidya,mr,alias_observed,3,alias,alias,False,Q36180,Q1775277|Q668,manual original-corpus review,original,train,native
q55722,Q55722,चिंतामण विनायक वैद्य,Chintaman Vinayak Vaidya,चिं. वि. वैद्य,Chi. Vi. Vaidya,mr,alias_observed,3,alias,alias,False,Q16533|Q2516866|Q36180|Q4479442,Q129286,manual original-corpus review,original,validation,native
q55760,Q55760,गोविंद सखाराम सरदेसाई,Govind Sakharam Sardesai,रियासतकार सरदेसाई,Riyasatkar Sardesai,mr,alias_observed,3,alias,alias,False,Q1622272|Q201788|Q36180,Q129286|Q1775277|Q668,manual original-corpus review,original,train,native
q55769,Q55769,पांडुरंग सदाशिव साने,Pandurang Sadashiv Sane,साने गुरुजी,Sane Guruji,mr,alias_observed,3,alias,alias,False,Q14467526|Q1930187|Q2516866|Q333634|Q36180|Q4853732|Q7019111,Q129286|Q1775277|Q668,manual original-corpus review,original,test,native
q55781,Q55781,विश्वनाथ काशीनाथ राजवाडे,Vishwanath Kashinath Rajwade,इतिहासाचार्य राजवाडे,Itihasacharya Rajwade,mr,alias_observed,3,alias,alias,False,Q1607826|Q201788|Q36180|Q4479442,,manual original-corpus review,original,train,foreign
q57063,Q57063,फिलिप लेनार्ड,Philipp Lenard,फिलिप एडुआर्ड आंतोन फोन लेनार्ड,Philipp Eduard Anton von Lenard,mr,explicit_plus_alias:birth_name,2,alias,P1477,False,Q1622272|Q169470|Q205375|Q82955,Q183|Q28,manual original-corpus review,original,train,foreign
q57068,Q57068,विल्हेल्म वियेन,Wilhelm Wien,विल्हेल्म कार्ल वर्नर ऑट्टो फ्रित्झ फ्रांझ वियेन,Wilhelm Carl Werner Otto Fritz Franz Wien,mr,explicit_plus_alias:birth_name,2,alias,P1477,False,Q1622272|Q169470|Q19350898,Q183,manual original-corpus review,original,train,foreign
q57159,Q57159,गुस्ताफ बाउअर,Gustav Bauer,गुस्ताफ ऍडोल्फ बाउअर,Gustav Adolf Bauer,mr,explicit_plus_alias:birth_name,2,alias,P1477,False,Q15627169|Q82955,Q183|Q27306,manual original-corpus review,original,train,foreign
q57336,Q57336,अली खामेनेई,Ali Khamenei,अली होसैनी खामेनेई,Ali Hosseini Khamenei,mr,alias_observed,3,alias,alias,False,Q1999841|Q2259532|Q333634|Q36180|Q49757|Q82955,Q107258515|Q794,manual original-corpus review,original,train,foreign
q57338,Q57338,महिंद राजपक्ष,Mahinda Rajapaksa,महिन्द,Mahinda,mr,alias_observed,3,alias,alias,False,Q15627169|Q2285706|Q40348|Q82955,Q854,manual original-corpus review,original,train,foreign
q57373,Q57373,आसिफ अली झरदारी,Asif Ali Zardari,आसिफ़ ज़रदारी,Asif Zardari,mr,alias_observed,3,alias,alias,False,Q131524|Q82955,Q843,manual original-corpus review,original,train,foreign
q57384,Q57384,वर्नर फोन ब्रॉन,Wernher von Braun,वर्नर मॅग्नस मॅक्सिमिलियन फ्राइहेर फोन ब्रॉन,Wernher Magnus Maximilian Freiherr von Braun,mr,explicit_plus_alias:birth_name,2,alias,P1477,False,Q10497074|Q15980158|Q169470|Q1779650|Q205375|Q47064|Q81096,Q30|Q41304|Q43287|Q713750|Q7318,manual original-corpus review,original,train,foreign
q57705,Q57705,पेरी क्रिस्टी,Perry Christie,पेरी ग्लॅडस्टोन क्रिस्टी,Perry Gladstone Christie,mr,explicit_plus_alias:birth_name,2,alias,P1477,False,Q11513337|Q82955,Q778,manual original-corpus review,original,test,foreign
q58441,Q58441,रोबिन्हो,Robinho,रॉबसन डी सूझा,Robson de Souza,mr,explicit_plus_alias:birth_name,2,alias,P1477,False,Q18515558|Q628099|Q937857,Q155,manual original-corpus review,original,test,foreign
q59192,Q59192,मायकेल डॉसन,Michael Dawson,मायकेल रिचर्ड डॉसन,Michael Richard Dawson,mr,explicit_plus_alias:birth_name,2,alias,P1477,False,Q937857,Q145,manual original-corpus review,original,test,foreign
q60068,Q60068,रजनीकांत,Rajinikanth,शिवाजीराव गायकवाड,Shivaji Rao Gaekwad,mr,explicit_plus_alias:birth_name,2,alias,P1477,False,Q10800557|Q177220|Q28389|Q3282637|Q33999|Q36180,Q668,manual original-corpus review,original,train,native
q60903,Q60903,जॉर्ज यूरी राइट,George Yury Right,यूरी नेस्टरनको,Yury Nesterenko,mr,explicit_plus_alias:pseudonym,2,alias,P742,False,Q36180|Q49757|Q82594,Q159|Q30,manual original-corpus review,original,train,foreign
q687,Q687,मोलिये,Molière,जाँ-बातिस्त पोक्लें,Jean-Baptiste Poquelin,mr,explicit_plus_alias:birth_name,2,alias,P1477,False,Q1776724|Q214917|Q2259451|Q3387717|Q33999|Q36180|Q39020112|Q487596|Q49757|Q9334029,Q70972,manual original-corpus review,original,validation,foreign
q7186,Q7186,मेरी क्युरी,Marie Curie,मारिया सलोमीया स्कोलोडोव्स्का,Marya Salomea Skłodowska,mr,explicit_plus_alias:birth_name,2,alias,P1477,False,Q1622272|Q169470|Q593644,Q142|Q207272|Q34266,manual original-corpus review,original,train,foreign
q7241,Q7241,रवींद्रनाथ ठाकूर,Rabindranath Tagore,रबिन्द्रनाथ ठाकुर,Ravindranath Thakur,mr,alias_observed,3,alias,alias,False,Q1028181|Q115784320|Q11774202|Q15949613|Q16611574|Q177220|Q214917|Q2526255|Q30242234|Q33999|Q3579035|Q36180|Q36834|Q483501|Q4964182|Q49757|Q6625963|Q753110|Q8178443|Q822146,Q129286,manual original-corpus review,original,test,native
q7245,Q7245,मार्क ट्वेन,Mark Twain,सेम्युअल लेन्गहोर्न क्लेमेन्स,Samuel Langhorne Clemens,mr,explicit_plus_alias:birth_name,2,alias,P1477,False,Q12144794|Q12406482|Q175151|Q18814623|Q18844224|Q1930187|Q3579035|Q3606216|Q36180|Q37226|Q475604|Q4853732|Q4991371|Q6051619|Q6625963,Q30,manual original-corpus review,original,train,foreign
q72984,Q72984,बिंग क्रॉसबी,Bing Crosby,हैरी लिलिस क्रॉस्बी,Harry Lillis Crosby,mr,explicit_plus_alias:birth_name,2,alias,P1477,False,Q10798782|Q10800557|Q10871364|Q15981151|Q177220|Q2259451|Q2405480|Q245068|Q2722764|Q28389|Q3282637|Q33999|Q36180|Q36834|Q43845|Q44508716|Q47541952|Q578109|Q639669|Q69423232,Q30,manual original-corpus review,original,validation,foreign
q7299631,Q7299631,रेझर स्मिथ,Razor Smith,विल्यम चार्ल्स स्मिथ,William Charles Smith,mr,explicit_plus_alias:birth_name,2,alias,P1477,False,Q12299841,Q145|Q174193,manual original-corpus review,original,train,foreign
q738368,Q738368,चंद्रशेखर आझाद,Chandra Shekhar Azad,चंद्रशेखर तिवारी,Chandrashekhar Tiwari,mr,explicit_plus_alias:birth_name,2,alias,P1477,False,Q30242234|Q3242115,Q129286,manual original-corpus review,original,train,native
q7450,Q7450,असीमा चॅटर्जी,Asima Chatterjee,असीमा चट्टोपाध्याय,Asima Chattopadhyay,mr,alias_observed,3,alias,alias,False,Q1622272|Q2374149|Q36180|Q593644,Q129286|Q1775277|Q668,manual original-corpus review,original,test,native
q80405,Q80405,ज्युलियन मूर,Julianne Moore,जूली ऐनी स्मिथ,Julie Anne Smith,mr,explicit_plus_alias:birth_name,2,alias,P1477,False,Q10798782|Q10800557|Q2259451|Q2405480|Q3282637|Q33999|Q36180|Q482980|Q4853732|Q578109|Q639669,Q145|Q30,manual original-corpus review,original,test,foreign
q82180,Q82180,माताहारी,Mata Hari,मार्गारेथा गीरट्रुइडा झेले,Margaretha Geertruida Zelle,mr,explicit_plus_alias:birth_name,2,alias,P1477,False,Q376924|Q5420718|Q5716684|Q9352089,Q29999,manual original-corpus review,original,train,foreign
q8873,Q8873,सत्यजित रे,Satyajit Ray,माणिक दा,Manik Da,mr,alias_observed,3,alias,alias,False,Q1028181|Q1414443|Q1930187|Q222344|Q2526255|Q28389|Q3282637|Q36180|Q36834|Q4220892|Q4853732|Q49757|Q7042855|Q753110|Q822146,Q129286|Q1775277|Q668,manual original-corpus review,original,train,native
q9061,Q9061,कार्ल मार्क्स,Karl Marx,कार्ल हेनरिक मार्क्स,Karl Heinrich Marx,mr,explicit_plus_alias:birth_name,2,alias,P1477,False,Q188094|Q1930187|Q201788|Q2306091|Q3242115|Q36180|Q4964182|Q49757|Q82955,Q174193|Q223050|Q27306,manual original-corpus review,original,test,foreign
q9161,Q9161,योसिफ ब्रोझ तितो,Josip Broz Tito,तितो,Tito,mr,explicit_plus_alias:pseudonym,2,alias,P742,False,Q111837|Q1397808|Q196721|Q3242115|Q3479990|Q372436|Q82955|Q860918,Q1277557|Q15102440|Q191077|Q28|Q83286,manual original-corpus review,original,train,foreign
q93330,Q93330,हुआन पेरॉन,Juan Perón,हुआन दॉमिंगो पेरॉन,Juan Domingo Perón,mr,explicit_plus_alias:birth_name,2,alias,P1477,False,Q189290|Q372436|Q82955,Q414,manual original-corpus review,original,validation,foreign
q9513,Q9513,ए.पी.जे. अब्दुल कलाम,A. P. J. Abdul Kalam,अब्दुल कलाम,Abdul Kalam,mr,alias_observed,3,alias,alias,False,Q10497074|Q15895020|Q37226|Q49757|Q81096|Q82955|Q901,Q129286|Q1775277|Q668,manual original-corpus review,original,train,native
q9535,Q9535,शाहरुख खान,Shah Rukh Khan,किंग खान,King Khan,mr,explicit_plus_alias:pseudonym,2,alias,P742,False,Q10798782|Q10800557|Q28389|Q3282637|Q33999|Q5716684|Q578109|Q639669|Q947873,Q668,manual original-corpus review,original,validation,native
q9550,Q9550,कत्रिना कैफ,Katrina Kaif,कैटरीना रोज़मेरी टरकोट,Katrina Rosemary Turcotte,mr,explicit_plus_alias:birth_name,2,alias,P1477,False,Q10800557|Q33999|Q4610556,Q145,manual original-corpus review,original,train,foreign
q19901232,Q19901232,द्रौपदी मुर्मू,Droupadi Murmu,दुर्गी बिरञ्ची तुदू,Durgi Biranchi Tudu,mr,explicit_observed:birth_name,1,P1477,P1477,False,Q2251335|Q37226|Q82955,Q668,same-QID observed-name provenance + lexical audit,extension,,native
q17150957,Q17150957,सुमन पोखरेळ,Suman Pokharel,सुमन पोखरेल,Sumana Pokharela,mr,explicit_plus_alias:birth_name,2,P1477,alias,False,Q1028181|Q11774202|Q14467526|Q1650915|Q214917|Q3077353|Q333634|Q36180|Q4263842|Q49757|Q6673651|Q753110|Q822146,Q837,same-QID observed-name provenance + lexical audit,extension,,foreign
q218401,Q218401,रोबेर्तो सोल्दादो,Roberto Soldado,रोबेर्तो सोल्दादो रियो,Roberto Soldado Rillo,mr,explicit_plus_alias:birth_name,2,alias,P1477,False,Q937857,Q29,same-QID observed-name provenance + lexical audit,extension,,foreign
q250165,Q250165,सरोजिनी नायडू,Sarojini Naidu,सरोजिनी चटोपाध्याय,Sarojini Chattopadhyay,mr,explicit_plus_alias:birth_name,2,alias,P1477,False,Q11571698|Q30242234|Q36180|Q49757|Q82955,Q129286|Q1775277|Q668,same-QID observed-name provenance + lexical audit,extension,,native
q466623,Q466623,एल्सा बेस्को,Elsa Beskow,एल्सा मार्टमन,Elsa Maartman,mr,explicit_plus_alias:birth_name,2,alias,P1477,False,Q1028181|Q10429561|Q15296811|Q15977927|Q1925963|Q2516866|Q36180|Q483501|Q4853732|Q644687,Q34,same-QID observed-name provenance + lexical audit,extension,,foreign
q793985,Q793985,सदगुरू,Sadhguru,जग्गी वासुदेव,Jaggi Vasudev,mr,explicit_plus_alias:birth_name,2,alias,P1477,False,Q12328016|Q12362622|Q2901587|Q3578589|Q36180|Q484260,Q668,same-QID observed-name provenance + lexical audit,extension,,native
q239513,Q239513,मार्क विदुका,Mark Viduka,मार्को अँथोनी विदुका,Mark Antony Viduka,mr,explicit_plus_alias:birth_name,2,alias,P1477,False,Q937857,Q408,same-QID observed-name provenance + lexical audit,extension,,foreign
q219724,Q219724,आनाबेल मेदिना गॅरिग्वेस,Anabel Medina Garrigues,आना इसाबेल मेदिना गारिगेस,Ana Isabel Medina Garrigues,mr,explicit_plus_alias:birth_name,2,label,P1477,False,Q10833314|Q13219424,Q29,same-QID observed-name provenance + lexical audit,extension,,foreign
q164389,Q164389,विल्हेल्म ब्येर्क्नेस,Vilhelm Bjerknes,विल्हेल्म फ्रिमन कोरेन ब्येर्कनेस,Vilhelm Friman Koren Bjerknes,mr,explicit_plus_alias:birth_name,2,alias,P1477,False,Q1113838|Q12094958|Q1622272|Q169470|Q170790|Q2310145|Q901,Q20,same-QID observed-name provenance + lexical audit,extension,,foreign
q173158,Q173158,बेन किंग्स्ले,Ben Kingsley,कृष्णा पंडित भानजी,Krishna Pandit Bhanji,mr,explicit_plus_alias:birth_name,2,alias,P1477,False,Q10798782|Q10800557|Q2259451|Q33999|Q639669|Q948329,Q145,same-QID observed-name provenance + lexical audit,extension,,foreign
q380445,Q380445,शहीद आफ्रिदी,Shahid Afridi,साहिबझादा मोहम्मद शहीद खान आफ्रिदी,Sahibzada Mohammad Shahid Khan Afridi,mr,explicit_plus_alias:birth_name,2,alias,P1477,False,Q12299841,Q843,same-QID observed-name provenance + lexical audit,extension,,foreign
q191023,Q191023,डिलन थॉमस,Dilan Tomas,डिलन मार्लै थॉमस,Dylan Marlais Thomas,mr,explicit_plus_alias:birth_name,2,alias,P1477,False,Q214917|Q2526255|Q28389|Q36180|Q49757|Q639669|Q6625963|Q69423232|Q73306227|Q8178443,Q145|Q174193,same-QID observed-name provenance + lexical audit,extension,,foreign
q169846,Q169846,रुबिन्हो बॅरीकेलो,Rubinho Barrichello,रुबेन्स गोन्साल्वेस बॅरीकेलो,Rubens Gonçalves Barrichello,mr,explicit_plus_alias:birth_name,2,alias,P1477,False,Q10349745|Q10841764|Q2986228|Q947873,Q155,same-QID observed-name provenance + lexical audit,extension,,foreign
q377789,Q377789,दिलीप कुमार,Dilip Kumar,मोहम्मद युसुफ खान,Mohammed Yusuf Khan,mr,explicit_plus_alias:birth_name,2,alias,P1477,False,Q10800557|Q2526255|Q28389|Q3282637|Q33999|Q82955,Q129286|Q668,same-QID observed-name provenance + lexical audit,extension,,native
q215434,Q215434,कागिशो डिक्गाकोई,Kagisho Dikgacoi,कागिशो एव्हिडन्स डीक्गाकोइ,Kagisho Evidence Dikgacoi,mr,explicit_plus_alias:birth_name,2,alias,P1477,False,Q628099|Q937857,Q258,same-QID observed-name provenance + lexical audit,extension,,foreign
q92608,Q92608,ब्रायन केर्निघन,Brian Kernighan,ब्रायन विल्सन केर्निघन,Brian Wilson Kernighan,mr,explicit_plus_alias:birth_name,2,alias,P1477,False,Q1622272|Q36180|Q5482740|Q81096|Q82594,Q16|Q30,same-QID observed-name provenance + lexical audit,extension,,foreign
q191136,Q191136,जेम्स मिलनेर,James Milner,जेम्स फिलिप मिल्नर,James Philip Milner,mr,explicit_plus_alias:birth_name,2,alias,P1477,False,Q937857,Q145,same-QID observed-name provenance + lexical audit,extension,,foreign
q187238,Q187238,टिम काहील,Tim Cahill,टिमोथी फिलिगा काहील,Timothy Filiga Cahill,mr,explicit_plus_alias:birth_name,2,alias,P1477,False,Q28389|Q36180|Q628099|Q937857,Q408|Q683,same-QID observed-name provenance + lexical audit,extension,,foreign
q516921,Q516921,आंद्रे अयेव,Andre Ayew,आंद्रे मॉर्गन रामी अयेव,André Morgan Rami Ayew,mr,explicit_plus_alias:birth_name,2,alias,P1477,False,Q937857,Q117|Q142,same-QID observed-name provenance + lexical audit,extension,,foreign
q192712,Q192712,कै सीगबान,Kai Siegbahn,कै मान बोर्ये सीगबान,Kai Manne Börje Siegbahn,mr,explicit_plus_alias:birth_name,2,alias,P1477,False,Q1622272|Q169470,Q34,same-QID observed-name provenance + lexical audit,extension,,foreign
q80222,Q80222,जोसेफ लुई लाग्रांज,Joseph-Louis Lagrange,ज्युसेप्पे लोडोव्हिको लाग्रांजिया,Giuseppe Ludovico Lagrangia,mr,explicit_plus_alias:birth_name,2,alias,P1477,False,Q11063|Q1622272|Q169470|Q170790|Q20919317|Q3519259|Q36180|Q82955,Q142|Q165154,same-QID observed-name provenance + lexical audit,extension,,foreign
q310965,Q310965,व्हिन्स ग्रेला,Vince Grella,व्हिन्सेन्झो ग्रेला,Vincenzo Grella,mr,explicit_plus_alias:birth_name,2,alias,P1477,False,Q937857,Q408,same-QID observed-name provenance + lexical audit,extension,,foreign
q311559,Q311559,जॉशुआ केनेडी,Joshua Kennedy,जॉशुआ ब्लेक केनेडी,Joshua Blake Kennedy,mr,explicit_plus_alias:birth_name,2,alias,P1477,False,Q937857,Q408,same-QID observed-name provenance + lexical audit,extension,,foreign
q312345,Q312345,थॉमाझ बेलुची,Thomaz Bellucci,थॉमाझ कॉचियाराली बेलुची,Thomaz Cocchiarali Bellucci,mr,explicit_plus_alias:birth_name,2,alias,P1477,False,Q10833314,Q155,same-QID observed-name provenance + lexical audit,extension,,foreign
q318549,Q318549,अनेले न्ग्कोंग्का,Anele Ngcongca,कॅल्व्हिन अनेले न्ग्कोंग्का,Calvin Anele Ngcongca,mr,explicit_plus_alias:birth_name,2,alias,P1477,False,Q937857,Q258,same-QID observed-name provenance + lexical audit,extension,,foreign
q215358,Q215358,लुकास नील,Lucas Neill,लुकास एडवर्ड नील,Lucas Edward Neill,mr,explicit_plus_alias:birth_name,2,alias,P1477,False,Q937857,Q408,same-QID observed-name provenance + lexical audit,extension,,foreign
q310380,Q310380,जोनास ब्जोर्कमैन,Jonas Björkman,योनास लार्स ब्यॉर्कमन,Jonas Lars Björkman,mr,explicit_plus_alias:birth_name,2,alias,P1477,False,Q10833314,Q34,same-QID observed-name provenance + lexical audit,extension,,foreign
q321330,Q321330,माइल जेडिनाक,Mile Jedinak,मायकेल जॉन जेडिनाक,Michael John Jedinak,mr,explicit_plus_alias:birth_name,2,alias,P1477,False,Q628099|Q937857,Q408,same-QID observed-name provenance + lexical audit,extension,,foreign
q170741,Q170741,मैने सिगबान,Manne Siegbahn,कार्ल माने जॉर्ज सीगबान,Karl Manne Georg Siegbahn,mr,explicit_plus_alias:birth_name,2,alias,P1477,False,Q1622272|Q169470,Q34,same-QID observed-name provenance + lexical audit,extension,,foreign
q483846,Q483846,गोंझालो हिगुएन,Gonzalo Higuaín,गोंझालो गेरार्डो हिगुएन,Gonzalo Gerardo Higuaín,mr,explicit_plus_alias:birth_name,2,alias,P1477,False,Q937857,Q142|Q414,same-QID observed-name provenance + lexical audit,extension,,foreign
q80424,Q80424,नेली फर्टाडो,Nelly Furtado,नल्ल्य फ़र्तादो,Nelly Kim Furtado,mr,explicit_plus_alias:birth_name,2,alias,P1477,False,Q10800557|Q14915627|Q177220|Q183945|Q33999|Q36834|Q488205|Q639669|Q855091,Q16|Q45,same-QID observed-name provenance + lexical audit,extension,,foreign
q317521,Q317521,एलोन मस्क,Elon Musk,एलोन रीव मस्क,Elon Reeve Musk,mr,explicit_plus_alias:birth_name,2,alias,P1477,False,Q11481802|Q12362622|Q131524|Q133253419|Q1979607|Q205375|Q212238|Q5482740|Q557880|Q81096|Q82955,Q16|Q258|Q30,same-QID observed-name provenance + lexical audit,extension,,foreign
q464234,Q464234,वाल्डो पोंसे,Waldo Ponce,वाल्डो अलोंसो पोंसे कॅरिझो,Waldo Alonso Ponce Carrizo,mr,explicit_plus_alias:birth_name,2,alias,P1477,False,Q937857,Q298,same-QID observed-name provenance + lexical audit,extension,,foreign
q191162,Q191162,एमिल हेस्की,Emile Heskey,एमिल विल्यम आयव्हनहो हेस्की,Emile William Ivanhoe Heskey,mr,explicit_plus_alias:birth_name,2,alias,P1477,False,Q937857,Q145,same-QID observed-name provenance + lexical audit,extension,,foreign
q294419,Q294419,ब्रेट एमर्टन,Brett Emerton,ब्रेट मायकेल एमर्टन,Brett Michael Emerton,mr,explicit_plus_alias:birth_name,2,alias,P1477,False,Q937857,Q408,same-QID observed-name provenance + lexical audit,extension,,foreign
q311567,Q311567,योहान्स रिडबर्ग,Johannes Rydberg,योहान्स रॉबर्ट रिडबर्ग,Johannes Robert Rydberg,mr,explicit_plus_alias:birth_name,2,alias,P1477,False,Q1622272|Q169470|Q170790,Q34,independent semantic review override,extension,,foreign
q260794,Q260794,सनी लिओने,Sunny Leone,करनजीत कौर वोहरा,Karenjit Kaur Vohra,mr,explicit_plus_alias:birth_name,2,alias,P1477,False,Q10800557|Q17456089|Q17456111|Q2526255|Q3286043|Q43845|Q4610556|Q488111|Q5716684,Q16|Q30,independent semantic review override,extension,,foreign
q175303,Q175303,आरोन लेनन,Aaron Lennon,एरन जस्टिन लेनन,Aaron Justin Lennon,mr,explicit_plus_alias:birth_name,2,alias,P1477,False,Q937857,Q145,independent semantic review override,extension,,foreign
q204068,Q204068,पॅट्रिक राफ्टर,Patrick Rafter,पॅट्रिक मायकेल राफ्टर,Patrick Michael Rafter,mr,explicit_plus_alias:birth_name,2,alias,P1477,False,Q10833314,Q408,independent semantic review override,extension,,foreign
q172792,Q172792,डॅरेन फ्लेचर,Darren Fletcher,डॅरेन बार फ्लेचर,Darren Barr Fletcher,mr,explicit_plus_alias:birth_name,2,alias,P1477,False,Q628099|Q937857,Q145,independent semantic review override,extension,,foreign
q132596,Q132596,तारो असो,Taro Aso,असो तारो,Aso Taro,mr,alias_observed,3,alias,alias,False,Q131524|Q188094|Q193391|Q2285706|Q82955,Q17,same-QID observed-name provenance + lexical audit,extension,,foreign
q134798,Q134798,हारुकी मुराकामी,Haruki Murakami,मुराकामी हारुकी,Murakami Haruki,mr,alias_observed,3,alias,alias,False,Q11513337|Q11774202|Q12144794|Q14467526|Q15949613|Q1622272|Q18844224|Q333634|Q36180|Q6625963,Q17,same-QID observed-name provenance + lexical audit,extension,,foreign
q152325,Q152325,इसोरोकु यामामोतो,Isoroku Yamamoto,यामामोतो इसोरोकु,Yamamoto Isoroku,mr,alias_observed,3,alias,alias,False,Q132851|Q189290,Q17,same-QID observed-name provenance + lexical audit,extension,,foreign
q180446,Q180446,ली ना,Li Na,ना लि,Na Li,mr,alias_observed,3,alias,alias,False,Q10833314|Q18814623,Q148,same-QID observed-name provenance + lexical audit,extension,,foreign
q197736,Q197736,राजेन्द्र प्रसाद्,Rajendra Prasad,राजेन्द्र बाबू,Rajendra Babu,mr,alias_observed,3,alias,alias,False,Q20826540|Q36180|Q37226|Q40348|Q82955,Q129286|Q1775277|Q668,same-QID observed-name provenance + lexical audit,extension,,native
q466330,Q466330,मीरा,Mira,जसोदा,Jasoda,mr,alias_observed,3,alias,alias,False,Q12328016|Q36180|Q49757,Q668,same-QID observed-name provenance + lexical audit,extension,,native
q465826,Q465826,रेखा,Rekha,भानुरेखा गणेशन,Bhanurekha Ganesan,mr,alias_observed,3,alias,alias,False,Q10800557|Q1755412|Q33999|Q639669|Q82955,Q668,same-QID observed-name provenance + lexical audit,extension,,native
q229073,Q229073,यारोस्लावा श्वेदोवा,Yaroslava Shvedova,यारोस्लावा व्याचेस्लावोव्ना श्वेदोव्हा,Yaroslava Vyacheslavovna Shvedova,mr,alias_observed,3,alias,alias,False,Q10833314,Q159|Q232,same-QID observed-name provenance + lexical audit,extension,,foreign
q101547,Q101547,थाबो म्बेकी,Thabo Mbeki,थाबो म्वुयेल्वा म्बेकी,Thabo Mvuyelwa Mbeki,mr,alias_observed,3,alias,alias,False,Q188094|Q82955|Q83307,Q258,same-QID observed-name provenance + lexical audit,extension,,foreign
q160554,Q160554,मोहम्मद अली जिन्ना,Mohammad Ali Jinnah,मुहम्मद अली जिन्नाह,Muhammad Ali Jinnah,mr,alias_observed,3,alias,alias,False,Q30242234|Q40348|Q808967|Q82955,Q129286|Q843,same-QID observed-name provenance + lexical audit,extension,,native
q229104,Q229104,किमिको दाते,Kimiko Date,किमिको दाते-क्रुम,Kimiko Date-Krumm,mr,alias_observed,3,alias,alias,False,Q10833314|Q8246794,Q17,same-QID observed-name provenance + lexical audit,extension,,foreign
q333981,Q333981,याह्या खान,Yahya Khan,आगा मुहम्मद याह्या खान,Agha Muhammad Yahya Khan,mr,alias_observed,3,alias,alias,False,Q193391|Q47064|Q82955,Q129286|Q843,same-QID observed-name provenance + lexical audit,extension,,native
q487098,Q487098,अनास्तासिया रोदियोनोव्हा,Anastasia Rodionova,अनास्तासिया इव्हानोव्ना रोदियोनोव्हा,Anastasia Ivanovna Rodionova,mr,alias_observed,3,alias,alias,False,Q10833314,Q159|Q408,same-QID observed-name provenance + lexical audit,extension,,foreign
q3695020,Q3695020,अमानत अली खान,Amanat Ali Khan,उस्ताद अमानत अली खान,Ustad Amanat Ali Khan,mr,alias_observed,3,alias,alias,False,Q177220,Q129286|Q1775277|Q668|Q843,same-QID observed-name provenance + lexical audit,extension,,native
q3528474,Q3528474,अजित कोसला कुरुप्पुअराच्ची,Ajith Kosala Kuruppuarachchi,कोसला कुरुप्पुअराच्छी,Kosala Kuruppuarachchi,mr,alias_observed,3,alias,label,False,Q12299841,Q854,same-QID observed-name provenance + lexical audit,extension,,foreign
q230571,Q230571,व्हेरा दुशेविना,Vera Dushevina,व्हेरा येवगेन्येव्ना दूशेव्हिना,Vera Yevgenyevna Dushevina,mr,alias_observed,3,alias,alias,False,Q10833314,Q159,same-QID observed-name provenance + lexical audit,extension,,foreign
q313051,Q313051,डेनिस कोलोदिन,Denis Kolodin,डेनिस अलेक्सेयेविच कोलोदिन,Denis Alekseyevich Kolodin,mr,alias_observed,3,alias,alias,False,Q628099|Q937857,Q159,same-QID observed-name provenance + lexical audit,extension,,foreign
q318481,Q318481,अपोलिनारियो माबिनी,Apolinario Mabini,अपोलिनारियो माबिनी इ मारानान,Apolinario Mabini y Maranan,mr,alias_observed,3,alias,alias,False,Q16533|Q18814623|Q1930187|Q193391|Q82955,Q928,same-QID observed-name provenance + lexical audit,extension,,foreign
q298547,Q298547,मुकेश अंबानी,Mukesh Ambani,मुकेश धीरूभाई अंबानी,Mukesh Dhirubhai Ambani,mr,alias_observed,3,alias,alias,False,Q131524|Q43845|Q627325,Q668,same-QID observed-name provenance + lexical audit,extension,,native
q469818,Q469818,उदित नारायण,Udit Narayan,उदित नारायण झा,Udit Narayan Jha,mr,alias_observed,3,alias,label,False,Q10800557|Q1755412|Q177220|Q3282637|Q55960555|Q639669|Q947873,Q668|Q837,same-QID observed-name provenance + lexical audit,extension,,native
q1170634,Q1170634,अमिनुल इस्लाम,Aminul Islam,मोहम्मद अमिनुल इस्लाम,Mohammad Aminul Islam,mr,alias_observed,3,alias,alias,False,Q12299841,Q843|Q902,same-QID observed-name provenance + lexical audit,extension,,foreign
q1187662,Q1187662,महमुदुल्लाह,Mahmudullah,मोहम्मद महमुदुल्लाह,Mohammad Mahmudullah,mr,alias_observed,3,alias,alias,False,Q12299841,Q902,same-QID observed-name provenance + lexical audit,extension,,foreign
q441417,Q441417,रोमन अदामोव,Roman Adamov,रोमन स्टानिस्लावोविच अदामोव,Roman Stanislavovich Adamov,mr,alias_observed,3,alias,alias,False,Q628099|Q937857,Q159,same-QID observed-name provenance + lexical audit,extension,,foreign
q3531326,Q3531326,अतुल समरसेकरा,Athula Samarasekera,मैटीपागे अतुल रोहित समरसेकरा,Maitipage Athula Rohitha Samarasekera,mr,alias_observed,3,alias,alias,False,Q12299841,Q854,same-QID observed-name provenance + lexical audit,extension,,foreign
q5769763,Q5769763,हिरेन वरैया,Hiren Varaiya,हिरेन अशोक वरैया,Hiren Ashok Varaiya,mr,alias_observed,3,alias,alias,False,Q12299841,Q114,same-QID observed-name provenance + lexical audit,extension,,foreign
q202006,Q202006,ओलुसेगुन ओबासान्जो,Olesegun Obasanjo,ओलुसेगुन ओबासांजो,Olusegun Obasanjo,mr,alias_observed,3,alias,label,False,Q47064|Q81096|Q82955,Q1033,same-QID observed-name provenance + lexical audit,extension,,foreign
q3522442,Q3522442,अनुरा रणसिंघे,Anura Ranasinghe,अनुरा नंदन रणसिंघे,Anura Nandana Ranasinghe,mr,alias_observed,3,alias,alias,False,Q12299841,Q854,same-QID observed-name provenance + lexical audit,extension,,foreign
q3529872,Q3529872,चामर कपुगेडेरा,Chamara Kapugedera,चामर कांत कपुगेडेरा,Chamara Kantha Kapugedera,mr,alias_observed,3,alias,alias,False,Q12299841,Q854,same-QID observed-name provenance + lexical audit,extension,,foreign
q214891,Q214891,बोंगानी खुमालो,Bongani Khumalo,बोंगानी सांडिले खुमालो,Bongani Sandile Khumalo,mr,alias_observed,3,alias,alias,False,Q937857,Q258,same-QID observed-name provenance + lexical audit,extension,,foreign
q7710745,Q7710745,तरंगा परानविताना,Tharanga Paranavitana,निषाद तरंगा परानविताना,Nishad Tharanga Paranavitana,mr,alias_observed,3,alias,alias,False,Q12299841,Q854,same-QID observed-name provenance + lexical audit,extension,,foreign
q316388,Q316388,हान्स सार्पी,Hans Sarpei,हान्स अडु सार्पी,Hans Adu Sarpei,mr,alias_observed,3,alias,alias,False,Q15978655|Q628099|Q937857|Q947873,Q117,same-QID observed-name provenance + lexical audit,extension,,foreign
q231974,Q231974,काटेरिना वोलोद्को,Yekaterina Volodko,कॅटेरिना बोन्डारेन्को,Yekaterina Bondarenko,mr,alias_observed,3,alias,alias,False,Q10833314,Q15180|Q212,same-QID observed-name provenance + lexical audit,extension,,foreign
q233231,Q233231,एलेना लिखोव्त्सेवा,Elena Likhovtseva,एलेना अलेक्झांड्रोव्ना लिखोव्त्सेवा,Yelena Aleksandrovna Likhovtseva,mr,alias_observed,3,alias,alias,False,Q10833314,Q15180|Q159|Q232,same-QID observed-name provenance + lexical audit,extension,,foreign
q315706,Q315706,टेको मोडिसे,Teko Modise,टेको त्शोलोफेलो मोडिसे,Teko Tsholofelo Modise,mr,alias_observed,3,alias,alias,False,Q937857,Q258,same-QID observed-name provenance + lexical audit,extension,,foreign
q448360,Q448360,पुसारला वेन्कता सिंधू,Pusarla Venkata Sindhu,सिंधु पुसर्ला वेंकटा,Sindhu Pusarla Venkata,mr,alias_observed,3,alias,alias,False,Q13141064|Q58825429,Q668,same-QID observed-name provenance + lexical audit,extension,,native
q57441,Q57441,रामवरण यादव,Ramvaran Yadav,राम बरन यादव,Ram Baran Yadav,mr,alias_observed,3,alias,label,False,Q82955,Q837,same-QID observed-name provenance + lexical audit,extension,,foreign
q3349946,Q3349946,राजिन सालेह,Rajin Saleh,खोंडोकर मोहम्मद राजिन सालेह आलम,Khondokar Mohammad Rajin Saleh Alam,mr,alias_observed,3,alias,alias,False,Q12299841,Q902,same-QID observed-name provenance + lexical audit,extension,,foreign
q2724503,Q2724503,तिलकरत्ने दिलशान,Tillakaratne Dilshan,तिलकरत्ने मुदियासेलागे दिलशान,Tillakaratne Mudiyanselage Dilshan,mr,alias_observed,3,alias,alias,False,Q12299841,Q833|Q854,same-QID observed-name provenance + lexical audit,extension,,foreign
q102664,Q102664,मिखाइल ताल,Mikhail Tal,मिखाइल नेखेमियेविच ताल,Mikhail Nekhemievich Tal,mr,alias_observed,3,alias,alias,False,Q105269|Q10873124|Q1930187|Q2627699|Q36180,Q15180|Q211,same-QID observed-name provenance + lexical audit,extension,,foreign
q868653,Q868653,लारीसा सदारंगाणी,Larisa Sadarangani,लारीसा किशोर सदारंगाणी,Larisa Kishore Sadarangani,mr,alias_observed,3,alias,alias,False,Q13141064,Q664|Q668,same-QID observed-name provenance + lexical audit,extension,,native
q47854,Q47854,प्रतिभा देवीसिंह पाटील,Pratibha Devisingh Patil,प्रतिभा पाटील,Pratibha Patil,mr,alias_observed,3,alias,label,False,Q40348|Q82955,Q129286|Q1775277|Q668,same-QID observed-name provenance + lexical audit,extension,,native
q2312779,Q2312779,लसिथ मलिंगा,Lasith Malinga,सेपारामाडु लसिथ मलिंगा,Separamadu Lasith Malinga,mr,alias_observed,3,alias,alias,False,Q12299841,Q854,same-QID observed-name provenance + lexical audit,extension,,foreign
q290438,Q290438,लारा दत्ता,Lara Dutta,लारा दत्ता भूपती,Lara Dutta Bhupathi,mr,alias_observed,3,alias,alias,False,Q10800557|Q18581305|Q33999|Q4610556,Q668,same-QID observed-name provenance + lexical audit,extension,,native
q3529082,Q3529082,हरुनुर रशीद,Harunur Rashid,मोहम्मद हरुनुर रशीद,Mohammad Harunur Rashid,mr,alias_observed,3,alias,alias,False,Q12299841,Q843|Q902,same-QID observed-name provenance + lexical audit,extension,,foreign
q2484404,Q2484404,युव्हाल नोआ हरारी,Yuval Noah Harari,युवाल नोआ हरारी,Yuval N. Harari,mr,alias_observed,3,alias,alias,False,Q112972705|Q1493121|Q1622272|Q201788|Q3332711|Q36180|Q4964182,Q801,same-QID observed-name provenance + lexical audit,extension,,foreign
q234898,Q234898,ए सी भक्तिवेदान्त स्वामी प्रभुपाद,A. C. Bhaktivedanta Swami Prabhupada,श्रील प्रभुपाद,Srila Prabhupada,mr,alias_observed,3,alias,alias,False,Q333634|Q36180|Q4964182,Q129286|Q1775277|Q668,same-QID observed-name provenance + lexical audit,extension,,native
q83557,Q83557,निकोलाय बासोव्ह,Nikolay Basov,निकोलाय गेनाडीयेविच बासोव्ह,Nikolay Gennadiyevich Basov,mr,alias_observed,3,alias,alias,False,Q1622272|Q169470|Q205375|Q82955,Q15180|Q159|Q2305208,same-QID observed-name provenance + lexical audit,extension,,foreign
q487182,Q487182,अनास्तासिया पाव्ल्युचेन्कोवा,Nastia Pavlyuchenkova,अनास्तासिया पाव्ल्युचेंकोवा,Anastasia Pavlyuchenkova,mr,alias_observed,3,alias,label,False,Q10833314,Q159,same-QID observed-name provenance + lexical audit,extension,,foreign
q188128,Q188128,अलेक्सेइ अलेक्सेयेविच अब्रिकोसोव्ह,Aleksey Alekseyevich Abrikosov,अलेक्सेइ अब्रिकोसोव्ह,Aleksey Abrikosov,mr,alias_observed,3,alias,alias,False,Q1622272|Q169470,Q15180|Q159|Q30,same-QID observed-name provenance + lexical audit,extension,,foreign
q1029664,Q1029664,दिनारा साफिना,Dinara Safina,दिनारा मिखाइलोव्ना साफिना,Dinara Mikhailovna Safina,mr,alias_observed,3,alias,alias,False,Q10833314,Q15180|Q159,same-QID observed-name provenance + lexical audit,extension,,foreign
q3527616,Q3527616,सूरज रणदिव,Suraj Randiv,हेवा कलुहपलमुल्लगे सूरज रणदिव कलुहलमुल्ला,Hewa Kaluhalamullage Suraj Randiv Kaluhalamulla,mr,alias_observed,3,alias,alias,False,Q12299841,Q854,same-QID observed-name provenance + lexical audit,extension,,foreign
q4734856,Q4734856,अल्पेश वाधेर,Alpesh Vadher,अल्पेश वल्लभदास वाधेर,Alpesh Vallabhdas Vadher,mr,alias_observed,3,alias,alias,False,Q12299841,Q114,same-QID observed-name provenance + lexical audit,extension,,foreign
q3523679,Q3523679,उपुल थरंगा,Upul Tharanga,वारूशविथाना उपुल थरंगा,Warushavithana Upul Tharanga,mr,alias_observed,3,alias,alias,False,Q12299841,Q854,same-QID observed-name provenance + lexical audit,extension,,foreign
q3531320,Q3531320,चंडिका हथुरुसिंघा,Chandika Hathurusingha,उपुल चंडिका हथुरुसिंघा,Upul Chandika Hathurusingha,mr,alias_observed,3,alias,alias,False,Q12299841,Q854,same-QID observed-name provenance + lexical audit,extension,,foreign
q39444,Q39444,रोनाल्डीन्हो,Ronaldinho,रोनाल्डो डि एसिस मोरेरा,Ronaldo de Assis Moreira,mr,alias_observed,3,alias,alias,False,Q18515558|Q2066131|Q36180|Q639669|Q82955|Q937857,Q155|Q29,same-QID observed-name provenance + lexical audit,extension,,foreign
q178865,Q178865,मिखाइल बोट्विनिक,Mikhail Botvinnik,मिखाइल मॉइसेयेविच बोट्विनिक,Mikhail Moiseyevich Botvinnik,mr,alias_observed,3,alias,alias,False,Q105269|Q10873124|Q1326886|Q2106721|Q2627699|Q36180|Q81096,Q15180|Q159,same-QID observed-name provenance + lexical audit,extension,,foreign
q131120,Q131120,अ‍ॅना कुर्निकोव्हा,Anna Kournikova,ऍना सर्गेयेव्ना कुर्निकोव्हा,Anna Sergeyevna Kournikova,mr,alias_observed,3,alias,alias,False,Q10833314|Q2066131|Q4610556|Q512314,Q159|Q30,same-QID observed-name provenance + lexical audit,extension,,foreign
q3532499,Q3532499,मलिंदा वर्णपुरा,Malinda Warnapura,बसनायके शलित मलिंदा वर्णपुरा,Basnayake Shalith Malinda Warnapura,mr,alias_observed,3,alias,alias,False,Q12299841,Q854,same-QID observed-name provenance + lexical audit,extension,,foreign
q4967983,Q4967983,ब्रिजल पटेल,Brijal Patel,ब्रिजल जगदीश पटेल,Brijal Jagdish Patel,mr,alias_observed,3,alias,alias,False,Q12299841,Q114,same-QID observed-name provenance + lexical audit,extension,,foreign
q42398,Q42398,मिखाईल शोलोखोव,Mikhail Sholokhov,मिखाईल अलेकसांद्रोविच शोलोखोव,Mikhail Aleksandrovich Sholokhov,mr,alias_observed,3,alias,alias,False,Q12144794|Q15949613|Q1930187|Q28389|Q36180|Q49757|Q6625963|Q82955,Q15180|Q34266,same-QID observed-name provenance + lexical audit,extension,,foreign
q7375924,Q7375924,रूबेल होसेन,Rubel Hossen,मोहम्मद रुबेल होस्सैन,Mohammad Rubel Hossain,mr,alias_observed,3,alias,alias,False,Q12299841,Q902,same-QID observed-name provenance + lexical audit,extension,,foreign
q3528235,Q3528235,अनिल दलपत,Anil Dalpat,अनिल दलपत सोनावरिया,Anil Dalpat Sonavaria,mr,alias_observed,3,alias,alias,False,Q12299841,Q843,same-QID observed-name provenance + lexical audit,extension,,foreign
q12140927,Q12140927,परास्का प्लिट्का-होरिट्सविट,Paraska Plytka-Horytsvit,परस्का प्लाइत्का,Paraska Plytka,mr,alias_observed,3,alias,alias,False,Q1028181|Q1371378|Q33231|Q36180|Q49757,Q15180|Q207272|Q212,same-QID observed-name provenance + lexical audit,extension,,foreign
q319491,Q319491,शाहिद कपूर,Shahid Kapur,शाहिद खत्तर,Shahid Khattar,mr,alias_observed,3,alias,alias,False,Q10800557|Q33999|Q4610556|Q5716684,Q668,same-QID observed-name provenance + lexical audit,extension,,native
q296188,Q296188,इगोर सेम्शोव,Igor Semshov,इगोर पेत्रोविच सेम्शोव,Igor Petrovich Semshov,mr,alias_observed,3,alias,alias,False,Q628099|Q937857,Q159,same-QID observed-name provenance + lexical audit,extension,,foreign
q136289912,Q136289912,सुदान,Sudan,सुदन गुरुङ,Sudan Gurung,mr,alias_observed,3,alias,label,False,Q130857|Q131524|Q82955|Q8359428,Q837,same-QID observed-name provenance + lexical audit,extension,,foreign
q196617,Q196617,मौलाना अबुल कलाम आजाद,Maulana Abul Kalam Azad,मौलाना आजाद,Maulana Azad,mr,alias_observed,3,alias,alias,False,Q124634459|Q15982858|Q1930187|Q2248623|Q30242234|Q36180|Q6090396|Q82955,Q129286|Q1775277|Q668,same-QID observed-name provenance + lexical audit,extension,,native
q38393,Q38393,आशा भोसले,Asha Bhosle,आशा भोंषले,Asha Bhonsale,mr,alias_observed,3,alias,alias,False,Q10800557|Q1755412|Q177220|Q33999|Q36834|Q639669|Q855091,Q129286|Q1775277|Q668,same-QID observed-name provenance + lexical audit,extension,,native
q48283,Q48283,युलिया तिमोशेन्को,Yulia Tymoshenko,युलिआ वोलोदिमिरिव्ना तिमोशेन्को,Yulia Volodymyrivna Tymoshenko,mr,alias_observed,3,alias,alias,False,Q131524|Q188094|Q82955,Q15180|Q212,same-QID observed-name provenance + lexical audit,extension,,foreign
q3531286,Q3531286,प्रसन्ना जयवर्दने,Prasanna Jayawardene,हेवासांदात्चिगे असिरी प्रसन्ना विश्वनाथ जयवर्दने,Hewasandatchige Asiri Prasanna Wishvanath Jayawardene,mr,alias_observed,3,alias,alias,False,Q12299841,Q854,same-QID observed-name provenance + lexical audit,extension,,foreign
q233289,Q233289,अटल बिहारी वाजपयी,Atal Bihari Vajpayee,अटल,Atal,mr,alias_observed,3,alias,alias,False,Q1930187|Q36180|Q49757|Q82955,Q129286|Q1775277|Q668,same-QID observed-name provenance + lexical audit,extension,,native
q315674,Q315674,एगिदियो अरेवालो,Egidio Arevalo,एगिदियो अरेवालो रियोस,Egidio Arévalo Rios,mr,alias_observed,3,alias,label,False,Q937857,Q77|Q96,same-QID observed-name provenance + lexical audit,extension,,foreign
q3528375,Q3528375,जहांगीर आलम तालुकदार,Jahangir Alam Talukdar,मोहम्मद जहांगीर आलम तालुकदार,Mohammad Jahangir Alam Talukdar,mr,alias_observed,3,alias,alias,False,Q12299841,Q843|Q902,same-QID observed-name provenance + lexical audit,extension,,foreign
q737645,Q737645,कुमार चोक्षनादा संघकारा,Kumar Chokshanada Sangakkara,कुमार संगक्कारा,Kumar Sangakkara,mr,alias_observed,3,alias,label,False,Q12299841,Q854,same-QID observed-name provenance + lexical audit,extension,,foreign
q3523393,Q3523393,दिमित्री मस्कारेन्हास,Dimitri Mascarenhas,एड्रियन डीमित्री मास्कारेन्हास,Adrian Dimitri Mascarenhas,mr,alias_observed,3,alias,alias,False,Q12299841,Q664,same-QID observed-name provenance + lexical audit,extension,,foreign
q192064,Q192064,स्वेतलाना अलेक्झांद्रोव्ना कुझ्नेत्सोवा,Svetlana Aleksandrovna Kuznetsova,स्वेत्लाना कुझ्नेत्सोवा,Svetlana Kuznetsova,mr,alias_observed,3,alias,label,False,Q10833314,Q159,same-QID observed-name provenance + lexical audit,extension,,foreign
q3529840,Q3529840,हेमंता बोटेजु,Hemantha Boteju,जयवर्दने वेलतंत्रिगे हेमंता देवप्रिय बोटेजु,Jayawardene Welathanthrige Hemantha Devapriya Boteju,mr,alias_observed,3,alias,alias,False,Q12299841,Q854,same-QID observed-name provenance + lexical audit,extension,,foreign
q3529650,Q3529650,प्रमोद्य विक्रमसिंगे,Pramodya Wickramasinghe,गल्लगे प्रमोद्य विक्रमसिंगे,Gallage Pramodya Wickramasinghe,mr,alias_observed,3,alias,alias,False,Q12299841,Q854,same-QID observed-name provenance + lexical audit,extension,,foreign
q3381745,Q3381745,सुहरावदी शुवो,Suhrawadi Shuvo,मोहम्मद सुहरावदी शुवो,Mohammad Suhrawadi Shuvo,mr,alias_observed,3,alias,alias,False,Q12299841,Q902,same-QID observed-name provenance + lexical audit,extension,,foreign
q46602,Q46602,इव्हान बुनिन,Ivan Bunin,इव्हान अलेक्सेयेविच बुनिन,Ivan Alekseyevich Bunin,mr,alias_observed,3,alias,alias,False,Q115784320|Q12144794|Q214917|Q333634|Q36180|Q49757,Q142|Q34266,same-QID observed-name provenance + lexical audit,extension,,foreign
q1397496,Q1397496,ओरेस्ट ख्वोल्सन,Orest Khvolson,ओरेस्ट दानिलोविच ख्वोल्सन,Orest Danilovich Khvolson,mr,alias_observed,3,alias,alias,False,Q169470|Q2310145|Q752129,Q15180|Q34266,same-QID observed-name provenance + lexical audit,extension,,foreign
q315633,Q315633,कार्लोस सलिनास,Carlos Salinas,कार्लोस सलिनास दि गोर्तारी,Carlos Salinas de Gortari,mr,alias_observed,3,alias,label,False,Q188094|Q82955,Q29|Q96,same-QID observed-name provenance + lexical audit,extension,,foreign
q312557,Q312557,वराहगिरी वेंकट गिरी,Varahagiri Venkata Giri,वी. वी. गिरी,V. V. Giri,mr,alias_observed,3,alias,label,False,Q15627169|Q36180|Q82955,Q129286|Q1775277|Q668,same-QID observed-name provenance + lexical audit,extension,,native
q3345562,Q3345562,मोइन खान,Moin Khan,मोहम्मद मोइन खान,Muhammad Moin Khan,mr,alias_observed,3,alias,alias,False,Q12299841,Q843,same-QID observed-name provenance + lexical audit,extension,,foreign
q34105,Q34105,होस्नी मुबारक,Hosni Mubarak,मोहम्मद होस्नी मुबारक,Mohammed Hosni Mobarak,mr,alias_observed,3,alias,alias,False,Q189290|Q2095549|Q30461|Q42178|Q47064|Q82955,Q124943|Q170468|Q3087763|Q79,same-QID observed-name provenance + lexical audit,extension,,foreign
q3529612,Q3529612,चनका वेलेगेदारा,Chanaka Welegedara,उदा वलाव्वे महिम बंदरलगे चनका असांका वेलेगेदारा,Uda Walawwe Mahim Bandaralage Chanaka Asanka Welegedara,mr,alias_observed,3,alias,alias,False,Q12299841,Q854,same-QID observed-name provenance + lexical audit,extension,,foreign
q3529726,Q3529726,अशोका डी सिल्वा,Asoka de Silva,एल्लावलकंकणनमगे अशोका रणजित डी सिल्वा,Ellawalakankanamge Asoka Ranjit De Silva,mr,alias_observed,3,alias,alias,False,Q12299841|Q2143894,Q854,same-QID observed-name provenance + lexical audit,extension,,foreign
q48544,Q48544,कोसिमो दे मेदिची,Cosimo de' Medici,कोसिमो दि जियोव्हानी दे मेदिची,Cosimo di Giovanni de' Medici,mr,alias_observed,3,alias,alias,False,Q15472169|Q193391|Q806798|Q82955,Q2044,same-QID observed-name provenance + lexical audit,extension,,foreign
q3610406,Q3610406,रोशन गुणरत्ने,Roshan Guneratne,रोशन पुण्यजित विजेसिंघे गुणरत्ने,Roshan Punyajith Wijesinghe Guneratne,mr,alias_observed,3,alias,alias,False,Q12299841,Q854,same-QID observed-name provenance + lexical audit,extension,,foreign
q156844,Q156844,गेतुलियो व्हार्गास,Getulio Vargas,गेतुलियो दोर्नेलेस व्हार्गास,Getúlio Dornelles Vargas,mr,alias_observed,3,alias,alias,False,Q40348|Q82955,Q155,same-QID observed-name provenance + lexical audit,extension,,foreign
q185085,Q185085,मिगेल दि उनामुनो,Miguel de Unamuno,मिगेल दि उनामुनो इ युगो,Miguel de Unamuno y Jugo,mr,alias_observed,3,alias,alias,False,Q11774202|Q1622272|Q214917|Q36180|Q4263842|Q4964182|Q49757|Q6625963|Q82955,Q29,same-QID observed-name provenance + lexical audit,extension,,foreign
q273866,Q273866,अबोलहसन बनीसद्र,Abolhassan Banisadr,अबोल हस्सन बानि-सादर,Abul-Hassan Bani-Sadr,mr,alias_observed,3,alias,alias,False,Q11774202|Q188094|Q1930187|Q3155377|Q36180|Q82955,Q107258515|Q794,same-QID observed-name provenance + lexical audit,extension,,foreign
q3530628,Q3530628,दिनुशा फर्नान्डो,Dinusha Fernando,कंदना अराच्चिगे दिनुशा मनोज फर्नान्डो,Kandana Arachchige Dinusha Manoj Fernando,mr,alias_observed,3,alias,alias,False,Q12299841,Q854,same-QID observed-name provenance + lexical audit,extension,,foreign
q3531144,Q3531144,डेविड ओबुया,David Obuya,डेविड ओलुओच ओबुया,David Oluoch Obuya,mr,alias_observed,3,alias,alias,False,Q12299841,Q114,same-QID observed-name provenance + lexical audit,extension,,foreign
q235454,Q235454,के.आर. नारायणन,K. R. Narayanan,कोचेरिल रमण नारायणन,Kocheril Raman Narayanan,mr,alias_observed,3,alias,alias,False,Q193391|Q82955,Q129286|Q1775277|Q668,same-QID observed-name provenance + lexical audit,extension,,native
q232451,Q232451,माधुरी दीक्षित,Madhuri Dixit,माधुरी दीक्षित नेने,Madhuri Dixit Nene,mr,alias_observed,3,alias,alias,False,Q10800557|Q33999|Q5716684,Q668,same-QID observed-name provenance + lexical audit,extension,,native
q1316,Q1316,सद्दाम हुसेन,Saddam Hussein,सद्दाम हुसैन अब्द अल-माजिद अल-तिक्रिती,Saddam Hussein Abd al-Majid al-Tikriti,mr,alias_observed,3,alias,alias,False,Q125804073|Q36180|Q47064|Q6625963|Q82955,Q149805|Q3041595|Q3108185|Q796,same-QID observed-name provenance + lexical audit,extension,,foreign
q6481681,Q6481681,लमेक ओन्यंगो,Lameck Onyango,लमेक ओन्यंगो न्गोचे,Lameck Onyango Ngoche,mr,alias_observed,3,alias,alias,False,Q12299841,Q114,same-QID observed-name provenance + lexical audit,extension,,foreign
q270691,Q270691,श्रीदेवी,Sridevi,श्रीदेवी कपूर,Sridevi Kapoor,mr,alias_observed,3,alias,alias,False,Q10800557|Q13235160|Q3282637|Q33999,Q668,same-QID observed-name provenance + lexical audit,extension,,native
q3530582,Q3530582,रोहन जयसेकरा,Rohan Jayasekera,रोहन स्टॅन्ली अमरसिरिवर्दने जयसेकरा,Rohan Stanley Amarasiriwardene Jayasekera,mr,alias_observed,3,alias,alias,False,Q12299841,Q16|Q854,same-QID observed-name provenance + lexical audit,extension,,foreign
q87075035,Q87075035,अण्णा बोरिसिव्हाना शरिहिना,Anna Borysivna Sharyhina,अण्णा शरिहिना,Anna Sharyhina,mr,alias_observed,3,alias,label,False,Q19509201,Q212,same-QID observed-name provenance + lexical audit,extension,,foreign
q8867,Q8867,गे औलेंती,Gae Aulenti,गेताना औलेंती,Gaetana Aulenti,mr,alias_observed,3,alias,alias,False,Q11455387|Q11613590|Q1323191|Q2133309|Q2707485|Q42973|Q5322166,Q172579|Q38,same-QID observed-name provenance + lexical audit,extension,,foreign
q30876,Q30876,यश चोप्रा,Yash Chopra,यश राज चोप्रा,Yash Raj Chopra,mr,alias_observed,3,alias,alias,False,Q2526255|Q28389|Q3282637|Q3455803,Q129286|Q1775277|Q668,same-QID observed-name provenance + lexical audit,extension,,native
q230874,Q230874,अण्णा हजारे,Anna Hazare,किसन बाबुराव हजारे,Kisan Baburao Hazare,mr,alias_observed,3,alias,alias,False,Q1476215|Q16611574|Q2306091|Q3242115|Q3578589,Q129286|Q1775277|Q668,same-QID observed-name provenance + lexical audit,extension,,native
q1232736,Q1232736,दिमित्री व्हिक्टोरोविच अनोसोव्ह,Dmitri Victorovich Anosov,दिमित्री अनोसोव्ह,Dmitri Anosov,mr,alias_observed,3,alias,label,False,Q170790,Q15180|Q159,same-QID observed-name provenance + lexical audit,extension,,foreign
q148109,Q148109,सुब्रह्मण्यन् चन्द्रशेखर,Subrahmanyan Chandrasekhar,चंद्रशेखर सुब्रमण्यम,Chandrasekhar Subrahmanyan,mr,alias_observed,3,alias,alias,False,Q11063|Q1622272|Q169470|Q170790|Q752129,Q129286|Q30|Q668,same-QID observed-name provenance + lexical audit,extension,,native
q3345604,Q3345604,अक्रम खान,Akram Khan,मोहम्मद अक्रम हुसेन खान,Mohammad Akram Hussain Khan,mr,alias_observed,3,alias,alias,False,Q12299841,Q843|Q902,same-QID observed-name provenance + lexical audit,extension,,foreign
q439635,Q439635,अब्दुल रहिम अयेव,Abdul Rahim Ayew,अब्दुल इब्राहिम अयेव,Abdul Ibrahim Ayew,mr,alias_observed,3,alias,alias,False,Q937857,Q117,same-QID observed-name provenance + lexical audit,extension,,foreign
q231690,Q231690,डॉ.बाबासाहेब आंबेडकर,Dr. Babasaheb Ambedkar,बाबासाहेब,Babasaheb,mr,alias_observed,3,alias,alias,False,Q1021386|Q1028181|Q10429346|Q11774202|Q121594|Q1234713|Q1238570|Q12859263|Q1476215|Q15958642|Q16323111|Q16611574|Q17351648|Q185351|Q188094|Q18814623|Q1930187|Q201788|Q22336956|Q2306091|Q28692502|Q30242234|Q3242115|Q36180|Q40348|Q4773904|Q4964182|Q63676514|Q64711780|Q77844028|Q808967|Q82955,Q129286|Q1775277|Q668,same-QID observed-name provenance + lexical audit,extension,,native
q3530532,Q3530532,निरोशन बंदरतिलके,Niroshan Bandaratilleke,मापा रल्ललगे चंडिमा निरोशन बंदरतिलके,Mapa Rallalage Chandima Niroshan Bandaratilleke,mr,alias_observed,3,alias,alias,False,Q12299841,Q854,same-QID observed-name provenance + lexical audit,extension,,foreign
q3529603,Q3529603,ब्रेन्डन कुरुप्पु,Brendon Kuruppu,डॉन शारदा ब्रेन्डन प्रियंता कुरुप्पु,Don Sardha Brendon Priyantha Kuruppu,mr,alias_observed,3,alias,alias,False,Q12299841,Q854,same-QID observed-name provenance + lexical audit,extension,,foreign
q3520028,Q3520028,उपुल चंदना,Upul Chandana,उमागिलिया दुरागे उपुल चंदना,Umagiliya Durage Upul Chandana,mr,alias_observed,3,alias,alias,False,Q12299841,Q854,same-QID observed-name provenance + lexical audit,extension,,foreign
q330970,Q330970,अनुष्का शेट्टी,Anushka Shetty,अनुष्का,Anushka,mr,alias_observed,3,alias,alias,False,Q33999|Q4610556,Q668,same-QID observed-name provenance + lexical audit,extension,,native
q8597,Q8597,अकबर,Akbar,जलाल-उद-दीन मुहम्मद अकबर,Jalal-ud-Din Muhammad Akbar,mr,alias_observed,3,alias,alias,False,Q116,,same-QID observed-name provenance + lexical audit,extension,,foreign
q3531610,Q3531610,कोलिन्स ओबुया,Collins Obuya,कॉलिन्स ओमोन्डी ओबुया,Collins Omondi Obuya,mr,alias_observed,3,alias,alias,False,Q12299841,Q114,same-QID observed-name provenance + lexical audit,extension,,foreign
q111772343,Q111772343,बालेन शाह,Balen Shah,बालेंद्र शाह,Balendra Shah,mr,alias_observed,3,alias,label,False,Q2252262|Q2305987|Q82955,Q837,same-QID observed-name provenance + lexical audit,extension,,foreign
q162708,Q162708,ज्याँ-बेडेल बोकासा,Jean-Bedel Bokassa,सलाह एद्दिन अहमद बोकासा,Salah Eddine Ahmed Bokassa,mr,alias_observed,3,alias,alias,False,Q189290|Q2159907|Q2304859|Q82955,Q142|Q189988|Q929,same-QID observed-name provenance + lexical audit,extension,,foreign
q202054,Q202054,कैसुके होंडा,Keisuke Honda,होंडा कैसुके,Honda Keisuke,mr,alias_observed,3,alias,alias,False,Q1366909|Q628099|Q937857,Q17,same-QID observed-name provenance + lexical audit,extension,,foreign
q298448,Q298448,गोखन इनलेर,Gokhan Inler,गोखन इन्लेर,Gökhan İnler,mr,alias_observed,3,alias,label,False,Q937857,Q39|Q43,same-QID observed-name provenance + lexical audit,extension,,foreign
q299542,Q299542,डेरेक बोआटेंग,Derek Boateng,डेरेक ओवुसु बोआटेंग,Derek Owusu Boateng,mr,alias_observed,3,alias,alias,False,Q937857,Q117,same-QID observed-name provenance + lexical audit,extension,,foreign
q315579,Q315579,कैफु तोशिकी,Kaifu Toshiki,तोशिकी कैफु,Toshiki Kaifu,mr,alias_observed,3,alias,label,False,Q82955,Q17,same-QID observed-name provenance + lexical audit,extension,,foreign
q333443,Q333443,अमरीश पुरी,Amrish Puri,अमरीश पूरी,Amrishlal Puri,mr,alias_observed,3,alias,alias,False,Q10800557|Q2259451|Q33999,Q129286|Q1775277|Q668,same-QID observed-name provenance + lexical audit,extension,,native
q46896,Q46896,झ्लाटन इब्राहिमोविच,Zlatan Ibrahimovic,ज्लाटन इब्रहिमोविक,Zlatan Ibrahimović,mr,alias_observed,3,alias,label,False,Q33999|Q937857,Q34,same-QID observed-name provenance + lexical audit,extension,,foreign
q55780,Q55780,समर्थ रामदास स्वामी,Samarth Ramdas Swami,रामदास स्वामी,Ramdas Swami,mr,alias_observed,3,alias,alias,False,Q36180|Q49757,,same-QID observed-name provenance + lexical audit,extension,,foreign
q735128,Q735128,हाशिम अमला,Hashim Amla,हाशिम महोमद अमला,Hashim Mahomed Amla,mr,alias_observed,3,alias,alias,False,Q12299841,Q258,same-QID observed-name provenance + lexical audit,extension,,foreign
q3530730,Q3530730,तिलिन कंदंबी,Thilina Kandamby,सहान हेवा तिलिन कंदंबी,Sahan Hewa Thilina Kandambi,mr,alias_observed,3,alias,alias,False,Q12299841,Q854,same-QID observed-name provenance + lexical audit,extension,,foreign
q560267,Q560267,आना चक्वेताद्झे,Anna Chakvetadze,आना जाम्बुलिलोव्ना चक्वेताद्झे,Anna Djambuliovna Chakvetadze,mr,alias_observed,3,alias,alias,False,Q10833314|Q2986228,Q159,same-QID observed-name provenance + lexical audit,extension,,foreign
q297950,Q297950,रामस्वामी वेंकटरमण,Ramaswamy Venkataraman,आर. वेंकटरमण,R. Venkataraman,mr,alias_observed,3,alias,label,False,Q16533|Q18814623|Q40348|Q82955,Q129286|Q1775277|Q668,same-QID observed-name provenance + lexical audit,extension,,native
q179852,Q179852,लियो एसाकी,Leo Esaki,रेओना एसाकी,Reona Esaki,mr,alias_observed,3,alias,alias,False,Q169470,Q17,same-QID observed-name provenance + lexical audit,extension,,foreign
q3531361,Q3531361,थिलन समरवीरा,Thilan Samaraweera,थिलन थुसारा समरवीरा,Thilan Thusara Samaraweera,mr,alias_observed,3,alias,alias,False,Q12299841,Q854,same-QID observed-name provenance + lexical audit,extension,,foreign
q191736,Q191736,निकोलाय डेव्हिडेन्को,Nikolay Davydenko,निकोलाय व्लादिमिरोविच डेव्हिडेन्को,Nikolay Vladimirovich Davydenko,mr,alias_observed,3,alias,alias,False,Q10833314,Q159,same-QID observed-name provenance + lexical audit,extension,,foreign
q1425,Q1425,ट्राजान,Trajan,त्रायानुस,Traianus,mr,alias_observed,3,alias,alias,False,Q189290|Q372436|Q82955,Q1747689,same-QID observed-name provenance + lexical audit,extension,,foreign
q30487,Q30487,मिखाईल गोर्बाचोव,Mikhail Gorbachev,मिखाइल गोर्बाचेव,Mikhail Gorbachyov,mr,alias_observed,3,alias,alias,False,Q10800557|Q185351|Q188094|Q3578589|Q40348|Q82955,Q15180|Q159,same-QID observed-name provenance + lexical audit,extension,,foreign
q310376,Q310376,दिमित्री तुर्सुनोव,Dmitry Tursunov,दमित्री इगॉरेविच तुर्सुनोव्ह,Dmitry Igorevich Tursunov,mr,alias_observed,3,alias,alias,False,Q10833314,Q159,same-QID observed-name provenance + lexical audit,extension,,foreign
q4168161,Q4168161,लुइस हारा,Luis Jara,लुइस जर,Luís Jara,mr,alias_observed,3,alias,alias,False,Q177220|Q947873,Q298,same-QID observed-name provenance + lexical audit,extension,,foreign
q5982945,Q5982945,इयान स्मिथ,Ian Smith,विव्हियन इयान स्मिथ,Vivian Ian Smith,mr,alias_observed,3,alias,alias,False,Q12299841,Q258,same-QID observed-name provenance + lexical audit,extension,,foreign
q180535,Q180535,हुआन मार्तिन देल पोत्रो,Juan Martín del Potro,हुआन मार्टिन देल पोर्तो,Juan Martin Del Potro,mr,alias_observed,3,alias,alias,False,Q10833314,Q414,same-QID observed-name provenance + lexical audit,extension,,foreign
q48093,Q48093,निकोलाइ बुल्गॅनिन,Nikolai Bulganin,निकोलाइ अलेक्झांड्रोविच बुल्गॅनिन,Nikolai Alexandrovich Bulganin,mr,alias_observed,3,alias,alias,False,Q1328323|Q189290|Q806798|Q82955,Q15180|Q34266,same-QID observed-name provenance + lexical audit,extension,,foreign
q159169,Q159169,नर्गिस दत्त,Nargis Dutt,नर्गीस दत्त,Nargis Datt,mr,alias_observed,3,alias,alias,False,Q10800557|Q28389|Q33999|Q82955,Q129286|Q1775277|Q668,same-QID observed-name provenance + lexical audit,extension,,native
q194439,Q194439,मार्कोस सेना,Marcos Senna,मार्कोस अँतोनियो सेना दा सिल्वा,Marcos Antonio Senna da Silva,mr,alias_observed,3,alias,alias,False,Q937857,Q155|Q29,same-QID observed-name provenance + lexical audit,extension,,foreign
q207817,Q207817,अमीर खुस्रो,Amir Khusrau,अमीर खुसरो,Amir Khusrow,mr,alias_observed,3,alias,alias,False,Q36180|Q4964182|Q49757|Q639669,Q668,same-QID observed-name provenance + lexical audit,extension,,native
q122346,Q122346,हकान यकिन,Hakan Yakın,हकन यकीं,Hakan Yakin,mr,alias_observed,3,alias,alias,False,Q628099|Q937857,Q39|Q43,same-QID observed-name provenance + lexical audit,extension,,foreign
q7296749,Q7296749,रविंदू शाह,Ravindu Shah,रविंदू धीरजलाल शाह,Ravindu Dhirajlal Shah,mr,alias_observed,3,alias,alias,False,Q12299841,Q114,same-QID observed-name provenance + lexical audit,extension,,foreign
q55713,Q55713,आनंद यादव,Anand Yadav,आनंद रतन यादव,Anand Ratan Yadav,mr,alias_observed,3,alias,alias,False,Q18814623|Q36180,Q129286|Q1775277|Q668,same-QID observed-name provenance + lexical audit,extension,,native
q34474,Q34474,अलेक्सांद्र सोल्झेनित्सिन,Aleksandr Solzhenitsyn,अलेक्सांद्र इसायेविच सोल्झेनित्सिन,Aleksandr Isayevich Solzhenitsyn,mr,alias_observed,3,alias,alias,False,Q12144794|Q15949613|Q17010072|Q201788|Q214917|Q2251335|Q28389|Q36180|Q37226|Q47064|Q49757|Q6051619|Q6625963|Q662729,Q15180|Q159|Q223050|Q2305208,same-QID observed-name provenance + lexical audit,extension,,foreign
q207426,Q207426,अलेहांद्रो टोलेदो,Alejandro Toledo,अलेहांद्रो सेलेस्तिनो टोलेडो मॅनरिके,Alejandro Celestino Toledo Manrique,mr,alias_observed,3,alias,alias,False,Q188094|Q19324694|Q82955|Q9379869,Q419,same-QID observed-name provenance + lexical audit,extension,,foreign
q3520841,Q3520841,चार्ल लँगेवेल्ड्ट,Charl Langeveldt,शार्ल केनेथ लँगेवेल्ड्ट,Charl Kenneth Langeveldt,mr,alias_observed,3,alias,alias,False,Q12299841,Q258,same-QID observed-name provenance + lexical audit,extension,,foreign
q7193063,Q7193063,स्टिफन ओगोंजी टिकोलो,Stephen Ogonji Tikolo,स्टीव टिकोलो,Steve Tikolo,mr,alias_observed,3,alias,label,False,Q12299841,Q114,same-QID observed-name provenance + lexical audit,extension,,foreign
q9038,Q9038,मुहम्मद इब्न मुसा अल-ख्वारिझ्मी,Muḥammad ibn Musa al-Khwarizmi,अल् ख्वारिज्मी,al-Khwarizmi,mr,alias_observed,3,alias,alias,False,Q11063|Q170790|Q201788|Q333634|Q4964182|Q901402,,same-QID observed-name provenance + lexical audit,extension,,foreign
q3528791,Q3528791,घोलम नौशेर,Gholam Nousher,घोलम मोहम्मद नौशेर,Gholam Mohammad Nousher,mr,alias_observed,3,alias,alias,False,Q12299841,Q843|Q902,same-QID observed-name provenance + lexical audit,extension,,foreign
q2480608,Q2480608,अजंथा मेंडीस,Ajantha Mendis,बलापुवडुगे अजंथा विन्स्लो मेंडिस,Balapuwaduge Ajantha Winslo Mendis,mr,alias_observed,3,alias,alias,False,Q12299841|Q47064,Q854,same-QID observed-name provenance + lexical audit,extension,,foreign
q380623,Q380623,गो-त्सुचिमिकादो,Go-Tsuchimikado,गो-त्सुचिमिकाडो,Tsuchimikado II,mr,alias_observed,3,alias,alias,False,Q1097498,Q1154406|Q17,same-QID observed-name provenance + lexical audit,extension,,foreign
q41223,Q41223,बोरिस पास्तरनाक,Boris Pasternak,बोरिस लियोनिदोविच पास्तरनाक,Boris Leonidovich Pasternak,mr,alias_observed,3,alias,alias,False,Q12144794|Q135216826|Q214917|Q28389|Q333634|Q36180|Q36834|Q486748|Q49757|Q6625963|Q8178443,Q15180|Q34266,same-QID observed-name provenance + lexical audit,extension,,foreign
q3532470,Q3532470,दुलीप समरवीरा,Dulip Samaraweera,दुलीप प्रसन्ना समरवीरा,Dulip Prasanna Samaraweera,mr,alias_observed,3,alias,alias,False,Q12299841,Q854,same-QID observed-name provenance + lexical audit,extension,,foreign
q191957,Q191957,इग्नास पादेरेव्स्की,Ignacy Paderewski,इग्नास यान पादेरेव्स्की,Ignacy Jan Paderewski,mr,alias_observed,3,alias,label,False,Q14915627|Q16145150|Q193391|Q21680663|Q2285706|Q36834|Q486748|Q7330070|Q82955,Q145|Q212|Q30|Q36,same-QID observed-name provenance + lexical audit,extension,,foreign
q9488,Q9488,सचिन तेंडुलकर,Sachin Tendulkar,सचिन रमेश तेंदुलकर,Sachin Ramesh Tendulkar,mr,alias_observed,3,alias,alias,False,Q12299841|Q82955,Q668,same-QID observed-name provenance + lexical audit,extension,,native
q3345580,Q3345580,तमीम इक्बाल,Tamim Iqbal,तमीम इकबाल खान,Tamim Iqbal Khan,mr,alias_observed,3,alias,alias,False,Q12299841,Q902,same-QID observed-name provenance + lexical audit,extension,,foreign
q6913044,Q6913044,मोर्ने एंगेलब्रेख्ट,Morne Engelbrecht,मोर्ने इंगेल्ब्रेच्ट,Morné Engelbrecht,mr,alias_observed,3,alias,label,False,Q12299841,Q258,same-QID observed-name provenance + lexical audit,extension,,foreign
q3529369,Q3529369,जयंत अमरसिंघे,Jayantha Amerasinghe,अमरसिंघे मुदलिगे जयंत गामिनी अमरसिंघे,Amerasinghe Mudalige Jayantha Gamini Amerasinghe,mr,alias_observed,3,alias,alias,False,Q12299841,Q854,same-QID observed-name provenance + lexical audit,extension,,foreign
q315626,Q315626,मनुएल आव्हिला कामाचो,Manuel Ávila Camacho,मनुएल अव्हिला कामाचो,Manuel Avila Camacho,mr,alias_observed,3,alias,alias,False,Q4991371|Q82955,Q96,same-QID observed-name provenance + lexical audit,extension,,foreign
q57559,Q57559,अॅना-लेना ग्रोनेफेल्ड,Anna-Lena Grönefeld,ऍना-लेना ग्रेनेफेल्ड,Anna-Lena Groenefeld,mr,alias_observed,3,alias,alias,False,Q10833314,Q183,same-QID observed-name provenance + lexical audit,extension,,foreign
q315665,Q315665,रिकार्दो ओसोरियो,Ricardo Osorio,रिकार्दो ओसोरियो मेंदोझा,Ricardo Osorio Mendoza,mr,alias_observed,3,alias,alias,False,Q937857,Q96,same-QID observed-name provenance + lexical audit,extension,,foreign
q487768,Q487768,ॲनातोली लार्किन,Anatoly Larkin,ऍनातोली इव्हानोविच लार्किन,Anatoly Ivanovich Larkin,mr,alias_observed,3,alias,alias,False,Q16742096|Q169470,Q15180|Q159|Q30,same-QID observed-name provenance + lexical audit,extension,,foreign
q55744,Q55744,विजय तेंडुलकर,Vijay Tendulkar,विजय धोंडोपंत तेंडूलकर,Vijay Dhondopant Tendulkar,mr,alias_observed,3,alias,alias,False,Q14467526|Q1930187|Q28389|Q333634|Q36180,Q129286|Q1775277|Q668,same-QID observed-name provenance + lexical audit,extension,,native
q159059,Q159059,ग्राफिते,Grafite,एदिनाल्दो बतिस्ता लिबानियो,Edinaldo Batista Libanio,mr,alias_observed,3,alias,alias,False,Q937857,Q155,same-QID observed-name provenance + lexical audit,extension,,foreign
q1652493,Q1652493,सुषमा स्वराज,Sushma Swaraj,सुषमा शर्मा,Sushama Sharma,mr,alias_observed,3,alias,alias,False,Q185351|Q40348|Q7330070|Q82955,Q668,same-QID observed-name provenance + lexical audit,extension,,native
q3518308,Q3518308,मोर्ने मॉर्केल,Morné Morkel,मॉर्ने मोर्केल,Morne Morkel,mr,alias_observed,3,alias,alias,False,Q12299841,Q258,same-QID observed-name provenance + lexical audit,extension,,foreign
q55745,Q55745,गोविंदराव टेंबे,Govindrao Tembe,गोविंद सदाशीव टेंबे,Govind Sadashiv Tembe,mr,alias_observed,3,alias,alias,False,Q10800557|Q2516866|Q28389|Q33999|Q36180|Q36834,Q129286|Q1775277|Q668,same-QID observed-name provenance + lexical audit,extension,,native
q3534041,Q3534041,रसेल आर्नोल्ड,Russel Arnold,रसेल प्रेमकुमारन् आर्नॉल्ड,Russel Premakumaran Arnold,mr,alias_observed,3,alias,alias,False,Q12299841,Q854,same-QID observed-name provenance + lexical audit,extension,,foreign
q179871,Q179871,ऐसाकु सातो,Eisaku Satō,ऐसाकु साटो,Eisaku Satou,mr,alias_observed,3,alias,alias,False,Q82955,Q17,same-QID observed-name provenance + lexical audit,extension,,foreign
q200812,Q200812,देओदोरो दा फॉन्सेका,Deodoro da Fonseca,मनुएल देओदोरो दा फॉन्सेका,Manuel Deodoro da Fonseca,mr,alias_observed,3,alias,alias,False,Q47064|Q82955,Q155,same-QID observed-name provenance + lexical audit,extension,,foreign
q34661,Q34661,गुस्टाफ क्लिम्ट,Gustav Klimt,गुस्ताव क्लिम्ट,Gust. Klimt,mr,alias_observed,3,alias,alias,False,Q1028181|Q107212688|Q15296811|Q1925963|Q2079935|Q20857490|Q5322166,Q131964|Q40|Q533534,same-QID observed-name provenance + lexical audit,extension,,foreign
q3531214,Q3531214,रवि रामपॉल,Ravi Rampaul,रविंद्रनाथ रामपॉल,Ravindranath Rampaul,mr,alias_observed,3,alias,alias,False,Q12299841,Q668,same-QID observed-name provenance + lexical audit,extension,,native
q133267,Q133267,लेव्ह लँडाउ,Lev Landau,लेव्ह डेव्हिडोविच लँडाउ,Lev Davidovich Landau,mr,alias_observed,3,alias,alias,False,Q15980158|Q1622272|Q169470|Q170790|Q19350898|Q205375,Q15180|Q206411|Q34266,same-QID observed-name provenance + lexical audit,extension,,foreign
q163225,Q163225,सोनिया गांधी,Soniya Gandhi,अनतोनियो ऎड्विगे अल्बिनो मॆय्नो,Antonia Edvige Albina Maino,mr,alias_observed,3,alias,alias,False,Q82955,Q38|Q668,same-QID observed-name provenance + lexical audit,extension,,native
q188120,Q188120,योईचिरो नाम्बू,Yoichiro Nambu,योइचिरो नाम्बु,Yōichirō Nambu,mr,alias_observed,3,alias,alias,False,Q121594|Q1650915|Q169470|Q19350898,Q17|Q30,same-QID observed-name provenance + lexical audit,extension,,foreign
q26992,Q26992,स्टुअर्ट लॉ,Stuart Law,स्टुअर्ट ग्रँट लॉ,Stuart Grant Law,mr,alias_observed,3,alias,alias,False,Q12299841,Q408,same-QID observed-name provenance + lexical audit,extension,,foreign
q3528636,Q3528636,नजिमुद्दीन,Nazimuddin,मोहम्मद नजिमुद्दीन अहमद,Mohammed Nazimuddin Ahmed,mr,alias_observed,3,alias,alias,False,Q12299841,Q902,same-QID observed-name provenance + lexical audit,extension,,foreign
q42013,Q42013,अन्वर सदात,Anwar Sadat,मुहम्मद अनवर अल सादात,Muhammad Anwar el-Sadat,mr,alias_observed,3,alias,alias,False,Q1402561|Q189290|Q193391|Q30461|Q372436|Q42178|Q6051619|Q82955,Q124943|Q170468|Q3087763|Q370173|Q79,same-QID observed-name provenance + lexical audit,extension,,foreign
q60429,Q60429,चंद्रशेखर वेंकट रामन,Chandrasekhara Venkata Raman,सी वी रमन,Sir CV Raman,mr,alias_observed,3,alias,alias,False,Q15142825|Q1622272|Q169470,Q129286|Q1775277|Q668,same-QID observed-name provenance + lexical audit,extension,,native
q9570,Q9570,अमिताभ बच्चन,Amitabh Bachchan,बिग बी,Big B,mr,alias_observed,3,alias,alias,False,Q10798782|Q10800557|Q177220|Q3282637|Q33999|Q36180,Q145|Q668,same-QID observed-name provenance + lexical audit,extension,,native
q128999,Q128999,होजे बुस्टामांटे इ रिव्हेरो,Jose Bustamante y Rivero,होजे लुइस बुस्टामांटे इ रिव्हेरो,Jose Luis Bustamante y Rivero,mr,alias_observed,3,alias,alias,False,Q1622272|Q16533|Q193391|Q40348|Q82955,Q419,same-QID observed-name provenance + lexical audit,extension,,foreign
q3529819,Q3529819,इलायजाह ओटियेनो असोयो,Elijah Otieno Asoyo,एलिजा ओटीनो,Elijah Otieno,mr,alias_observed,3,alias,label,False,Q12299841,Q114,same-QID observed-name provenance + lexical audit,extension,,foreign
q201866,Q201866,अलेक्सांद्र केर्झोकोव,Aleksandr Kerzhakov,अलेक्सांद्र अंतोलोविच केर्झकोव,Aleksandr Anatolyevich Kerzhakov,mr,alias_observed,3,alias,alias,False,Q628099|Q937857,Q159,same-QID observed-name provenance + lexical audit,extension,,foreign
q312722,Q312722,हॅरोल्ड होल्ट,Harold Holt,हॅरोल्ड एडवर्ड होल्ट,Harold Edward Holt,mr,alias_observed,3,alias,alias,False,Q2285706|Q40348|Q82955,Q408,same-QID observed-name provenance + lexical audit,extension,,foreign
q234814,Q234814,खालेदा झिया,Khaleda Zia,बेगम खालेदा झिया,Begum Khaleda Zia,mr,alias_observed,3,alias,alias,False,Q82955,Q129286|Q843|Q902,same-QID observed-name provenance + lexical audit,extension,,native
q3506475,Q3506475,राजनाथ,Rajnath,राजनाथ देव सिंह,Rajnath Dev Singh,mr,alias_observed,3,alias,alias,False,Q169470|Q82955,Q668,same-QID observed-name provenance + lexical audit,extension,,native
q191123,Q191123,लेव्हि श्कॉलनिक,Levi Shkolnik,लेवी एश्कोल,Levi Eshkol,mr,alias_observed,3,alias,label,False,Q82955,Q801,same-QID observed-name provenance + lexical audit,extension,,foreign
q219970,Q219970,मिखाइल यूझ्नी,Mikhail Youzhny,मिखाइल मिखाइलोविच यूझ्नी,Mikhail Mikhaylovich Yuzhny,mr,alias_observed,3,alias,alias,False,Q10833314,Q159,same-QID observed-name provenance + lexical audit,extension,,foreign
q349516,Q349516,ॲडम गिलख्रिस्ट,Adam Gilchrist,गिल्ली,Gilly,mr,alias_observed,3,alias,alias,False,Q12299841,Q408,same-QID observed-name provenance + lexical audit,extension,,foreign
q57655,Q57655,मोहम्मद बिन रशीद अल मक्तूम,Mohammed bin Rashid Al Maktoum,शेख मोहम्मद,Sheikh Mohammed,mr,alias_observed,3,alias,alias,False,Q43845|Q49757|Q82955,Q1852345|Q878,same-QID observed-name provenance + lexical audit,extension,,foreign
q2737023,Q2737023,चमिंडा वास,Chaminda Vaas,वर्णकुलसूर्य पटबेंडिगे उशांत जोसेफ चमिंडा वास,Warnakulasuriya Patabendige Ushantha Joseph Chaminda Vaas,mr,alias_observed,3,alias,alias,False,Q12299841,Q854,same-QID observed-name provenance + lexical audit,extension,,foreign
q55753,Q55753,शांता शेळके,Shanta Shelke,शांता जनार्दन शेळके,Shanta Janardan Shelke,mr,alias_observed,3,alias,alias,False,Q333634|Q36180|Q49757,Q1775277|Q668,same-QID observed-name provenance + lexical audit,extension,,native
q184261,Q184261,युरी झिर्कोव,Yuri Zhirkov,यूरी ज्हीर्कोव,Yury Zhirkov,mr,alias_observed,3,alias,alias,False,Q937857,Q159,same-QID observed-name provenance + lexical audit,extension,,foreign
q208104,Q208104,शावी अलोन्सो,Xabi Alonso,झाबी अलोन्सो,Xabier Alonso,mr,alias_observed,3,alias,alias,False,Q628099|Q937857,Q29,same-QID observed-name provenance + lexical audit,extension,,foreign
q3529948,Q3529948,सलिया अहंगामा,Saliya Ahangama,फ्रँकलिन सलिया अहंगामा,Franklyn Saliya Ahangama,mr,alias_observed,3,alias,alias,False,Q12299841,Q854,same-QID observed-name provenance + lexical audit,extension,,foreign
q212801,Q212801,सुझाना अरुंधती रॉय,Suzanna Arundhati Roy,अरुन्धती रॉय,Arundhati Roy,mr,alias_observed,3,alias,label,False,Q10800557|Q11499147|Q11774202|Q15253558|Q1930187|Q28389|Q33999|Q36180|Q6625963|Q69423232|Q73306227,Q668,same-QID observed-name provenance + lexical audit,extension,,native
q6653212,Q6653212,लिटन दास,Liton Das,लिटोन,Liton,mr,alias_observed,3,alias,alias,False,Q12299841,Q902,same-QID observed-name provenance + lexical audit,extension,,foreign
q635,Q635,क्लिओपात्रा,Cleopatra,क्लियोपैत्रा,Kleopatra,mr,alias_observed,3,alias,alias,False,Q116|Q2304859,Q2320005,same-QID observed-name provenance + lexical audit,extension,,foreign
q132345,Q132345,शिन्जो आबे,Shinzou Abe,शिन्झो आबे,Shinzo Abe,mr,alias_observed,3,alias,alias,False,Q82955,Q17,same-QID observed-name provenance + lexical audit,extension,,foreign
q207352,Q207352,अग्नियेझ्का राद्वान्स्का,Agnieszka Radwanska,अग्निएझ्का राद्वान्स्का,Agnieszka Radwańska,mr,alias_observed,3,alias,label,False,Q10833314,Q36,same-QID observed-name provenance + lexical audit,extension,,foreign
q310328,Q310328,आँद्रिय यार्मोलेंको,Andriy Yarmolenko,आँद्रिय मिकोलाविच यार्मोलेंको,Andriy Mykolayovych Yarmolenko,mr,alias_observed,3,alias,alias,False,Q937857,Q212,same-QID observed-name provenance + lexical audit,extension,,foreign
q332157,Q332157,शंकर दयाळ शर्मा,Shankar Dayal Sharma,शंकर दयाल शर्मा,Shanker Dayal Sharma,mr,alias_observed,3,alias,alias,False,Q40348|Q82955,Q129286|Q1775277|Q668,same-QID observed-name provenance + lexical audit,extension,,native
q3348218,Q3348218,हबीबुल बशर,Habibul Bashar,काझी हबीबुल बशर,Qazi Habibul Bashar,mr,alias_observed,3,alias,alias,False,Q12299841,Q902,same-QID observed-name provenance + lexical audit,extension,,foreign
q173540,Q173540,मार्गारेट मिचेल,Margaret Mitchell,मार्गारेट मनेर्लिन मिचेल,Margaret Munnerlyn Mitchell,mr,alias_observed,3,alias,alias,False,Q12144794|Q1930187|Q28389|Q36180|Q6625963,Q30,same-QID observed-name provenance + lexical audit,extension,,foreign
q295713,Q295713,लियाकत अली खान,Liaquat Ali Khan,नवाबजादा लियाकत अली खान,"Nawabzada Liaquat Ali Khan,",mr,alias_observed,3,alias,alias,False,Q193391|Q40348|Q82955,Q129286|Q843,same-QID observed-name provenance + lexical audit,extension,,native
q3351844,Q3351844,रिची रिचर्डसन,Richie Richardson,रिचर्ड बेन्जामिन रिचर्डसन,Richard Benjamin Richardson,mr,alias_observed,3,alias,alias,False,Q12299841,Q258,same-QID observed-name provenance + lexical audit,extension,,foreign
q8581,Q8581,सालादिन,Saladin,सलाहुद्दीन अय्यूबी,Saladin Ayyūbid,mr,alias_observed,3,alias,alias,False,Q132050|Q166382|Q43292|Q47064,,same-QID observed-name provenance + lexical audit,extension,,foreign
q3525505,Q3525505,रॉबर्ट हार्वे,Robert Harvey,रॉबर्ट ल्योन हार्वे,Robert Lyon Harvey,mr,alias_observed,3,alias,alias,False,Q12299841,Q258,same-QID observed-name provenance + lexical audit,extension,,foreign
q109397,Q109397,क्लाउडियो पिजार्रो,Claudio Pizarro,क्लॉडियो मिगेल पिसारो बोसियो,Claudio Miguel Pizarro Bosio,mr,alias_observed,3,alias,alias,False,Q937857,Q183|Q38|Q419,same-QID observed-name provenance + lexical audit,extension,,foreign
q19364,Q19364,आंद्रेस ग्वार्दादो,Andres Guardado,अँडेस गुर्डडो,Andrés Guardado,mr,alias_observed,3,alias,label,False,Q937857,Q29|Q96,same-QID observed-name provenance + lexical audit,extension,,foreign
q3058207,Q3058207,मोहम्मद युसुफ,Mohammad Yousuf,युसुफ युहाना,yousuf Youhana,mr,alias_observed,3,alias,alias,False,Q12299841,Q843,same-QID observed-name provenance + lexical audit,extension,,foreign
q319824,Q319824,चौधरी चरण सिंग,Chaudhuri Charan Singh,चौधरी चरण सिंह,Chaudhary Charan Singh,mr,alias_observed,3,alias,alias,False,Q2285706|Q82955,Q129286|Q1775277|Q668,same-QID observed-name provenance + lexical audit,extension,,native
q462445,Q462445,मार्कोस दानियेल,Marcos Daniel,मार्कोस दिनिझ दानियेल,Marcos Diniz Daniel,mr,alias_observed,3,alias,alias,False,Q10833314,Q155,same-QID observed-name provenance + lexical audit,extension,,foreign
q55757,Q55757,शिवाजी सावंत,Shivaji Sawant,शिवाजी गोविंद सावंत,Shivaji Govind Sawant,mr,alias_observed,3,alias,alias,False,Q214917|Q36180|Q6625963,Q129286|Q1775277|Q668,same-QID observed-name provenance + lexical audit,extension,,native
q334818,Q334818,काझी नजरूल इस्लाम,Kazi Nazrul Islam,दुखु मिया,Dukhu Mia,mr,alias_observed,3,alias,alias,False,Q15949613|Q177220|Q333634|Q36180|Q49757|Q4991371,Q129286|Q1775277|Q668|Q902,same-QID observed-name provenance + lexical audit,extension,,native
q52183,Q52183,शेख हसीना वाजेद,Sheikh Hasina Wazed,शेख हसीना,Sheikh Hasina,mr,alias_observed,3,alias,label,False,Q185351|Q36180|Q82955,Q843|Q902,same-QID observed-name provenance + lexical audit,extension,,foreign
q152052,Q152052,युसूफ रझा गिलानी,Yusuf Raza Gilani,युसूफ राजा गिलानी,Yousuf Raza Gillani,mr,alias_observed,3,alias,alias,False,Q1930187|Q82955,Q843,same-QID observed-name provenance + lexical audit,extension,,foreign
q160518,Q160518,गुस्ताफ डालेन,Gustaf Dalen,निल्स गुस्ताफ डालेन,Nils Gustaf Dalén,mr,alias_observed,3,alias,label,False,Q131524|Q169470|Q205375|Q2961975|Q593644|Q6606110|Q81096,Q34,same-QID observed-name provenance + lexical audit,extension,,foreign
q313956,Q313956,अनिल कपूर,Anil Kapoor,अनिल,anil,mr,alias_observed,3,alias,alias,False,Q10800557|Q28389|Q3282637|Q33999|Q47541952,Q668,same-QID observed-name provenance + lexical audit,extension,,native
q3348250,Q3348250,नईम इस्लाम,Naeem Islam,मोहम्मद नईम इस्लाम,Mohammad Naeem Islam,mr,alias_observed,3,alias,alias,False,Q12299841,Q902,same-QID observed-name provenance + lexical audit,extension,,foreign
q3528877,Q3528877,परवेज मीर,Parvez Mir,परवेज जमिल मीर,Parvez Jamil Mir,mr,alias_observed,3,alias,alias,False,Q12299841,Q843,same-QID observed-name provenance + lexical audit,extension,,foreign
q3348182,Q3348182,इमरुल केस,Imrul Kayes,इमरूल काय्से,Imrul Kayash,mr,alias_observed,3,alias,alias,False,Q12299841,Q902,same-QID observed-name provenance + lexical audit,extension,,foreign
q188939,Q188939,एमिलियो अग्विनाल्दो,Emilio Aguinaldo,एमिलियो अग्विनाल्दो इ फामी,Emilio Aguinaldo y Famy,mr,alias_observed,3,alias,alias,False,Q18814623|Q3242115|Q47064|Q82955,Q928,same-QID observed-name provenance + lexical audit,extension,,foreign
q3531141,Q3531141,मॉरीस ओमा,Morris Ouma,मौरीस ओमा,Maurice Ouma,mr,alias_observed,3,alias,alias,False,Q12299841,Q114,same-QID observed-name provenance + lexical audit,extension,,foreign
q179266,Q179266,जे. कृष्णमूर्ती,Jiddu Krishnamurti,जिद्दू कृष्णमूर्ती,Jiddu Krishnamurthy,mr,alias_observed,3,alias,alias,False,Q36180|Q4964182,Q129286|Q1775277|Q668,same-QID observed-name provenance + lexical audit,extension,,native
q28614,Q28614,गॅरी कास्पारोव्ह,Garry Kasparov,गॅरी किमोविच कास्पारोव्ह,Garry Kimovich Kasparov,mr,alias_observed,3,alias,alias,False,Q105269|Q10873124|Q1930187|Q2066131|Q36180|Q6430706|Q82955,Q15180|Q159|Q224,same-QID observed-name provenance + lexical audit,extension,,foreign
q350379,Q350379,सर्प्राईज मोरीरी,Surprise Moriri,सर्प्राइझ मोहलोमोलेंग मोरीरी,Surprise Mohlomolleng Moriri,mr,alias_observed,3,alias,alias,False,Q937857,Q258,same-QID observed-name provenance + lexical audit,extension,,foreign
q41244,Q41244,आँद्रे शेवचेन्को,Andriy Shevchenko,आँद्रे मायकोलायोविच शेवचेन्को,Andriy Mykolayovych Shevchenko,mr,alias_observed,3,alias,alias,False,Q10800557|Q111398859|Q628099|Q937857,Q212,same-QID observed-name provenance + lexical audit,extension,,foreign
q472623,Q472623,अरी बेह्न,Ari Behn,अरी मायकेल बेह्न,Ari Mikael Behn,mr,alias_observed,3,alias,alias,False,Q1028181|Q15949613|Q36180|Q483501,Q20|Q756617,same-QID observed-name provenance + lexical audit,extension,,foreign
q314714,Q314714,सियबाँग नोम्वेथे,Siyabonga Nomvethe,सियबाँगा युजीन नोम्वेथे,Siyabonga Eugene Nomvethe,mr,alias_observed,3,alias,alias,False,Q628099|Q937857,Q258,same-QID observed-name provenance + lexical audit,extension,,foreign
q1459699,Q1459699,व्हिक्टर युश्चेन्को,Viktor Yushchenko,व्हिक्टर अँद्रियोविच युश्चेन्को,Viktor Andriiovych Yushchenko,mr,alias_observed,3,alias,alias,False,Q188094|Q32947888|Q806798|Q82955,Q15180|Q212,same-QID observed-name provenance + lexical audit,extension,,foreign
q96012890,Q96012890,मामुनुल हक,Mamunul Haque,अल्लामा मामुनुल हक,Allama Mamunul Haq,mr,alias_observed,3,alias,alias,False,Q12859263|Q1607826|Q1622272|Q189459|Q82955,Q902,same-QID observed-name provenance + lexical audit,extension,,foreign
q160206,Q160206,एर्नान क्रेस्पो,Hernán Crespo,हेर्नान क्रेस्पो,Hernan Crespo,mr,alias_observed,3,alias,alias,False,Q628099|Q937857,Q38|Q414,same-QID observed-name provenance + lexical audit,extension,,foreign
q47059,Q47059,ऐश्वर्या राय,Aishwarya Rai,ऐश्वर्या राय बच्चन,Aishwarya Rai Bachchan,mr,alias_observed,3,alias,alias,False,Q10800557|Q18581305|Q33999|Q4610556,Q668,same-QID observed-name provenance + lexical audit,extension,,native
q130873,Q130873,मेनाकेम बेगिन,Menahem Begin,मेनाकेम वॉल्फोविच बेगिन,Menachem Volfovich Begin,mr,alias_observed,3,alias,alias,False,Q82955,Q34266|Q36|Q801,same-QID observed-name provenance + lexical audit,extension,,foreign
q193768,Q193768,सुलेमान अली मुंतारी,Suleyman Ali Muntari,सुली मुंतारी,Sulley Muntari,mr,alias_observed,3,alias,label,False,Q937857,Q117,same-QID observed-name provenance + lexical audit,extension,,foreign
q3348174,Q3348174,मुशफिकुर रहिम,Mushfiqur Rahim,मुशफिक़,Mushfiq,mr,alias_observed,3,alias,alias,False,Q12299841,Q902,same-QID observed-name provenance + lexical audit,extension,,foreign
q5522870,Q5522870,गॅरेथ हॉपकिन्स,Gareth Hopkins,गॅरेथ जेम्स हॉपकिन्स,Gareth James Hopkins,mr,alias_observed,3,alias,alias,False,Q12299841,Q664,same-QID observed-name provenance + lexical audit,extension,,foreign
q379157,Q379157,धर्मेंद्र,Dharmendra,धर्म सिंह देओल,Dharmendra Singh Deol,mr,alias_observed,3,alias,alias,False,Q10798782|Q10800557|Q2526255|Q3282637|Q33999|Q82955,Q129286|Q668,same-QID observed-name provenance + lexical audit,extension,,native
q4800982,Q4800982,आर्टी डिक,Artie Dick,आर्थर एडवर्ड डिक,Arthur Edward Dick,mr,alias_observed,3,alias,alias,False,Q12299841,Q664,same-QID observed-name provenance + lexical audit,extension,,foreign
q192207,Q192207,अरबिंदो घोष,Aurobindo Ghosh,महर्षि अरविंद बाबू,Maharshi Aravind Babu,mr,alias_observed,3,alias,alias,False,Q116798465|Q11774202|Q121594|Q14467526|Q1607826|Q212238|Q2901587|Q3242115|Q333634|Q36180|Q4263842|Q484260|Q4964182|Q49757|Q7245047|Q82955,Q129286|Q1775277|Q668,same-QID observed-name provenance + lexical audit,extension,,native
q3530745,Q3530745,गयान विजेकून,Gayan Wijekoon,विजेकून मुदियांसेलागे गयान रम्यकुमारा,Wijekoon Mudiyanselage Gayan Ramyakumara,mr,alias_observed,3,alias,alias,False,Q12299841,Q854,same-QID observed-name provenance + lexical audit,extension,,foreign
q3530538,Q3530538,सजीव डि सिल्वा,Sajeewa de Silva,करुणकलगे सजीव चणक डि सिल्वा,Karunakalage Sajeewa Chanaka de Silva,mr,alias_observed,3,alias,alias,False,Q12299841,Q854,same-QID observed-name provenance + lexical audit,extension,,foreign
q7193054,Q7193054,मॉरिस ओडुम्बे,Maurice Odumbe,मॉरिस ओमोन्डी ओडुम्बे,Maurice Omondi Odumbe,mr,alias_observed,3,alias,alias,False,Q12299841,Q114,same-QID observed-name provenance + lexical audit,extension,,foreign
q365020,Q365020,अदोल्फो बॉतिस्ता,Adolfo Bautista,अडोल्फो बौटीस्ट,Bofo Bautista,mr,alias_observed,3,alias,alias,False,Q937857,Q96,same-QID observed-name provenance + lexical audit,extension,,foreign
q43729,Q43729,आंद्रेस इनिएस्ता लुहान,Andrés Iniesta Luján,अन्द्रेस इनिएस्ता,Andrés Iniesta,mr,alias_observed,3,alias,label,False,Q937857,Q29,same-QID observed-name provenance + lexical audit,extension,,foreign
q26825,Q26825,हिरोडोटस,Herodotus,हेरोडोटस,Herodotos,mr,alias_observed,3,alias,alias,False,Q1371378|Q201788|Q36180|Q82955|Q901402,Q5843680,same-QID observed-name provenance + lexical audit,extension,,foreign
q35314,Q35314,निकिता ख्रुश्चेव्ह,Nikita Khrushchev,ख्रुश्चेव,Khrushchov,mr,alias_observed,3,alias,alias,False,Q3242115|Q47064|Q82955,Q15180|Q2305208|Q34266,same-QID observed-name provenance + lexical audit,extension,,foreign
q207647,Q207647,सिफिवे शबलल,Siphiwe Tshabalala,लॉरेंस सिफिवे शबलल,Lawrence Siphiwe Tshabalala,mr,alias_observed,3,alias,alias,False,Q937857,Q258,same-QID observed-name provenance + lexical audit,extension,,foreign
q57155,Q57155,आडोल्फ आंडेर्सेन,Adolf Anderssen,कार्ल अर्न्स्ट आडोल्फ आंडेर्सेन,Karl Ernst Adolf Anderssen,mr,alias_observed,3,alias,alias,False,Q10873124|Q15980158|Q170790|Q2627699,Q27306,same-QID observed-name provenance + lexical audit,extension,,foreign
q3525425,Q3525425,हेन्री प्रॉम्नित्झ,Henry Promnitz,हेन्री लुई अर्नेस्ट प्रॉम्नित्झ,Henry Louis Ernest Promnitz,mr,alias_observed,3,alias,alias,False,Q12299841,Q258,same-QID observed-name provenance + lexical audit,extension,,foreign
q3525177,Q3525177,आल्विरो पीटरसन,Alviro Petersen,आल्विरो नेथन पीटरसन,Alviro Nathan Petersen,mr,alias_observed,3,alias,alias,False,Q12299841,Q258,same-QID observed-name provenance + lexical audit,extension,,foreign
q313870,Q313870,साकुरामाची,Sakuramachi,गो-साकुरामाची,Emperor Sakuramachi,mr,alias_observed,3,alias,alias,False,Q2304859,Q17|Q205662,same-QID observed-name provenance + lexical audit,extension,,foreign
q464932,Q464932,जया बच्चन,Jaya Bachchan,जया भादुड़ी,Jaya Bhaduri Bachchan,mr,alias_observed,3,alias,alias,False,Q10800557|Q33999|Q82955,Q668,same-QID observed-name provenance + lexical audit,extension,,native
q810026,Q810026,बेसिल डि'ऑलिव्हेरा,Basil D'Oliveira,बेसिल लुईस डि'ऑलिव्हेरा,Basil Lewis D'Oliveira,mr,alias_observed,3,alias,alias,False,Q12299841,Q145|Q258,same-QID observed-name provenance + lexical audit,extension,,foreign
q13116449,Q13116449,कासिम शेख,Qasim Sheikh,मोहम्मद कासिम शेख,Mohammad Qasim Sheikh,mr,alias_observed,3,alias,alias,False,Q12299841,Q843,same-QID observed-name provenance + lexical audit,extension,,foreign
q360927,Q360927,इरफान खान,Irfan Khan,साहबजादे इरफान अली खान,Sahabzade Irfan Ali Khan,mr,alias_observed,3,alias,alias,False,Q10798782|Q10800557|Q2259451|Q33999,Q668,same-QID observed-name provenance + lexical audit,extension,,native
q191799,Q191799,अलेक्झांडर पोपोव्ह,Aleksandr Popov,अलेक्झांडर स्टेपानोविच पोपोव्ह,Aleksandr Stepanovich Popov,mr,alias_observed,3,alias,alias,False,Q1231865|Q169470|Q205375|Q81096,Q159|Q34266,same-QID observed-name provenance + lexical audit,extension,,foreign
q1459658,Q1459658,व्हिक्तोर यानुकोव्हिच,Viktor Yanukovych,व्हिक्टर फेदोरोविच यानुकोविच,Viktor Fedorovych Yanukovych,mr,alias_observed,3,alias,alias,False,Q1569495|Q185351|Q188094|Q193391|Q81096|Q82955,Q15180|Q159|Q212,same-QID observed-name provenance + lexical audit,extension,,foreign
q3525482,Q3525482,अल्बी मॉर्केल,Albie Morkel,योहान्स आल्बर्टस मॉर्केल,Johannes Albertus Morkel,mr,alias_observed,3,alias,alias,False,Q12299841,Q258,same-QID observed-name provenance + lexical audit,extension,,foreign
q4802486,Q4802486,अरविंद कंडप्पा,Arvind Kandappah,अरविंद लक्ष्मण कंडप्पा,Arvindah Luxman Kandappah,mr,alias_observed,3,alias,alias,False,Q12299841,Q16|Q854,same-QID observed-name provenance + lexical audit,extension,,foreign
q33168,Q33168,के. चंद्रशेखर राव,K. Chandrashekar Rao,कलवकुंतला चंद्रशेखर राव,Kalvakuntla Chandrashekhar Rao,mr,alias_observed,3,alias,alias,False,Q482980|Q82955,Q668,same-QID observed-name provenance + lexical audit,extension,,native
q48410,Q48410,रिचर्ड गेर,Richard Gere,रिचर्ड टिफनी गेर,Richard Tiffany Gere,mr,alias_observed,3,alias,alias,False,Q10798782|Q10800557|Q1476215|Q2259451|Q2405480|Q2526255|Q3282637|Q33231|Q33999,Q30,same-QID observed-name provenance + lexical audit,extension,,foreign
q134068,Q134068,मियाँ मुहम्मद नवाझ शरीफ,Mian Muhammad Nawaz Sharif,नवाज़ शरीफ़,Nawaz Sharif,mr,alias_observed,3,alias,label,False,Q12299841|Q131524|Q2285706|Q40348|Q82955,Q145|Q843,same-QID observed-name provenance + lexical audit,extension,,foreign
q3519211,Q3519211,केविन ओ'ब्रायन,Kevin O'Brien,केव्हिन जोसेफ ओ'ब्रायन,Kevin Joseph O'Brien,mr,alias_observed,3,alias,alias,False,Q12299841,Q664,same-QID observed-name provenance + lexical audit,extension,,foreign
q184885,Q184885,करीना कपूर,Kareena Kapoor,करीना कपूर खान,Kareena Kapoor Khan,mr,alias_observed,3,alias,alias,False,Q10800557|Q33999|Q4610556|Q5716684,Q668,same-QID observed-name provenance + lexical audit,extension,,native
q485946,Q485946,इतमार फ्रँको,Itamar Franco,इतमार ऑगुस्तो कॉतियेरो फ्रँको,Itamar Augusto Cautiero Franco,mr,alias_observed,3,alias,alias,False,Q193391|Q82955,Q155,same-QID observed-name provenance + lexical audit,extension,,foreign
q189008,Q189008,काँस्तान्तिन झिर्यानोव्ह,Konstantin Zyryanov,कोंस्तंतीं ज्य्रीअनोव,Konstantin ZYRIANOV,mr,alias_observed,3,alias,alias,False,Q628099|Q937857,Q159,same-QID observed-name provenance + lexical audit,extension,,foreign
q34448,Q34448,महमूद अहमदिनेजाद,Mahmoud Ahmadinejad,महमूद अहमदीनेजाद,Mahmūd Ahmadinezhād,mr,alias_observed,3,alias,alias,False,Q1622272|Q48352|Q81096|Q82955,Q794,same-QID observed-name provenance + lexical audit,extension,,foreign
q4961182,Q4961182,ब्रेंडन जुलियन,Brendon Julian,ब्रेंडन पॉल जुलियन,Brendon Paul Julian,mr,alias_observed,3,alias,alias,False,Q12299841,Q408|Q664,same-QID observed-name provenance + lexical audit,extension,,foreign
q312505,Q312505,हेक्टर बाल्दासी,Héctor Baldassi,हेक्टर बाल्डासी,Hector Baldassi,mr,alias_observed,3,alias,alias,False,Q82955|Q859528,Q414,same-QID observed-name provenance + lexical audit,extension,,foreign
q3527993,Q3527993,परवेझ सज्जाद,Pervez Sajjad,परवेझ सज्जाद हसन,Pervez Sajjad Hasan,mr,alias_observed,3,alias,alias,False,Q12299841,Q129286|Q843,same-QID observed-name provenance + lexical audit,extension,,native
q203690,Q203690,ब्रायन एपस्टाईन,Brian Epstein,ब्रायन सॅम्युएल एपस्टाईन,Brian Samuel Epstein,mr,alias_observed,3,alias,alias,False,Q131524|Q1320883|Q13235160|Q1344174|Q183945|Q3089940|Q43845|Q943995,Q145,same-QID observed-name provenance + lexical audit,extension,,foreign
q1392178,Q1392178,ग्लेन मॅक्ग्राथ,Glenn McGrath,ग्लेन डोनाल्ड मॅकग्रा,Glenn Donald McGrath,mr,alias_observed,3,alias,alias,False,Q12299841,Q408,same-QID observed-name provenance + lexical audit,extension,,foreign
q189542,Q189542,स्टेफान एडबर्ग,Stefan Edberg,स्टेफान बेंग्ट एडबर्ग,Stefan Bengt Edberg,mr,alias_observed,3,alias,alias,False,Q10833314|Q16278103,Q34,same-QID observed-name provenance + lexical audit,extension,,foreign
q236503,Q236503,फर्नान्डो कोलोर डी मेलो,Fernando Collor de Mello,फर्नान्डो अफोन्सो कोलोर डी मेलो,Fernando Affonso Collor de Mello,mr,alias_observed,3,alias,alias,False,Q36180|Q82955,Q155,same-QID observed-name provenance + lexical audit,extension,,foreign
q103774,Q103774,पं. रवी शंकर,Pandit Ravi Shankar,रवी शंकर,Ravi Shankar,mr,alias_observed,3,alias,label,False,Q158852|Q177220|Q2526255|Q36834|Q51679083|Q639669|Q82955,Q129286|Q1775277|Q668,same-QID observed-name provenance + lexical audit,extension,,native
q32927,Q32927,व्हॅलेरी लिओटिएव,Valery Leontiev,वालेरी याकोलेविछ लेंटिव,Valery Yakovlevich Leontiev,mr,alias_observed,3,alias,alias,False,Q10798782|Q10800557|Q177220|Q33999|Q36834|Q49757|Q5716684,Q15180|Q159|Q30,same-QID observed-name provenance + lexical audit,extension,,foreign
q193492,Q193492,डॅनियेल अराप मुआ,Daniel arap Moi,डॅनियेल तोरोइच अराप मुआ,Daniel Torotich arap Moi,mr,alias_observed,3,alias,alias,False,Q82955|Q83307,Q114,same-QID observed-name provenance + lexical audit,extension,,foreign
q3525834,Q3525834,जोडी फील्ड्स,Jodie Fields,जोडी मरी फील्ड्स,Jodie Maree Fields,mr,alias_observed,3,alias,alias,False,Q12299841,Q408,same-QID observed-name provenance + lexical audit,extension,,foreign
q3348235,Q3348235,इयान स्मिथ,Ian Smith,इयान डेव्हिड स्टॉकली स्मिथ,Ian David Stockley Smith,mr,alias_observed,3,alias,alias,False,Q12299841,Q664,same-QID observed-name provenance + lexical audit,extension,,foreign
q41914,Q41914,डॉ. मनमोहन सिंग,Dr Manmohan Singh,मनमोहन सिंघ,Manmohan Singh,mr,alias_observed,3,alias,label,False,Q1622272|Q188094|Q212238|Q806798|Q82955,Q129286|Q668,same-QID observed-name provenance + lexical audit,extension,,native
q185225,Q185225,सन्ती काजोर्ला,Santi Cazorla,सान्टियोगो काझोर्ला गोन्झालेझ,Santiago Cazorla Gonzalez,mr,alias_observed,3,alias,alias,False,Q937857,Q29,same-QID observed-name provenance + lexical audit,extension,,foreign
q3530761,Q3530761,हामिश बेनेट्ट,Hamish Bennett,हामिश काईल बेनेट,Hamish Kyle Bennett,mr,alias_observed,3,alias,alias,False,Q12299841,Q664,same-QID observed-name provenance + lexical audit,extension,,foreign
q192689,Q192689,बर्ट्राम ब्रॉकहाउस,Bertram Brockhouse,बर्ट्राम नेव्हिल ब्रॉकहाउस,Bertram Neville Brockhouse,mr,alias_observed,3,alias,alias,False,Q1622272|Q16742096|Q169470,Q16,same-QID observed-name provenance + lexical audit,extension,,foreign
q2038289,Q2038289,टोनी ग्रेग,Tony Greig,अँथोनी विल्यम ग्रेग,Anthony William Greig,mr,alias_observed,3,alias,alias,False,Q12299841,Q258,same-QID observed-name provenance + lexical audit,extension,,foreign
q3526896,Q3526896,आल्बर्ट ट्रॉट,Albert Trott,आल्बर्ट एडविन ट्रॉट,Albert Edwin Trott,mr,alias_observed,3,alias,alias,False,Q12299841,Q408|Q664,same-QID observed-name provenance + lexical audit,extension,,foreign
q954720,Q954720,योहान सेबास्टियन वेलहावेन,Johan Sebastian Welhaven,योहान सेबास्टियन कॅमरमायर वेलहावेन,Johan Sebastian Cammermeyer Welhaven,mr,alias_observed,3,alias,alias,False,Q13570226|Q1622272|Q214917|Q36180|Q4263842|Q4964182|Q49757,Q20,same-QID observed-name provenance + lexical audit,extension,,foreign
q58292,Q58292,एस.एम. कृष्णा,S. M. Krishna,सोमनहल्ली मल्ला कृष्णा,Somanahalli Mallaiah Krishna,mr,alias_observed,3,alias,alias,False,Q40348|Q82955,Q129286|Q668,same-QID observed-name provenance + lexical audit,extension,,native
q5526073,Q5526073,गॅरी ट्रूप,Gary Troup,गॅरी बर्ट्राम ट्रूप,Gary Bertram Troup,mr,alias_observed,3,alias,alias,False,Q10547393|Q12299841,Q664,same-QID observed-name provenance + lexical audit,extension,,foreign
q52157472,Q52157472,एरिक बोवेन,Eric Bowen,एरिक ह्युबर्ट बोवेन,Eric Hubert Bowen,mr,alias_observed,3,alias,alias,False,Q483501,Q1775277|Q20|Q668,same-QID observed-name provenance + lexical audit,extension,,native
q3529779,Q3529779,टिमोथी ग्रँट साउथी,Timothy Grant Southee,टिम साऊथी,Tim Southee,mr,alias_observed,3,alias,label,False,Q12299841,Q664,same-QID observed-name provenance + lexical audit,extension,,foreign
q36226,Q36226,ॲम्बर रायने,Amber Rayne,ॲबर रायने,Amber Ryane,mr,alias_observed,3,alias,alias,False,Q10800557|Q4610556|Q488111|Q8193763,Q30,same-QID observed-name provenance + lexical audit,extension,,foreign
q131355,Q131355,झुल्फिकार अली भुट्टो,Zulfikar Ali Bhutto,ज़ुल्फिकार अली भुट्टो,Shaheed Zulfiqar Ali Bhutto,mr,alias_observed,3,alias,alias,False,Q193391|Q40348|Q82955,Q129286|Q843,same-QID observed-name provenance + lexical audit,extension,,native
q1766640,Q1766640,वकार युनिस,Waqar Younis,वकार युनिस मैतला,Waqar Younis Maitla,mr,alias_observed,3,alias,alias,False,Q12299841|Q2066131,Q843,same-QID observed-name provenance + lexical audit,extension,,foreign
q29328,Q29328,ब्री लार्सन,Brianne Larson,ब्री लारसन,Brie Larson,mr,alias_observed,3,alias,label,False,Q10798782|Q10800557|Q177220|Q2526255|Q28389|Q3282637|Q33999|Q3455803|Q578109,Q16|Q30,same-QID observed-name provenance + lexical audit,extension,,foreign
q5106066,Q5106066,ख्रिस केर्न्स,Chris Cairns,ख्रिस्टोफर लान्स केर्न्स,Christopher Lance Cairns,mr,alias_observed,3,alias,alias,False,Q12299841,Q664,same-QID observed-name provenance + lexical audit,extension,,foreign
q313903,Q313903,बाल्थाझार योहान्स वॉर्स्टर,Balthazar Johannes Vorster,बी.जे. वॉर्स्टर,B. J. Vorster,mr,alias_observed,3,alias,label,False,Q82955|Q83307,Q258,same-QID observed-name provenance + lexical audit,extension,,foreign
q193871,Q193871,मार्शल मॅकलुहान,Marshall MacLuhan,हर्बर्ट मार्शल मॅकलुहान,Herbert Marshall McLuhan,mr,alias_observed,3,alias,alias,False,Q1622272|Q17167049|Q2306091|Q36180|Q361809|Q4263842|Q4964182|Q6051619|Q6386271|Q846430,Q16,same-QID observed-name provenance + lexical audit,extension,,foreign
q5262385,Q5262385,डेरेक स्टर्लिंग,Derek Stirling,डेरेक अलेक्झांडर स्टर्लिंग,Derek Alexander Stirling,mr,alias_observed,3,alias,alias,False,Q12299841,Q664,same-QID observed-name provenance + lexical audit,extension,,foreign
q81960,Q81960,रॉबर्ट बर्न्स,Robert Burns,रॉबी बर्न्स,Robbie Burns,mr,alias_observed,3,alias,alias,False,Q131512|Q14915627|Q36180|Q49757|Q753110|Q8178443,Q161885,same-QID observed-name provenance + lexical audit,extension,,foreign
q181369,Q181369,चेन निंग यांग,Chen-ning Yang,यांग चेन-निंग,Yang Chen-ning,mr,alias_observed,3,alias,alias,False,Q1622272|Q169470|Q19350898,Q13426199|Q148|Q30|Q865,same-QID observed-name provenance + lexical audit,extension,,foreign
q201885,Q201885,थेयोफानिस गेकास,Theofanis Gekas,ठोफनिस गेकास,Fanis Gekas,mr,alias_observed,3,alias,alias,False,Q628099|Q937857,Q41,same-QID observed-name provenance + lexical audit,extension,,foreign
q2725608,Q2725608,एरिक टिंडिल,Eric Tindill,एरिक विल्यम थॉमस टिंडिल,Eric William Thomas Tindill,mr,alias_observed,3,alias,alias,False,Q12299841|Q14089670|Q2143894|Q2859671,Q664,same-QID observed-name provenance + lexical audit,extension,,foreign
q151364,Q151364,व्हिडकुन क्विस्लिंग,Vidkun Qvisling,व्हिडकुन अब्राहम लॉरित्झ जॉन्सोन क्विसलिंग,Vidkun Abraham Lauritz Jonssøn Quisling,mr,alias_observed,3,alias,alias,False,Q102249165|Q189290|Q4991371|Q82955,Q20,same-QID observed-name provenance + lexical audit,extension,,foreign
q3525755,Q3525755,क्लाइव्ह हाल्से,Clive Halse,क्लाइव्ह ग्रे हाल्से,Clive Gray Halse,mr,alias_observed,3,alias,alias,False,Q12299841,Q258,same-QID observed-name provenance + lexical audit,extension,,foreign
q57079,Q57079,युर्गन क्लिन्समान,Jürgen Klinsmann,ज्युर्गन किल्न्समन,Juergen Klinsmann,mr,alias_observed,3,alias,alias,False,Q628099|Q937857,Q183|Q30|Q713750,same-QID observed-name provenance + lexical audit,extension,,foreign
q161933,Q161933,आल्बेर्तो मोराव्हिया,Alberto Moravia,अल्बर्तो पिंकेरली,Alberto Pincherle,mr,alias_observed,3,alias,alias,False,Q1930187|Q214917|Q2526255|Q28389|Q36180|Q49757|Q6430706|Q6625963|Q82955,Q38,same-QID observed-name provenance + lexical audit,extension,,foreign
q4679585,Q4679585,ॲडम पारोरे,Adam Parore,ऍडम क्रेग पारोरे,Adam Craig Parore,mr,alias_observed,3,alias,alias,False,Q12299841,Q664,same-QID observed-name provenance + lexical audit,extension,,foreign
q3527828,Q3527828,मार्टिन डेव्हिड क्रोव,Martin David Crowe,मार्टीन क्रो,Martin Crowe,mr,alias_observed,3,alias,label,False,Q12299841,Q664,same-QID observed-name provenance + lexical audit,extension,,foreign
q4757536,Q4757536,अँड्रु जोन्स,Andrew Jones,अँड्रु हॉवर्ड जोन्स,Andrew Howard Jones,mr,alias_observed,3,alias,alias,False,Q12299841,Q664,same-QID observed-name provenance + lexical audit,extension,,foreign
q4980488,Q4980488,ब्रायन यूली,Bryan Yuile,ब्रायन विल्यम यूली,Bryan William Yuile,mr,alias_observed,3,alias,alias,False,Q12299841,Q664,same-QID observed-name provenance + lexical audit,extension,,foreign
q3531169,Q3531169,जेसी डॅनियेल रायडर,Jesse Daniel Ryder,जेस्सी रायडर,Jesse Ryder,mr,alias_observed,3,alias,label,False,Q12299841,Q664,same-QID observed-name provenance + lexical audit,extension,,foreign
q62891,Q62891,हाइके कॅमरलिंघ-ऑन्स,Heike Kamerlingh Onnes,हाइका केमरलिंघ ऑन्स,H. Kamerlingh Onnes,mr,alias_observed,3,alias,alias,False,Q1622272|Q169470|Q205375|Q901,Q29999,same-QID observed-name provenance + lexical audit,extension,,foreign
q57077,Q57077,कार्ल फर्डिनांड ब्रॉन,Karl Ferdinand Braun,फर्डिनन्ड ब्राउन,Ferdinand Braun,mr,alias_observed,3,alias,alias,False,Q1622272|Q169470|Q205375,Q27306|Q529605,same-QID observed-name provenance + lexical audit,extension,,foreign
q5386369,Q5386369,एरिक डेम्पस्टर,Eric Dempster,एरिक विल्यम डेम्पस्टर,Eric William Dempster,mr,alias_observed,3,alias,alias,False,Q12299841|Q2143894,Q664,same-QID observed-name provenance + lexical audit,extension,,foreign
q7453101,Q7453101,सेरेन वॉटर्स,Seren Waters,सेरेन रॉबर्ट वॉटर्स,Seren Robert Waters,mr,alias_observed,3,alias,alias,False,Q12299841,Q114,same-QID observed-name provenance + lexical audit,extension,,foreign
q57284,Q57284,औलावुर राग्नार ग्रिमसन,Ólafur Ragnar Grímsson,ओलाफुर राग्नार ग्रिमसन,Olafur Ragnar Grimsson,mr,alias_observed,3,alias,alias,False,Q1238570|Q1622272|Q82955,Q189,same-QID observed-name provenance + lexical audit,extension,,foreign
q297000,Q297000,हेन्ड्रिक व्हेरवोर्ड,Hendrik Verwoerd,हेन्ड्रिक फ्रेंश व्हेरवोर्ड,Hendrik Frensch Verwoerd,mr,alias_observed,3,alias,label,False,Q1622272|Q212980|Q2285706|Q82955,Q258,same-QID observed-name provenance + lexical audit,extension,,foreign
q3525850,Q3525850,हॅरोल्ड बॉमगार्टनर,Harold Baumgartner,हॅरोल्ड व्हेन बॉमगार्टनर,Harold Vane Baumgartner,mr,alias_observed,3,alias,alias,False,Q12299841,Q258,same-QID observed-name provenance + lexical audit,extension,,foreign
q55691,Q55691,शिरीष व्यंकटेश पै,Shirish Atre-Pai,शिरीष पै,Shirish Pai,mr,alias_observed,3,alias,alias,False,Q36180|Q49757|Q7019111,Q129286|Q1775277|Q668,same-QID observed-name provenance + lexical audit,extension,,native
q167281,Q167281,अँतोनियो दि नताल,Totò Di Natale,अंतोनियो दि नताल,Antonio Di Natale,mr,alias_observed,3,alias,label,False,Q628099|Q937857,Q38,same-QID observed-name provenance + lexical audit,extension,,foreign
q40262,Q40262,डेव्हिड ग्रॉस,David Gross,डेव्हिड जोनाथन ग्रोस,David Jonathan Gross,mr,alias_observed,3,alias,alias,False,Q118313857|Q1622272|Q169470|Q19350898,Q30,same-QID observed-name provenance + lexical audit,extension,,foreign
q215522,Q215522,ग्वियेर्मो ओचोआ,Memo Ochoa,गुइलीर्मो ओचा,Guillermo Ochoa,mr,alias_observed,3,alias,label,False,Q937857,Q96,same-QID observed-name provenance + lexical audit,extension,,foreign
q79983,Q79983,होजे मौरिन्हो,José Mourinho,योसे मॉरिन्हो,Jose Mourinho,mr,alias_observed,3,alias,alias,False,Q193391|Q628099|Q937857,Q45,same-QID observed-name provenance + lexical audit,extension,,foreign
q483145,Q483145,लुइस फिगो,Luís Figo,लुईस फिगो,Luis Figo,mr,alias_observed,3,alias,alias,False,Q937857,Q45,same-QID observed-name provenance + lexical audit,extension,,foreign
q6983527,Q6983527,नाझ्मुल होसेन,Nazmul Hossain,मोहम्मद नाझ्मुल होसेन,Mohammad Nazmul Hossain,mr,alias_observed,3,alias,alias,False,Q12299841,Q902,same-QID observed-name provenance + lexical audit,extension,,foreign
q3527698,Q3527698,खंडेराव रांगणेकर,Khandu Rangnekar,खंडेराव मोरेश्वर रांगणेकर,Khanderao Moreshwar Rangnekar,mr,alias_observed,3,alias,alias,False,Q12299841,Q129286|Q1775277|Q668,same-QID observed-name provenance + lexical audit,extension,,native
q80137,Q80137,एमिली ब्राँटी,Emily Brontë,एमिली ब्राँटे,Emily Bronte,mr,alias_observed,3,alias,alias,False,Q1540278|Q36180|Q37226|Q49757|Q6625963|Q8178443,Q174193,same-QID observed-name provenance + lexical audit,extension,,foreign
q5273218,Q5273218,डिक मोत्झ,Dick Motz,रिचर्ड चार्ल्स मोत्झ,Richard Charles Motz,mr,alias_observed,3,alias,alias,False,Q12299841|Q14089670,Q664,same-QID observed-name provenance + lexical audit,extension,,foreign
q57811,Q57811,राजा परवेझ अश्रफ,Raja Pervez Ashraf,राजा परवेज़ अशरफ़,Raja Pervaiz Ashraf,mr,alias_observed,3,alias,alias,False,Q131524|Q82955,Q843,same-QID observed-name provenance + lexical audit,extension,,foreign
q5673,Q5673,हान्स क्रिस्चियन अँडरसन,Hans Christian Andersen,हॅन्स ॲन्डरसन,Hans Andersen,mr,alias_observed,3,alias,alias,False,Q117442841|Q12356615|Q15949613|Q18814623|Q1930187|Q214917|Q3455803|Q36180|Q482980|Q4853732|Q49757|Q55400155|Q6625963|Q8178443,Q62651|Q756617,same-QID observed-name provenance + lexical audit,extension,,foreign
q7437332,Q7437332,स्कॉट स्टायरिस,Scott Styris,स्कॉट बर्नार्ड स्टायरिस,Scott Bernard Styris,mr,alias_observed,3,alias,alias,False,Q12299841,Q664,same-QID observed-name provenance + lexical audit,extension,,foreign
q80732,Q80732,तेनसिंग नोर्गे,Tenzing Norgay,शेर्पा तेनझिंग,Sherpa Tenzing,mr,alias_observed,3,alias,alias,False,Q11900058|Q18814623|Q819677|Q9149093,Q668|Q837,same-QID observed-name provenance + lexical audit,extension,,native
q7822480,Q7822480,टोनी ग्रे,Tony Gray,अँथोनी हॉलिस ग्रे,Anthony Hollis Gray,mr,alias_observed,3,alias,alias,False,Q12299841,Q258,same-QID observed-name provenance + lexical audit,extension,,foreign
q335533,Q335533,आदोल्फो लोपेझ मटियोस,Adolfo López Mateos,ऍडोल्फो लोपे मटियोस,Adolfo Lopez Mateos,mr,alias_observed,3,alias,alias,False,Q40348|Q82955,Q96,same-QID observed-name provenance + lexical audit,extension,,foreign
q30547,Q30547,मदर तेरेसा,Mother Teresa,ऍग्नेस गॉन्झा बोयाझियू,Agnes Gonxha Bojaxhiu,mr,alias_observed,3,alias,alias,False,Q191808|Q219477|Q2450226|Q28146366|Q55631411|Q639669|Q8178443,Q12560|Q1775277|Q222|Q30|Q668,same-QID observed-name provenance + lexical audit,extension,,native
q167211,Q167211,अॅलन गार्शिया,Alan García,ऍलन गार्शिया,Alan Garcia,mr,alias_observed,3,alias,alias,False,Q185351|Q2306091|Q36180|Q40348|Q82955,Q419,same-QID observed-name provenance + lexical audit,extension,,foreign
q3525889,Q3525889,अॅशलिन किलोवान,Ashlyn Kilowan,अॅशलिन पेट्रो कार्लाईल किलोवान,Ashlyn Petro Carlyle Kilowan,mr,alias_observed,3,alias,alias,False,Q12299841,Q258,same-QID observed-name provenance + lexical audit,extension,,foreign
q3242942,Q3242942,शॉन मार्श,Shaun Marsh,शॉन एडवर्ड मार्श,Shaun Edward Marsh,mr,alias_observed,3,alias,alias,False,Q12299841,Q408,same-QID observed-name provenance + lexical audit,extension,,foreign
q5284,Q5284,बिल गेट्स,Bill Gates,"विलियम हेनरी ""बिल"" गेट्स","William Henry ""Bill"" Gates",mr,alias_observed,3,alias,alias,False,Q12362622|Q131524|Q133253419|Q15472169|Q18437198|Q36180|Q4479442|Q5482740|Q557880|Q82594|Q911554,Q30,same-QID observed-name provenance + lexical audit,extension,,foreign
q2047162,Q2047162,अब्दुल कारदार,Abdul Kardar,अब्दुल हफीझ कारदार,Abdul Hafeez Kardar,mr,alias_observed,3,alias,label,False,Q12299841|Q193391|Q82955,Q129286|Q843,same-QID observed-name provenance + lexical audit,extension,,native
q229087,Q229087,श्वाई पेंग,Shuai Peng,पेंग श्वाई,Peng Shuai,mr,alias_observed,3,alias,label,False,Q10833314,Q148,same-QID observed-name provenance + lexical audit,extension,,foreign
q311425,Q311425,ग्वादालुपे व्हिक्टोरिया,Guadalupe Victoria,होजे मिगेल रमोन अदौक्तो फर्नान्देझ इ फेलिक्स,Jose Miguel Ramon Adaucto Fernandez y Felix,mr,alias_observed,3,alias,alias,False,Q40348|Q4991371|Q82955,Q170603|Q96,same-QID observed-name provenance + lexical audit,extension,,foreign
q3522047,Q3522047,जेसन क्रेझा,Jason Krejza,जेसन जॉन क्रेझा,Jason John Krejza,mr,alias_observed,3,alias,alias,False,Q12299841,Q36|Q408,same-QID observed-name provenance + lexical audit,extension,,foreign
q3526352,Q3526352,जॅक रिचर्ड्स,Jack Richards,क्लिफ्टन जेम्स रिचर्ड्स,Clifton James Richards,mr,alias_observed,3,alias,alias,False,Q12299841|Q2826107|Q41583,Q145,same-QID observed-name provenance + lexical audit,extension,,foreign
q3531354,Q3531354,टोनी हिल,Tony Hill,अँथोनी लॉईड हिल,Anthony Lloyd Hill,mr,alias_observed,3,alias,alias,False,Q12299841|Q2143894,Q664,same-QID observed-name provenance + lexical audit,extension,,foreign
q382919,Q382919,मनोएल फेरेझ दि काम्पोस सॅलेस,Manuel Ferraz de Campos Sales,मनोएल फेराझ दि कॅम्पोस सॅलेस,Manoel Ferraz de Campos Salles,mr,alias_observed,3,alias,alias,False,Q131512|Q40348|Q82955,Q155,same-QID observed-name provenance + lexical audit,extension,,foreign
q41523,Q41523,प्लूटार्क,Plutarch,प्लुटार्क,Plutarchus,mr,alias_observed,3,alias,alias,False,Q11774202|Q201788|Q36180|Q42603|Q4594605|Q4964182|Q864380,Q1747689,same-QID observed-name provenance + lexical audit,extension,,foreign
q46502,Q46502,हुआन सेबास्टियान व्हेरॉन,Juan Sebastián Verón,यॉन सॅबेस्टीयन वेरॉन,Juan Sebastian Veron,mr,alias_observed,3,alias,alias,False,Q937857,Q414,same-QID observed-name provenance + lexical audit,extension,,foreign
q485547,Q485547,औरंगजेब,Aurangzeb,औरन्गजेब,Aurungzebe,mr,alias_observed,3,alias,alias,False,Q116,,same-QID observed-name provenance + lexical audit,extension,,foreign
q4899341,Q4899341,बेव्हन कॉँग्डन,Bevan Congdon,बेव्हन अर्नेस्ट काँग्डन,Bevan Ernest Congdon,mr,alias_observed,3,alias,alias,False,Q12299841,Q664,same-QID observed-name provenance + lexical audit,extension,,foreign
q50020,Q50020,जॉन स्टुअर्ट मिल,John Stuart Mill,जे.एस. मिल,J. S. Mill,mr,alias_observed,3,alias,alias,False,Q1227195|Q16611574|Q188094|Q18814623|Q188958|Q2083925|Q27532437|Q36180|Q4964182|Q738142|Q82955,Q174193,same-QID observed-name provenance + lexical audit,extension,,foreign
q508255,Q508255,डॅनियेल अग्यै,Daniel Agyei,डॅनियेल नाना अग्यै,Daniel Yaw Agyei,mr,alias_observed,3,alias,alias,False,Q937857,Q117|Q29999,same-QID observed-name provenance + lexical audit,extension,,foreign
q5639010,Q5639010,हैडी टिफेन,Haidee Tiffen,हैडी मरी टिफेन,Haidee Maree Tiffen,mr,alias_observed,3,alias,alias,False,Q12299841,Q664,same-QID observed-name provenance + lexical audit,extension,,foreign
q57072,Q57072,ऑट्टो स्टर्न,Otto Stern,ओटो स्टर्न,O. Stern,mr,alias_observed,3,alias,alias,False,Q1622272|Q169470|Q593644,Q183|Q30,same-QID observed-name provenance + lexical audit,extension,,foreign
q681723,Q681723,हान्सी क्रोन्ये,Hansie Cronje,वेसल जोहान्स क्रोन्ये,Wessel Johannes Cronje,mr,alias_observed,3,alias,alias,False,Q12299841,Q258,same-QID observed-name provenance + lexical audit,extension,,foreign
q33817,Q33817,सर एडमंड पर्सिव्हाल हिलरी,Sir Edmund Percival Hillary,एडमुन्ड हीलरी,Edmund Hillary,mr,alias_observed,3,alias,label,False,Q11900058|Q12362622|Q18814623|Q193391|Q852389|Q9149093,Q664,same-QID observed-name provenance + lexical audit,extension,,foreign
q296183,Q296183,इगॉर व्हॅलेरीविच आंद्रीव,Igor Valeryevich Andreev,इगोर आन्द्रीव,Igor Andreev,mr,alias_observed,3,alias,label,False,Q10833314,Q159,same-QID observed-name provenance + lexical audit,extension,,foreign
q3520021,Q3520021,केप्लर वेसल्स,Kepler Wessels,केप्लर क्रिस्टोफेल वेसल्स,Kepler Christoffel Wessels,mr,alias_observed,3,alias,alias,False,Q12299841,Q258|Q408,same-QID observed-name provenance + lexical audit,extension,,foreign
q160852,Q160852,विल्यम इवार्ट ग्लॅडस्टोन,William Ewart Gladstone,विल्यम ग्लॅडस्टोन,William Gladstone,mr,alias_observed,3,alias,alias,False,Q193391|Q2285706|Q2732142|Q36180|Q82955,Q145|Q174193,same-QID observed-name provenance + lexical audit,extension,,foreign
q192245,Q192245,सुझन बी. अँथोनी,Susan B. Anthony,सूसन ब्राउनल एंथनी,Susan Brownell Anthony,mr,alias_observed,3,alias,alias,False,Q1021386|Q12526417|Q1476215|Q27532437|Q28692502|Q34074720|Q36180,Q30,same-QID observed-name provenance + lexical audit,extension,,foreign
q313140,Q313140,क्विन्सी ओवुसु-अबेयी,Quincy Owusu-Abeyie,क्विन्सी जेम्स ओवुसु-अबेयी,Quincy James Owusu-Abeyie,mr,alias_observed,3,alias,alias,False,Q937857,Q117|Q29999,same-QID observed-name provenance + lexical audit,extension,,foreign
q7421708,Q7421708,सॅरा जेड मॅकग्लाशान,Sara Jade McGlashan,सारा मॅकग्लाशान,Sara McGlashan,mr,alias_observed,3,alias,label,False,Q12299841,Q664,same-QID observed-name provenance + lexical audit,extension,,foreign
q157578,Q157578,अलेक्झांडर आर्किपेंको,Alexander Archipenko,अलेक्जेंडर पोर्फिरोविच आर्चिपेंको,Aleksandr Porfirevic Archipenko,mr,alias_observed,3,alias,alias,False,Q1028181|Q1281618|Q2079935|Q22343478|Q33231|Q5322166|Q627325|Q644687,Q30|Q34266,same-QID observed-name provenance + lexical audit,extension,,foreign
q370568,Q370568,उवा एल्डरसन एचिएजिले,Elderson Uwa Echiejile,उवा एल्डरसन एचीजीले,Elderson Uwa Echiéjilé,mr,alias_observed,3,alias,alias,False,Q937857,Q1033,same-QID observed-name provenance + lexical audit,extension,,foreign
